# MagicaVoxel @ Ephtracy

# group
o Untitled

# material
mtllib seagrass.mtl
usemtl palette

# normals
vn -1 0 0
vn 1 0 0
vn 0 -1 0
vn 0 1 0
vn 0 0 -1
vn 0 0 1

# texcoords
vt 0.0839844 0.5
vt 0.111328 0.5
vt 0.251953 0.5
vt 0.279297 0.5
vt 0.392578 0.5
vt 0.419922 0.5
vt 0.849609 0.5
vt 0.853516 0.5
vt 0.857422 0.5
vt 0.861328 0.5
vt 0.865234 0.5

# verts
v -1.6 -1.4 -1.5
v -1.6 -1.3 -1.5
v -1.6 -1.5 -1.4
v -1.6 -1.4 -1.4
v -1.6 -1.3 -1.4
v -1.6 -1.2 -1.4
v -1.6 -1.6 -1.3
v -1.6 -1.5 -1.3
v -1.6 -1.7 -1.2
v -1.6 -1.6 -1.2
v -1.6 -1.4 -1.2
v -1.6 -1.3 -1.2
v -1.6 -1.2 -1.2
v -1.6 -1.7 -1.1
v -1.6 -1.6 -1.1
v -1.6 -1.5 -1.1
v -1.6 -1.4 -1.1
v -1.6 -1.6 -1
v -1.6 -1.5 -1
v -1.6 -2.5 -0.3
v -1.6 -2 -0.3
v -1.6 -1.8 -0.3
v -1.6 -2 -0.1
v -1.6 -1.8 -0.1
v -1.6 -2.5 0
v -1.6 -2 0
v -1.5 -1.3 -1.5
v -1.5 -1.2 -1.5
v -1.5 -1.3 -1.4
v -1.5 -1.2 -1.4
v -1.5 -1.7 -1.1
v -1.5 -1.6 -1.1
v -1.5 -1.7 -1
v -1.5 -1.6 -1
v -1.5 -2.4 -0.4
v -1.5 -2.1 -0.4
v -1.5 -2.6 -0.3
v -1.5 -2.5 -0.3
v -1.5 -2.4 -0.3
v -1.5 -2.1 -0.3
v -1.5 -2.6 0
v -1.5 -2.5 0
v -1.5 -2.1 0
v -1.5 -2.5 0.1
v -1.5 -2.1 0.1
v -1.4 -1.9 -1.1
v -1.4 -1.7 -1.1
v -1.4 -1.7 -1
v -1.4 -1.6 -1
v -1.4 -1.9 -0.9
v -1.4 -1.6 -0.9
v -1.4 -2.5 -0.4
v -1.4 -2.4 -0.4
v -1.4 -2.7 -0.3
v -1.4 -2.6 -0.3
v -1.4 -2.5 -0.3
v -1.4 -2.4 -0.3
v -1.4 -1.8 -0.3
v -1.4 -1.7 -0.3
v -1.4 -1.7 -0.2
v -1.4 -1.6 -0.2
v -1.4 -0.9 -0.2
v -1.4 -0.6 -0.2
v -1.4 -1.8 -0.1
v -1.4 -1.7 -0.1
v -1.4 -1.6 -0.1
v -1.4 -0.9 -0.1
v -1.4 -0.6 -0.1
v -1.4 -2.6 0
v -1.4 -2.7 0.1
v -1.4 -2.6 0.1
v -1.4 -2.4 0.1
v -1.4 -2.2 0.1
v -1.4 -2.4 0.2
v -1.4 -2.2 0.2
v -1.4 -1.2 0.2
v -1.4 -1.1 0.2
v -1.4 -1.2 0.3
v -1.4 -1.1 0.3
v -1.4 -2.8 0.8
v -1.4 -2.7 0.8
v -1.4 -2.8 1.2
v -1.4 -2.7 1.2
v -1.3 -2.8 -1
v -1.3 -2.7 -1
v -1.3 -1.9 -0.9
v -1.3 -1.7 -0.9
v -1.3 -2.8 -0.8
v -1.3 -2.7 -0.8
v -1.3 -1.9 -0.8
v -1.3 -1.7 -0.8
v -1.3 -2.8 -0.5
v -1.3 -2.5 -0.5
v -1.3 -2.6 -0.4
v -1.3 -2.5 -0.4
v -1.3 -2.8 -0.3
v -1.3 -2.7 -0.3
v -1.3 -2.6 -0.3
v -1.3 -1.7 -0.3
v -1.3 -1.5 -0.3
v -1.3 -1.7 -0.2
v -1.3 -1.6 -0.2
v -1.3 -1.5 -0.2
v -1.3 -1.3 -0.2
v -1.3 -1.1 -0.2
v -1.3 -1 -0.2
v -1.3 -0.9 -0.2
v -1.3 -0.6 -0.2
v -1.3 -0.4 -0.2
v -1.3 -0.3 -0.2
v -1.3 -1.6 -0.1
v -1.3 -1.5 -0.1
v -1.3 -1.3 -0.1
v -1.3 -1.1 -0.1
v -1.3 -1 -0.1
v -1.3 -0.9 -0.1
v -1.3 -0.8 -0.1
v -1.3 -0.7 -0.1
v -1.3 -0.6 -0.1
v -1.3 -0.4 -0.1
v -1.3 -0.3 -0.1
v -1.3 -2.8 0
v -1.3 -2.7 0
v -1.3 -2.6 0
v -1.3 -2.5 0
v -1.3 -0.8 0
v -1.3 -0.7 0
v -1.3 -2.6 0.1
v -1.3 -2.5 0.1
v -1.3 -1.1 0.2
v -1.3 -1 0.2
v -1.3 -1.2 0.3
v -1.3 -1.1 0.3
v -1.3 -1.1 0.4
v -1.3 -1 0.4
v -1.3 -1.2 0.5
v -1.3 -1.1 0.5
v -1.3 -2.7 1
v -1.3 -2.6 1
v -1.3 -2.6 1.1
v -1.3 -2.5 1.1
v -1.3 -2.8 1.2
v -1.3 -2.7 1.2
v -1.3 -2.7 1.3
v -1.3 -2.5 1.3
v -1.3 -2.8 1.4
v -1.3 -2.7 1.4
v -1.2 -2 -1
v -1.2 -1.9 -1
v -1.2 -2.8 -0.8
v -1.2 -2.7 -0.8
v -1.2 -2.6 -0.8
v -1.2 -1.9 -0.8
v -1.2 -1.8 -0.8
v -1.2 -2 -0.7
v -1.2 -1.8 -0.7
v -1.2 -2.8 -0.5
v -1.2 -2.7 -0.5
v -1.2 -2.6 -0.5
v -1.2 -2.6 -0.4
v -1.2 -2.5 -0.4
v -1.2 -1.8 -0.4
v -1.2 -1.7 -0.4
v -1.2 -2.6 -0.3
v -1.2 -2.5 -0.3
v -1.2 -1.8 -0.3
v -1.2 -1.7 -0.3
v -1.2 -1.5 -0.3
v -1.2 -1.3 -0.3
v -1.2 -1.8 -0.2
v -1.2 -1.7 -0.2
v -1.2 -1.5 -0.2
v -1.2 -1.3 -0.2
v -1.2 -1.1 -0.2
v -1.2 -1.3 -0.1
v -1.2 -1.1 -0.1
v -1.2 -0.9 -0.1
v -1.2 -0.8 -0.1
v -1.2 -0.7 -0.1
v -1.2 -0.6 -0.1
v -1.2 -2.8 0
v -1.2 -2.7 0
v -1.2 -2.4 0
v -1.2 -2.3 0
v -1.2 -0.9 0
v -1.2 -0.8 0
v -1.2 -0.7 0
v -1.2 -0.6 0
v -1.2 -2.7 0.1
v -1.2 -2.6 0.1
v -1.2 -2.4 0.1
v -1.2 -2.3 0.1
v -1.2 -2.6 0.2
v -1.2 -2.5 0.2
v -1.2 -2.6 0.3
v -1.2 -2.5 0.3
v -1.2 -1.3 0.3
v -1.2 -1.2 0.3
v -1.2 -2.7 0.4
v -1.2 -2.6 0.4
v -1.2 -1.3 0.5
v -1.2 -1.2 0.5
v -1.2 -2.8 0.7
v -1.2 -2.7 0.7
v -1.2 -2.6 1
v -1.2 -2.5 1
v -1.2 -2.6 1.1
v -1.2 -2.5 1.1
v -1.2 -2.8 1.4
v -1.2 -2.7 1.4
v -1.2 -2.8 1.5
v -1.2 -2.7 1.5
v -1.1 -2.8 -1.2
v -1.1 -2.7 -1.2
v -1.1 -2.8 -1
v -1.1 -2.7 -1
v -1.1 -2.1 -1
v -1.1 -2 -1
v -1.1 -2.7 -0.9
v -1.1 -2.6 -0.9
v -1.1 -2.7 -0.8
v -1.1 -2.6 -0.8
v -1.1 -2.1 -0.8
v -1.1 -2 -0.8
v -1.1 -2.6 -0.7
v -1.1 -2.5 -0.7
v -1.1 -2.6 -0.5
v -1.1 -2.5 -0.5
v -1.1 -2.3 -0.3
v -1.1 -2.2 -0.3
v -1.1 -2.3 -0.2
v -1.1 -2.2 -0.2
v -1.1 -2.3 -0.1
v -1.1 -2.2 -0.1
v -1.1 -2.3 0
v -1.1 -2.2 0
v -1.1 -2.6 0.1
v -1.1 -2.5 0.1
v -1.1 -0.5 0.1
v -1.1 -0.4 0.1
v -1.1 -2.6 0.2
v -1.1 -2.5 0.2
v -1.1 -0.5 0.2
v -1.1 -0.4 0.2
v -1.1 -2.7 0.4
v -1.1 -2.6 0.4
v -1.1 -2.7 0.5
v -1.1 -2.6 0.5
v -1.1 -1.3 0.5
v -1.1 -1.2 0.5
v -1.1 -1.3 0.6
v -1.1 -1.2 0.6
v -1.1 -2.8 0.7
v -1.1 -2.7 0.7
v -1.1 -2.6 0.7
v -1.1 -2.8 0.8
v -1.1 -2.7 0.8
v -1.1 -2.7 0.9
v -1.1 -2.6 0.9
v -1.1 -2.5 1.1
v -1.1 -2.4 1.1
v -1.1 -2.7 1.3
v -1.1 -2.6 1.3
v -1.1 -2.5 1.3
v -1.1 -2.4 1.3
v -1.1 -2.3 1.3
v -1.1 -2.7 1.4
v -1.1 -2.6 1.4
v -1.1 -2.3 1.4
v -1.1 -2.8 1.5
v -1.1 -2.7 1.5
v -1.1 -2.8 1.6
v -1.1 -2.7 1.6
v -1 -2.3 -1
v -1 -2.1 -1
v -1 -2.3 -0.9
v -1 -2.2 -0.9
v -1 -2.2 -0.8
v -1 -2.1 -0.8
v -1 -2.8 -0.5
v -1 -2.7 -0.5
v -1 -2.8 -0.4
v -1 -2.7 -0.4
v -1 -2.1 -0.3
v -1 -2 -0.3
v -1 -1.9 -0.3
v -1 -2.1 -0.2
v -1 -2 -0.2
v -1 -2.2 -0.1
v -1 -2.1 -0.1
v -1 -2 -0.1
v -1 -1.9 -0.1
v -1 -2.6 0
v -1 -2.5 0
v -1 -2.4 0
v -1 -2.2 0
v -1 -2.1 0
v -1 -0.5 0
v -1 -0.4 0
v -1 -2.6 0.1
v -1 -2.5 0.1
v -1 -2.4 0.1
v -1 -0.5 0.1
v -1 -0.4 0.1
v -1 -0.3 0.1
v -1 -0.5 0.2
v -1 -0.4 0.2
v -1 -0.5 0.3
v -1 -0.3 0.3
v -1 -1.5 0.4
v -1 -1.3 0.4
v -1 -2.7 0.5
v -1 -2.6 0.5
v -1 -1.5 0.5
v -1 -1.4 0.5
v -1 -2.7 0.6
v -1 -2.6 0.6
v -1 -1.5 0.6
v -1 -1.4 0.6
v -1 -1.3 0.6
v -1 -1.4 0.7
v -1 -1.3 0.7
v -1 -2.8 0.8
v -1 -2.7 0.8
v -1 -2.8 0.9
v -1 -2.7 0.9
v -1 -2.3 1.1
v -1 -2.2 1.1
v -1 -2.4 1.2
v -1 -2.3 1.2
v -1 -2.2 1.2
v -1 -2.4 1.3
v -1 -2.3 1.3
v -1 -2.7 1.4
v -1 -2.6 1.4
v -1 -2.4 1.4
v -1 -2.7 1.5
v -1 -2.6 1.5
v -1 -2.4 1.5
v -0.9 -2.4 -1.1
v -0.9 -2.3 -1.1
v -0.9 -2.4 -1
v -0.9 -2.3 -1
v -0.9 -2.3 -0.9
v -0.9 -2.2 -0.9
v -0.9 -2.3 -0.8
v -0.9 -2.2 -0.8
v -0.9 -2.3 -0.3
v -0.9 -2.2 -0.3
v -0.9 -1.9 -0.2
v -0.9 -1.8 -0.2
v -0.9 -1.7 -0.2
v -0.9 -1.6 -0.2
v -0.9 -1.4 -0.2
v -0.9 -2.3 -0.1
v -0.9 -2.2 -0.1
v -0.9 -1.9 -0.1
v -0.9 -1.8 -0.1
v -0.9 -1.7 -0.1
v -0.9 -1.6 -0.1
v -0.9 -1.4 -0.1
v -0.9 -0.7 0
v -0.9 -0.5 0
v -0.9 -2.6 0.1
v -0.9 -2.5 0.1
v -0.9 -0.7 0.1
v -0.9 -0.6 0.1
v -0.9 -0.5 0.1
v -0.9 -2.6 0.2
v -0.9 -2.5 0.2
v -0.9 -0.6 0.2
v -0.9 -0.5 0.2
v -0.9 -1.6 0.5
v -0.9 -1.5 0.5
v -0.9 -1.5 0.6
v -0.9 -1.4 0.6
v -0.9 -1.6 0.7
v -0.9 -1.4 0.7
v -0.9 -2.7 0.9
v -0.9 -2.6 0.9
v -0.9 -2.7 1
v -0.9 -2.6 1
v -0.9 -2.2 1
v -0.9 -2 1
v -0.9 -2.2 1.1
v -0.9 -2.3 1.2
v -0.9 -2.2 1.2
v -0.9 -2 1.2
v -0.9 -2.3 1.3
v -0.9 -2.2 1.3
v -0.9 -2.4 1.4
v -0.9 -2.3 1.4
v -0.9 -2.4 1.5
v -0.9 -2.3 1.5
v -0.8 -2.6 -1.1
v -0.8 -2.4 -1.1
v -0.8 -2.6 -1
v -0.8 -2.5 -1
v -0.8 -2.4 -1
v -0.8 -2.3 -1
v -0.8 -2.5 -0.9
v -0.8 -2.4 -0.9
v -0.8 -2.4 -0.8
v -0.8 -2.3 -0.8
v -0.8 -2.6 -0.7
v -0.8 -2.5 -0.7
v -0.8 -2.5 -0.6
v -0.8 -2.4 -0.6
v -0.8 -2.4 -0.4
v -0.8 -2.3 -0.4
v -0.8 -2.6 -0.3
v -0.8 -2.5 -0.3
v -0.8 -2.4 -0.3
v -0.8 -2.3 -0.3
v -0.8 -1.9 -0.3
v -0.8 -1.8 -0.3
v -0.8 -2.4 -0.2
v -0.8 -2.3 -0.2
v -0.8 -1.9 -0.2
v -0.8 -1.8 -0.2
v -0.8 -1.7 -0.2
v -0.8 -1.4 -0.2
v -0.8 -1.1 -0.2
v -0.8 -1 -0.2
v -0.8 -0.9 -0.2
v -0.8 -0.3 -0.2
v -0.8 -2.4 -0.1
v -0.8 -2.3 -0.1
v -0.8 -2.2 -0.1
v -0.8 -1.8 -0.1
v -0.8 -1.7 -0.1
v -0.8 -1.4 -0.1
v -0.8 -1.1 -0.1
v -0.8 -1 -0.1
v -0.8 -0.6 -0.1
v -0.8 -0.3 -0.1
v -0.8 -2.5 0
v -0.8 -2.4 0
v -0.8 -2.3 0
v -0.8 -2.2 0
v -0.8 -0.9 0
v -0.8 -0.7 0
v -0.8 -0.6 0
v -0.8 -2.5 0.1
v -0.8 -2.4 0.1
v -0.8 -0.7 0.1
v -0.8 -0.6 0.1
v -0.8 -0.7 0.2
v -0.8 -0.6 0.2
v -0.8 -1.7 0.6
v -0.8 -1.6 0.6
v -0.8 -1.6 0.7
v -0.8 -1.5 0.7
v -0.8 -1.7 0.8
v -0.8 -1.5 0.8
v -0.8 -2.7 1.1
v -0.8 -2.6 1.1
v -0.8 -2.7 1.2
v -0.8 -2.6 1.2
v -0.8 -2.2 1.2
v -0.8 -2.1 1.2
v -0.8 -2.3 1.3
v -0.8 -2.2 1.3
v -0.8 -2.1 1.3
v -0.8 -2.3 1.4
v -0.8 -2.2 1.4
v -0.7 -2.6 -1
v -0.7 -2.5 -1
v -0.7 -2.6 -0.9
v -0.7 -2.5 -0.9
v -0.7 -2.7 -0.8
v -0.7 -2.6 -0.8
v -0.7 -2.7 -0.7
v -0.7 -2.6 -0.7
v -0.7 -2.2 -0.3
v -0.7 -2.1 -0.3
v -0.7 -2.2 -0.2
v -0.7 -2.1 -0.2
v -0.7 -1 -0.2
v -0.7 -0.9 -0.2
v -0.7 -0.3 -0.2
v -0.7 -0.2 -0.2
v -0.7 2.38419e-07 -0.2
v -0.7 -1 -0.1
v -0.7 -0.9 -0.1
v -0.7 -0.6 -0.1
v -0.7 -0.3 -0.1
v -0.7 -0.2 -0.1
v -0.7 2.38419e-07 -0.1
v -0.7 -0.6 0
v -0.7 -0.5 0
v -0.7 -0.3 0
v -0.7 -2.6 0.1
v -0.7 -2.5 0.1
v -0.7 -2.6 0.2
v -0.7 -2.5 0.2
v -0.7 -2.6 0.3
v -0.7 -2.5 0.3
v -0.7 -2.7 0.4
v -0.7 -2.6 0.4
v -0.7 -2.7 0.5
v -0.7 -2.6 0.5
v -0.7 -1.8 0.7
v -0.7 -1.7 0.7
v -0.7 -1.7 0.8
v -0.7 -2 0.9
v -0.7 -1.8 0.9
v -0.7 -2 1
v -0.7 -1.8 1
v -0.7 -1.7 1
v -0.7 -2 1.1
v -0.7 -1.8 1.1
v -0.7 -2.8 1.4
v -0.7 -2.7 1.4
v -0.7 -2.3 1.4
v -0.7 -2.2 1.4
v -0.7 -2.8 1.5
v -0.7 -2.7 1.5
v -0.7 -2.3 1.5
v -0.7 -2.2 1.5
v -0.6 -2.8 -1.5
v -0.6 -2.7 -1.5
v -0.6 -2.7 -1.4
v -0.6 -2.6 -1.4
v -0.6 -2.7 -1.3
v -0.6 -2.6 -1.3
v -0.6 -2.7 -1.2
v -0.6 -2.5 -1.2
v -0.6 -2.8 -1.1
v -0.6 -2.7 -1.1
v -0.6 -2.6 -1.1
v -0.6 -2.5 -1.1
v -0.6 -2.8 -1
v -0.6 -2.7 -1
v -0.6 -2.6 -1
v -0.6 -2.8 -0.9
v -0.6 -2.7 -0.9
v -0.6 -0.7 -0.8
v -0.6 -0.6 -0.8
v -0.6 -0.7 -0.7
v -0.6 -0.6 -0.7
v -0.6 -2.4 -0.4
v -0.6 -2.3 -0.4
v -0.6 -2.4 -0.3
v -0.6 -2.3 -0.3
v -0.6 -1.8 -0.3
v -0.6 -1.7 -0.3
v -0.6 -1.8 -0.2
v -0.6 -1.7 -0.2
v -0.6 -0.5 -0.2
v -0.6 -0.4 -0.2
v -0.6 -2.8 -0.1
v -0.6 -2.7 -0.1
v -0.6 -0.5 -0.1
v -0.6 -0.4 -0.1
v -0.6 -2.8 0
v -0.6 -2.7 0
v -0.6 -1.7 0.8
v -0.6 -1.6 0.8
v -0.6 -2.1 0.9
v -0.6 -2 0.9
v -0.6 -1.7 0.9
v -0.6 -1.6 0.9
v -0.6 -2.1 1
v -0.6 -2 1
v -0.6 -1.8 1
v -0.6 -1.7 1
v -0.6 -1.8 1.1
v -0.6 -1.7 1.1
v -0.5 -2.7 -1.5
v -0.5 -2.6 -1.5
v -0.5 -2.7 -1.4
v -0.5 -2.6 -1.4
v -0.5 -2.5 -1.4
v -0.5 -2.7 -1.3
v -0.5 -2.6 -1.3
v -0.5 -2.7 -1.2
v -0.5 -2.6 -1.2
v -0.5 -2.5 -1.2
v -0.5 -2.8 -1.1
v -0.5 -2.7 -1.1
v -0.5 -2.8 -1
v -0.5 -2.7 -1
v -0.5 -2.6 -1
v -0.5 -2.7 -0.9
v -0.5 -2.6 -0.9
v -0.5 -0.7 -0.9
v -0.5 -0.6 -0.9
v -0.5 -0.7 -0.8
v -0.5 -0.6 -0.8
v -0.5 -0.5 -0.8
v -0.5 -0.8 -0.7
v -0.5 -0.7 -0.7
v -0.5 -0.6 -0.7
v -0.5 -0.5 -0.7
v -0.5 -2.6 -0.6
v -0.5 -2.5 -0.6
v -0.5 -0.8 -0.6
v -0.5 -0.7 -0.6
v -0.5 -0.6 -0.6
v -0.5 -2.6 -0.5
v -0.5 -2.5 -0.5
v -0.5 -2.3 -0.1
v -0.5 -2.2 -0.1
v -0.5 -2.5 0
v -0.5 -2.4 0
v -0.5 -2.3 0
v -0.5 -2.2 0
v -0.5 -2.6 0.1
v -0.5 -2.5 0.1
v -0.5 -2.4 0.1
v -0.5 -2.6 0.2
v -0.5 -2.5 0.2
v -0.5 -1.9 0.8
v -0.5 -1.8 0.8
v -0.5 -1.9 0.9
v -0.5 -1.8 0.9
v -0.4 -2.8 -1.6
v -0.4 -2.7 -1.6
v -0.4 -2.8 -1.5
v -0.4 -2.7 -1.5
v -0.4 -2.6 -1.5
v -0.4 -2.5 -1.5
v -0.4 -2.1 -1.5
v -0.4 -2 -1.5
v -0.4 -1.8 -1.5
v -0.4 -1.7 -1.5
v -0.4 -2.6 -1.4
v -0.4 -2.5 -1.4
v -0.4 -2.4 -1.4
v -0.4 -2.2 -1.4
v -0.4 -2.1 -1.4
v -0.4 -2 -1.4
v -0.4 -1.9 -1.4
v -0.4 -1.8 -1.4
v -0.4 -1.7 -1.4
v -0.4 -2.4 -1.3
v -0.4 -2.2 -1.3
v -0.4 -1.9 -1.3
v -0.4 -2.5 -1.2
v -0.4 -2.4 -1.2
v -0.4 -0.8 -0.8
v -0.4 -0.7 -0.8
v -0.4 -0.9 -0.7
v -0.4 -0.8 -0.7
v -0.4 -0.7 -0.7
v -0.4 -1 -0.6
v -0.4 -0.9 -0.6
v -0.4 -0.8 -0.6
v -0.4 -0.7 -0.6
v -0.4 -0.6 -0.6
v -0.4 -1 -0.5
v -0.4 -0.6 -0.5
v -0.4 -2.3 -0.3
v -0.4 -2.2 -0.3
v -0.4 -2.3 -0.2
v -0.4 -2.2 -0.2
v -0.4 -2 -0.2
v -0.4 -1.9 -0.2
v -0.4 -2.4 -0.1
v -0.4 -2.3 -0.1
v -0.4 -2 -0.1
v -0.4 -1.9 -0.1
v -0.4 -1.6 -0.1
v -0.4 -1.5 -0.1
v -0.4 -2.4 0
v -0.4 -2.3 0
v -0.4 -1.6 0
v -0.4 -1.5 0
v -0.4 -2.6 0.2
v -0.4 -2.5 0.2
v -0.4 -2.7 0.3
v -0.4 -2.6 0.3
v -0.4 -2.6 0.4
v -0.4 -2.5 0.4
v -0.4 -2.7 0.5
v -0.4 -2.6 0.5
v -0.4 -2.8 0.6
v -0.4 -2.7 0.6
v -0.4 -2.8 0.7
v -0.4 -2.7 0.7
v -0.4 -1.8 0.8
v -0.4 -1.7 0.8
v -0.4 -1.8 0.9
v -0.4 -1.7 0.9
v -0.3 -2.7 -1.6
v -0.3 -2.6 -1.6
v -0.3 -2.7 -1.5
v -0.3 -2.6 -1.5
v -0.3 -2 -1.5
v -0.3 -1.8 -1.5
v -0.3 -1.7 -1.5
v -0.3 -1.6 -1.5
v -0.3 -2 -1.4
v -0.3 -1.9 -1.4
v -0.3 -1.8 -1.4
v -0.3 -1.7 -1.4
v -0.3 -1.6 -1.4
v -0.3 -2.4 -1.3
v -0.3 -2.2 -1.3
v -0.3 -2.1 -1.3
v -0.3 -1.9 -1.3
v -0.3 -1.8 -1.3
v -0.3 -2.4 -1.2
v -0.3 -2.1 -1.2
v -0.3 -1.9 -1.2
v -0.3 -1 -0.7
v -0.3 -0.9 -0.7
v -0.3 -1.1 -0.6
v -0.3 -1 -0.6
v -0.3 -0.9 -0.6
v -0.3 -1.1 -0.5
v -0.3 -1 -0.5
v -0.3 -0.9 -0.5
v -0.3 -0.7 -0.5
v -0.3 -2.2 -0.4
v -0.3 -2.1 -0.4
v -0.3 -1.1 -0.4
v -0.3 -0.9 -0.4
v -0.3 -0.7 -0.4
v -0.3 -2.8 -0.3
v -0.3 -2.7 -0.3
v -0.3 -2.2 -0.3
v -0.3 -2.1 -0.3
v -0.3 -1.1 -0.3
v -0.3 -0.9 -0.3
v -0.3 -2.8 -0.2
v -0.3 -2.7 -0.2
v -0.3 -2.2 -0.2
v -0.3 -2.1 -0.2
v -0.3 -2 -0.2
v -0.3 -1.7 -0.2
v -0.3 -1.5 -0.2
v -0.3 -1.4 -0.2
v -0.3 -2.1 -0.1
v -0.3 -2 -0.1
v -0.3 -1.9 -0.1
v -0.3 -1.8 -0.1
v -0.3 -1.7 -0.1
v -0.3 -1.6 -0.1
v -0.3 -1.5 -0.1
v -0.3 -2.5 0
v -0.3 -2.3 0
v -0.3 -1.9 0
v -0.3 -1.6 0
v -0.3 -1.5 0
v -0.3 -1.5 0.1
v -0.3 -1.4 0.1
v -0.3 -2.5 0.2
v -0.3 -2.3 0.2
v -0.3 -1.7 0.8
v -0.3 -1.5 0.8
v -0.3 -1.7 1
v -0.3 -1.6 1
v -0.3 -1.7 1.1
v -0.3 -1.6 1.1
v -0.3 -1.5 1.1
v -0.2 -1.8 -1.4
v -0.2 -1.6 -1.4
v -0.2 -1.9 -1.3
v -0.2 -1.8 -1.3
v -0.2 -1.6 -1.3
v -0.2 -1.9 -1.2
v -0.2 -1.8 -1.2
v -0.2 -1.2 -0.5
v -0.2 -1.1 -0.5
v -0.2 -1.3 -0.4
v -0.2 -1.2 -0.4
v -0.2 -1.1 -0.4
v -0.2 -1.9 -0.3
v -0.2 -1.7 -0.3
v -0.2 -1.4 -0.3
v -0.2 -1.3 -0.3
v -0.2 -1.2 -0.3
v -0.2 -1.1 -0.3
v -0.2 -2.8 -0.2
v -0.2 -2.7 -0.2
v -0.2 -1.9 -0.2
v -0.2 -1.7 -0.2
v -0.2 -1.4 -0.2
v -0.2 -1.2 -0.2
v -0.2 -1.1 -0.2
v -0.2 -2.3 -0.1
v -0.2 -2.2 -0.1
v -0.2 -2.8 0
v -0.2 -2.7 0
v -0.2 -1.4 0
v -0.2 -1.2 0
v -0.2 -2.3 0.1
v -0.2 -2.2 0.1
v -0.2 -2.5 0.2
v -0.2 -2.4 0.2
v -0.2 -2.6 0.3
v -0.2 -2.5 0.3
v -0.2 -2.7 0.4
v -0.2 -2.6 0.4
v -0.2 -2.5 0.4
v -0.2 -2.4 0.4
v -0.2 -2.8 0.7
v -0.2 -2.7 0.7
v -0.2 -2.6 0.7
v -0.2 -2.8 0.8
v -0.2 -2.7 0.8
v -0.1 -1.6 -1.4
v -0.1 -1.5 -1.4
v -0.1 -1.8 -1.3
v -0.1 -1.6 -1.3
v -0.1 -1.5 -1.3
v -0.1 -1.8 -1.2
v -0.1 -1.6 -1.2
v -0.1 -2.6 -0.5
v -0.1 -2.5 -0.5
v -0.1 -2.6 -0.4
v -0.1 -2.5 -0.4
v -0.1 -2.3 -0.4
v -0.1 -2.8 -0.3
v -0.1 -2.6 -0.3
v -0.1 -2.5 -0.3
v -0.1 -2.3 -0.3
v -0.1 -2.2 -0.3
v -0.1 -2.1 -0.3
v -0.1 -2 -0.3
v -0.1 -1.9 -0.3
v -0.1 -1.6 -0.3
v -0.1 -1.4 -0.3
v -0.1 -1.1 -0.3
v -0.1 -1 -0.3
v -0.1 -2.8 -0.2
v -0.1 -2.7 -0.2
v -0.1 -2.6 -0.2
v -0.1 -2.5 -0.2
v -0.1 -2.3 -0.2
v -0.1 -2.2 -0.2
v -0.1 -2.1 -0.2
v -0.1 -2 -0.2
v -0.1 -1.9 -0.2
v -0.1 -1.6 -0.2
v -0.1 -1.4 -0.2
v -0.1 -1.2 -0.2
v -0.1 -1.1 -0.2
v -0.1 -2.2 -0.1
v -0.1 -2.1 -0.1
v -0.1 -1.2 -0.1
v -0.1 -1 -0.1
v -0.1 -2.7 0
v -0.1 -2.6 0
v -0.1 -2.2 0
v -0.1 -2.1 0
v -0.1 -2.7 0.1
v -0.1 -2.6 0.1
v -0.1 -2.6 0.2
v -0.1 -2.5 0.2
v -0.1 -2.6 0.3
v -0.1 -2.5 0.3
v -0.1 -1.5 0.8
v -0.1 -1.4 0.8
v -0.1 -1.5 1.1
v -0.1 -1.4 1.1
v 0 -1.6 -1.5
v 0 -1.5 -1.5
v 0 -1.4 -1.5
v 0 -1.6 -1.4
v 0 -1.5 -1.4
v 0 -1.6 -1.3
v 0 -1.5 -1.3
v 0 -1.4 -1.3
v 0 -1.6 -1.2
v 0 -1.5 -1.2
v 0 -2.8 -1
v 0 -2.7 -1
v 0 -2.7 -0.9
v 0 -2.6 -0.9
v 0 -2.8 -0.8
v 0 -2.7 -0.8
v 0 -2.7 -0.6
v 0 -2.6 -0.6
v 0 -2.3 -0.4
v 0 -2.2 -0.4
v 0 -2.3 -0.3
v 0 -2.2 -0.3
v 0 -1.8 -0.3
v 0 -1.7 -0.3
v 0 -1.8 -0.2
v 0 -1.7 -0.2
v 0 -2.1 -0.1
v 0 -1.9 -0.1
v 0 -1.8 -0.1
v 0 -1.7 -0.1
v 0 -2.1 0
v 0 -1.9 0
v 0 -1.8 0
v 0 -1.7 0
v 0 -2.6 0.4
v 0 -2.5 0.4
v 0 -2.6 0.5
v 0 -2.5 0.5
v 0 -1.4 0.8
v 0 -1.3 0.8
v 0 -1.4 1.1
v 0 -1.3 1.1
v 0.1 -1.4 -1.5
v 0.1 -1.3 -1.5
v 0.1 -1.5 -1.3
v 0.1 -1.4 -1.3
v 0.1 -1.5 -1.2
v 0.1 -1.3 -1.2
v 0.1 -2.6 -0.8
v 0.1 -2.5 -0.8
v 0.1 -2.6 -0.6
v 0.1 -2.5 -0.6
v 0.1 -2.5 -0.4
v 0.1 -2.4 -0.4
v 0.1 -2.6 -0.3
v 0.1 -2.5 -0.3
v 0.1 -2.4 -0.3
v 0.1 -2.3 -0.3
v 0.1 -2.5 -0.2
v 0.1 -2.3 -0.2
v 0.1 -1.1 0.4
v 0.1 -0.9 0.4
v 0.1 -1.1 0.5
v 0.1 -1 0.5
v 0.1 -2.8 0.6
v 0.1 -2.7 0.6
v 0.1 -1 0.6
v 0.1 -0.9 0.6
v 0.1 -2.8 0.9
v 0.1 -2.7 0.9
v 0.1 -1.3 0.9
v 0.1 -1.2 0.9
v 0.1 -1.3 1.1
v 0.1 -1.2 1.1
v 0.2 -1.3 -1.4
v 0.2 -1.2 -1.4
v 0.2 -1.3 -1.3
v 0.2 -1.2 -1.3
v 0.2 -2.8 -1.1
v 0.2 -2.7 -1.1
v 0.2 -2.8 -1
v 0.2 -2.7 -1
v 0.2 -2.7 -0.9
v 0.2 -2.6 -0.9
v 0.2 -2.7 -0.8
v 0.2 -2.6 -0.8
v 0.2 -2.2 -0.4
v 0.2 -2 -0.4
v 0.2 -2.6 -0.3
v 0.2 -2.5 -0.3
v 0.2 -2.2 -0.3
v 0.2 -2 -0.3
v 0.2 -1.8 -0.3
v 0.2 -1.7 -0.3
v 0.2 -2.6 -0.2
v 0.2 -2.5 -0.2
v 0.2 -1.8 -0.2
v 0.2 -1.7 -0.2
v 0.2 -0.9 0.4
v 0.2 -0.8 0.4
v 0.2 -1 0.6
v 0.2 -0.9 0.6
v 0.2 -0.8 0.6
v 0.2 -1 0.7
v 0.2 -0.9 0.7
v 0.3 -1.3 -1.3
v 0.3 -1.2 -1.3
v 0.3 -1 -1.3
v 0.3 -2.8 -1.2
v 0.3 -2.7 -1.2
v 0.3 -1.3 -1.2
v 0.3 -2.8 -1.1
v 0.3 -2.7 -1.1
v 0.3 -2.6 -1.1
v 0.3 -1.3 -1.1
v 0.3 -1 -1.1
v 0.3 -2.7 -0.9
v 0.3 -2.6 -0.9
v 0.3 -2.6 -0.6
v 0.3 -2.5 -0.6
v 0.3 -2.6 -0.5
v 0.3 -2.5 -0.5
v 0.3 -2.5 -0.4
v 0.3 -2.4 -0.4
v 0.3 -2.5 -0.3
v 0.3 -2.4 -0.3
v 0.3 -2.2 -0.3
v 0.3 -2.4 -0.2
v 0.3 -2.2 -0.2
v 0.3 -1 -0.2
v 0.3 -0.8 -0.2
v 0.3 -2 -0.1
v 0.3 -1.9 -0.1
v 0.3 -1 -0.1
v 0.3 -0.8 -0.1
v 0.3 -2 0
v 0.3 -1.9 0
v 0.3 -1.2 0.2
v 0.3 -1 0.2
v 0.3 -1.2 0.3
v 0.3 -1.1 0.3
v 0.3 -1.1 0.4
v 0.3 -1 0.4
v 0.3 -1.1 0.5
v 0.3 -1 0.5
v 0.3 -1.1 0.6
v 0.3 -1 0.6
v 0.3 -1.2 0.9
v 0.3 -1.1 0.9
v 0.3 -1 0.9
v 0.3 -1.1 1
v 0.3 -1 1
v 0.3 -1.2 1.1
v 0.3 -1.1 1.1
v 0.4 -2.5 -0.5
v 0.4 -2.4 -0.5
v 0.4 -2.5 -0.4
v 0.4 -2.4 -0.4
v 0.4 -2.2 -0.4
v 0.4 -2 -0.4
v 0.4 -1.9 -0.4
v 0.4 -2.2 -0.3
v 0.4 -2 -0.3
v 0.4 -1.9 -0.3
v 0.4 -0.8 -0.3
v 0.4 -0.7 -0.3
v 0.4 -2.4 -0.2
v 0.4 -2.3 -0.2
v 0.4 -2.2 -0.2
v 0.4 -2 -0.2
v 0.4 -1.7 -0.2
v 0.4 -1.6 -0.2
v 0.4 -1.3 -0.2
v 0.4 -1.2 -0.2
v 0.4 -1 -0.2
v 0.4 -0.8 -0.2
v 0.4 -0.7 -0.2
v 0.4 -0.6 -0.2
v 0.4 -2.3 -0.1
v 0.4 -2.2 -0.1
v 0.4 -2.1 -0.1
v 0.4 -1.9 -0.1
v 0.4 -1.8 -0.1
v 0.4 -1.7 -0.1
v 0.4 -1.6 -0.1
v 0.4 -1.3 -0.1
v 0.4 -1.2 -0.1
v 0.4 -1.1 -0.1
v 0.4 -1 -0.1
v 0.4 -0.8 -0.1
v 0.4 -0.7 -0.1
v 0.4 -0.6 -0.1
v 0.4 -2.5 0
v 0.4 -2.4 0
v 0.4 -2.3 0
v 0.4 -2.2 0
v 0.4 -2.1 0
v 0.4 -1.9 0
v 0.4 -1.8 0
v 0.4 -1.1 0
v 0.4 -0.7 0
v 0.4 -2.5 0.1
v 0.4 -2.7 0.2
v 0.4 -2.6 0.2
v 0.4 -2.5 0.2
v 0.4 -2.4 0.2
v 0.4 -1.3 0.2
v 0.4 -1.2 0.2
v 0.4 -1.3 0.3
v 0.4 -1.2 0.3
v 0.4 -1.1 0.3
v 0.4 -1 0.3
v 0.4 -0.9 0.3
v 0.4 -1.3 0.4
v 0.4 -1.1 0.4
v 0.4 -1 0.4
v 0.4 -0.9 0.4
v 0.4 -2.7 0.7
v 0.4 -2.6 0.7
v 0.4 -1.1 1
v 0.4 -1 1
v 0.4 -1.2 1.1
v 0.4 -1.1 1.1
v 0.4 -1 1.1
v 0.4 -1.2 1.2
v 0.4 -1.1 1.2
v 0.5 -1 -1.2
v 0.5 -0.9 -1.2
v 0.5 -1 -1.1
v 0.5 -0.9 -1.1
v 0.5 -2.7 -1
v 0.5 -2.6 -1
v 0.5 -2.7 -0.9
v 0.5 -2.6 -0.9
v 0.5 -2.5 -0.9
v 0.5 -2.6 -0.8
v 0.5 -2.5 -0.8
v 0.5 -2.6 -0.7
v 0.5 -2.5 -0.7
v 0.5 -2.6 -0.6
v 0.5 -2.5 -0.6
v 0.5 -2.4 -0.6
v 0.5 -2.5 -0.5
v 0.5 -2.4 -0.5
v 0.5 -2.2 -0.5
v 0.5 -2 -0.5
v 0.5 -2.4 -0.4
v 0.5 -2.3 -0.4
v 0.5 -2.2 -0.4
v 0.5 -2 -0.4
v 0.5 -1.9 -0.4
v 0.5 -1.8 -0.4
v 0.5 -2.6 -0.3
v 0.5 -2.5 -0.3
v 0.5 -2.4 -0.3
v 0.5 -2.3 -0.3
v 0.5 -2.2 -0.3
v 0.5 -1.9 -0.3
v 0.5 -1.8 -0.3
v 0.5 -0.9 -0.3
v 0.5 -0.8 -0.3
v 0.5 -0.7 -0.3
v 0.5 -0.6 -0.3
v 0.5 -2.6 -0.2
v 0.5 -2.5 -0.2
v 0.5 -2.2 -0.2
v 0.5 -1.6 -0.2
v 0.5 -1.3 -0.2
v 0.5 -0.9 -0.2
v 0.5 -0.8 -0.2
v 0.5 -0.7 -0.2
v 0.5 -0.6 -0.2
v 0.5 -0.5 -0.2
v 0.5 -2.1 -0.1
v 0.5 -2 -0.1
v 0.5 -1.9 -0.1
v 0.5 -1.6 -0.1
v 0.5 -1.5 -0.1
v 0.5 -1.3 -0.1
v 0.5 -0.7 -0.1
v 0.5 -0.6 -0.1
v 0.5 -0.5 -0.1
v 0.5 -2.8 0
v 0.5 -2.7 0
v 0.5 -2.6 0
v 0.5 -2.5 0
v 0.5 -2.4 0
v 0.5 -2.3 0
v 0.5 -2.2 0
v 0.5 -2.1 0
v 0.5 -2 0
v 0.5 -1.9 0
v 0.5 -1.5 0
v 0.5 -1.4 0
v 0.5 -1.3 0
v 0.5 -1.2 0
v 0.5 -0.7 0
v 0.5 -0.6 0
v 0.5 -2.8 0.1
v 0.5 -2.7 0.1
v 0.5 -2.6 0.1
v 0.5 -2.5 0.1
v 0.5 -2.3 0.1
v 0.5 -2.2 0.1
v 0.5 -2 0.1
v 0.5 -1.2 0.1
v 0.5 -1.1 0.1
v 0.5 -2.7 0.2
v 0.5 -2.6 0.2
v 0.5 -2.4 0.2
v 0.5 -2.2 0.2
v 0.5 -1.4 0.2
v 0.5 -1.3 0.2
v 0.5 -1.1 0.2
v 0.5 -1 0.9
v 0.5 -0.9 0.9
v 0.5 -1 1
v 0.5 -0.9 1
v 0.6 -2.7 -0.8
v 0.6 -2.5 -0.8
v 0.6 -2.7 -0.7
v 0.6 -2.6 -0.7
v 0.6 -2.5 -0.7
v 0.6 -2.4 -0.7
v 0.6 -2.5 -0.6
v 0.6 -2.4 -0.6
v 0.6 -2.1 -0.6
v 0.6 -2 -0.6
v 0.6 -2.1 -0.5
v 0.6 -2 -0.5
v 0.6 -1.9 -0.5
v 0.6 -2.3 -0.4
v 0.6 -2.2 -0.4
v 0.6 -2 -0.4
v 0.6 -1.9 -0.4
v 0.6 -2.5 -0.3
v 0.6 -2.4 -0.3
v 0.6 -2.3 -0.3
v 0.6 -2.2 -0.3
v 0.6 -1.7 -0.3
v 0.6 -1.4 -0.3
v 0.6 -0.6 -0.3
v 0.6 -0.5 -0.3
v 0.6 -2.5 -0.2
v 0.6 -2.4 -0.2
v 0.6 -1.7 -0.2
v 0.6 -1.4 -0.2
v 0.6 -0.6 -0.2
v 0.6 -0.5 -0.2
v 0.6 -0.3 -0.2
v 0.6 -1.6 -0.1
v 0.6 -1.5 -0.1
v 0.6 -0.5 -0.1
v 0.6 -0.3 -0.1
v 0.6 -2.3 0
v 0.6 -2.2 0
v 0.6 -1.6 0
v 0.6 -1.5 0
v 0.6 -2.6 0.1
v 0.6 -2.5 0.1
v 0.6 -2.3 0.1
v 0.6 -2.2 0.1
v 0.6 -2.1 0.1
v 0.6 -2.5 0.2
v 0.6 -2.2 0.2
v 0.6 -2.1 0.2
v 0.6 -2.7 0.3
v 0.6 -2.6 0.3
v 0.6 -2.7 0.4
v 0.6 -2.6 0.4
v 0.6 -2.7 0.6
v 0.6 -2.5 0.6
v 0.7 -2.4 -0.5
v 0.7 -2.3 -0.5
v 0.7 -2.2 -0.5
v 0.7 -2.7 -0.4
v 0.7 -2.6 -0.4
v 0.7 -2.5 -0.4
v 0.7 -2.4 -0.4
v 0.7 -2.3 -0.4
v 0.7 -2.2 -0.4
v 0.7 -2.7 -0.3
v 0.7 -2.6 -0.3
v 0.7 -2.5 -0.3
v 0.7 -2.4 -0.3
v 0.7 -2.3 -0.3
v 0.7 -2.4 -0.2
v 0.7 -2.3 -0.2
v 0.7 -2.4 0
v 0.7 -2.3 0
v 0.7 -2.4 0.1
v 0.7 -2.3 0.1
v 0.8 -2.6 -0.7
v 0.8 -2.5 -0.7
v 0.8 -2.6 -0.6
v 0.8 -2.5 -0.6
v 0.8 -2 -0.1
v 0.8 -1.8 -0.1
v 0.8 -2.1 0
v 0.8 -2 0
v 0.8 -1.9 0
v 0.8 -2.1 0.1
v 0.8 -2 0.1
v 0.8 -1.9 0.1
v 0.8 -1.8 0.1
v 0.8 -2.7 0.6
v 0.8 -2.6 0.6
v 0.8 -2.7 0.7
v 0.8 -2.6 0.7
v 0.9 -2.2 -0.4
v 0.9 -2.1 -0.4
v 0.9 -2.4 -0.3
v 0.9 -2.3 -0.3
v 0.9 -2.2 -0.3
v 0.9 -2.1 -0.3
v 0.9 -2.4 -0.2
v 0.9 -2.3 -0.2
v 0.9 -2.7 -0.1
v 0.9 -2.6 -0.1
v 0.9 -2.4 0
v 0.9 -2.3 0
v 0.9 -2.7 0.1
v 0.9 -2.6 0.1
v 0.9 -2.8 0.2
v 0.9 -2.7 0.2
v 0.9 -2.4 0.2
v 0.9 -2.3 0.2
v 0.9 -2.8 0.3
v 0.9 -2.7 0.3
v 0.9 -2.8 0.4
v 0.9 -2.7 0.4
v 0.9 -2.8 0.5
v 0.9 -2.7 0.5
v 1 -0.9 -0.3
v 1 -0.7 -0.3
v 1 -1 -0.2
v 1 -0.9 -0.2
v 1 -0.8 -0.2
v 1 -0.7 -0.2
v 1 -1 -0.1
v 1 -0.8 -0.1
v 1 -2.8 0.3
v 1 -2.7 0.3
v 1 -2.8 0.4
v 1 -2.7 0.4
v 1.1 -2.1 -0.3
v 1.1 -2 -0.3
v 1.1 -0.7 -0.3
v 1.1 -0.4 -0.3
v 1.1 -2.1 -0.2
v 1.1 -2 -0.2
v 1.1 -1.3 -0.2
v 1.1 -1 -0.2
v 1.1 -0.8 -0.2
v 1.1 -0.7 -0.2
v 1.1 -0.4 -0.2
v 1.1 -2.5 -0.1
v 1.1 -2.4 -0.1
v 1.1 -1.3 -0.1
v 1.1 -1 -0.1
v 1.1 -0.9 -0.1
v 1.1 -0.8 -0.1
v 1.1 -0.7 -0.1
v 1.1 -2.5 0
v 1.1 -2.4 0
v 1.1 -1 0
v 1.1 -0.9 0
v 1.2 -2.7 -0.4
v 1.2 -2.6 -0.4
v 1.2 -2.7 -0.3
v 1.2 -2.6 -0.3
v 1.2 -2 -0.3
v 1.2 -1.8 -0.3
v 1.2 -2 -0.2
v 1.2 -1.9 -0.2
v 1.2 -1.8 -0.2
v 1.2 -1.6 -0.2
v 1.2 -1.4 -0.2
v 1.2 -1.3 -0.2
v 1.2 -0.7 -0.2
v 1.2 -0.6 -0.2
v 1.2 -0.5 -0.2
v 1.2 -1.9 -0.1
v 1.2 -1.8 -0.1
v 1.2 -1.6 -0.1
v 1.2 -1.4 -0.1
v 1.2 -1.3 -0.1
v 1.2 -1.1 -0.1
v 1.2 -1 -0.1
v 1.2 -0.9 -0.1
v 1.2 -0.8 -0.1
v 1.2 -0.7 -0.1
v 1.2 -0.6 -0.1
v 1.2 -0.5 -0.1
v 1.2 -1.1 0
v 1.2 -1 0
v 1.2 -0.9 0
v 1.2 -0.8 0
v 1.3 -2.5 -0.3
v 1.3 -2.4 -0.3
v 1.3 -1.8 -0.3
v 1.3 -1.4 -0.3
v 1.3 -2.5 -0.2
v 1.3 -2.4 -0.2
v 1.3 -1.8 -0.2
v 1.3 -1.6 -0.2
v 1.3 -1.4 -0.2
v 1.3 -2.5 -0.1
v 1.3 -2.4 -0.1
v 1.3 -1.8 -0.1
v 1.3 -1.6 -0.1
v 1.3 -2.6 0
v 1.3 -2.5 0
v 1.3 -2.4 0
v 1.3 -2.6 0.1
v 1.3 -2.5 0.1
v 1.4 -2.6 -0.4
v 1.4 -2.5 -0.4
v 1.4 -2.6 -0.3
v 1.4 -2.5 -0.3
v -1.5 -1.5 -1.4
v -1.5 -1.4 -1.4
v -1.5 -1.5 -1.3
v -1.5 -1.4 -1.3
v -1.5 -1.3 -1.3
v -1.5 -1.2 -1.3
v -1.5 -1.5 -1.2
v -1.5 -1.4 -1.2
v -1.5 -1.3 -1.2
v -1.5 -1.2 -1.2
v -1.5 -1.5 -1.1
v -1.5 -1.4 -1.1
v -1.4 -1.4 -1.5
v -1.4 -1.2 -1.5
v -1.4 -1.4 -1.4
v -1.4 -1.3 -1.4
v -1.4 -1.6 -1.3
v -1.4 -1.4 -1.3
v -1.4 -1.3 -1.3
v -1.4 -1.2 -1.3
v -1.4 -1.6 -1.2
v -1.4 -1.5 -1.2
v -1.4 -1.4 -1.2
v -1.4 -1.6 -1
v -1.4 -1.5 -1
v -1.3 -1.4 -1.4
v -1.3 -1.3 -1.4
v -1.3 -1.4 -1.3
v -1.3 -1.3 -1.3
v -1.3 -1.7 -1.2
v -1.3 -1.6 -1.2
v -1.3 -1.7 -1.1
v -1.3 -1.6 -1.1
v -1.3 -1.7 -1
v -1.3 -1.6 -1
v -1.3 -1.7 -0.9
v -1.3 -1.6 -0.9
v -1.3 -2.5 -0.4
v -1.3 -2.1 -0.4
v -1.3 -2.5 -0.3
v -1.3 -2.3 -0.3
v -1.3 -2.1 -0.3
v -1.3 -1.8 -0.3
v -1.3 -1.7 -0.3
v -1.3 -1.8 -0.2
v -1.3 -1.7 -0.2
v -1.3 -2.1 -0.1
v -1.3 -2 -0.1
v -1.3 -2.4 0
v -1.3 -2.3 0
v -1.3 -2.1 0
v -1.3 -2 0
v -1.3 -2.4 0.1
v -1.3 -2.2 0.1
v -1.3 -2.1 0.1
v -1.3 -2.4 0.2
v -1.3 -2.2 0.2
v -1.3 -2.8 0.8
v -1.3 -2.7 0.8
v -1.3 -2.8 0.9
v -1.3 -2.7 0.9
v -1.2 -1.9 -1.1
v -1.2 -1.6 -1.1
v -1.2 -1.9 -1
v -1.2 -1.7 -1
v -1.2 -1.6 -1
v -1.2 -2.3 -0.3
v -1.2 -2.2 -0.3
v -1.2 -2 -0.3
v -1.2 -1.8 -0.3
v -1.2 -2.3 -0.2
v -1.2 -2.2 -0.2
v -1.2 -2 -0.2
v -1.2 -1.8 -0.2
v -1.2 -0.4 -0.2
v -1.2 -0.3 -0.2
v -1.2 -2.3 -0.1
v -1.2 -2.2 -0.1
v -1.2 -2.1 -0.1
v -1.2 -0.4 -0.1
v -1.2 -0.3 -0.1
v -1.2 -2.5 0
v -1.2 -2.4 0
v -1.2 -2.3 0
v -1.2 -2.1 0
v -1.2 -2.5 0.1
v -1.2 -2.4 0.1
v -1.2 -1.1 0.2
v -1.2 -1 0.2
v -1.2 -1.1 0.4
v -1.2 -1 0.4
v -1.1 -1.8 -1
v -1.1 -1.7 -1
v -1.1 -1.8 -0.8
v -1.1 -1.7 -0.8
v -1.1 -2.8 -0.5
v -1.1 -2.7 -0.5
v -1.1 -2.8 -0.4
v -1.1 -2.7 -0.4
v -1.1 -2.6 -0.4
v -1.1 -2.5 -0.4
v -1.1 -1.8 -0.4
v -1.1 -1.7 -0.4
v -1.1 -2.6 -0.3
v -1.1 -2.5 -0.3
v -1.1 -2.1 -0.3
v -1.1 -2 -0.3
v -1.1 -1.7 -0.3
v -1.1 -1.6 -0.3
v -1.1 -1.3 -0.3
v -1.1 -2.1 -0.2
v -1.1 -2 -0.2
v -1.1 -1.8 -0.2
v -1.1 -1.7 -0.2
v -1.1 -1.6 -0.2
v -1.1 -1.3 -0.2
v -1.1 -0.9 -0.2
v -1.1 -0.5 -0.2
v -1.1 -0.4 -0.2
v -1.1 -2 -0.1
v -1.1 -1.8 -0.1
v -1.1 -0.9 -0.1
v -1.1 -0.6 -0.1
v -1.1 -0.5 -0.1
v -1.1 -0.4 -0.1
v -1.1 -2.6 0
v -1.1 -2.5 0
v -1.1 -0.9 0
v -1.1 -0.6 0
v -1.1 -2.6 0.1
v -1.1 -2.5 0.1
v -1.1 -1.2 0.2
v -1.1 -1.1 0.2
v -1.1 -1.2 0.3
v -1.1 -1.2 0.4
v -1.1 -1.1 0.4
v -1.1 -2.6 1
v -1.1 -2.5 1
v -1.1 -2.6 1.1
v -1.1 -2.5 1.1
v -1 -2.8 -1.2
v -1 -2.7 -1.2
v -1 -2.8 -1
v -1 -2.7 -1
v -1 -2 -1
v -1 -1.9 -1
v -1 -1.8 -1
v -1 -2 -0.8
v -1 -1.9 -0.8
v -1 -2.6 -0.7
v -1 -2.5 -0.7
v -1 -2 -0.7
v -1 -1.8 -0.7
v -1 -2.6 -0.6
v -1 -2.5 -0.6
v -1 -2.3 -0.3
v -1 -2.2 -0.3
v -1 -1.7 -0.3
v -1 -1.6 -0.3
v -1 -1.8 -0.2
v -1 -1.7 -0.2
v -1 -1.6 -0.2
v -1 -1.3 -0.2
v -1 -1.1 -0.2
v -1 -0.9 -0.2
v -1 -2.3 -0.1
v -1 -2.2 -0.1
v -1 -1.8 -0.1
v -1 -1.6 -0.1
v -1 -1.3 -0.1
v -1 -1.1 -0.1
v -1 -0.9 -0.1
v -1 -2.4 0
v -1 -2.3 0
v -1 -2.2 0
v -1 -2.6 0.1
v -1 -2.5 0.1
v -1 -2.4 0.1
v -1 -2.3 0.1
v -1 -2.6 0.3
v -1 -2.5 0.3
v -1 -1.3 0.3
v -1 -1.2 0.3
v -1 -1.3 0.4
v -1 -1.2 0.4
v -1 -1.1 0.4
v -1 -1.2 0.5
v -1 -1.1 0.5
v -1 -2.7 0.8
v -1 -2.6 0.8
v -1 -2.7 0.9
v -1 -2.6 0.9
v -1 -2.5 1.1
v -1 -2.4 1.1
v -1 -2.5 1.2
v -1 -2.4 1.2
v -0.9 -2.7 -0.9
v -0.9 -2.6 -0.9
v -0.9 -2.7 -0.8
v -0.9 -2.6 -0.8
v -0.9 -2.6 -0.6
v -0.9 -2.5 -0.6
v -0.9 -2.6 -0.4
v -0.9 -2.5 -0.4
v -0.9 -2.2 -0.3
v -0.9 -2.1 -0.3
v -0.9 -2.4 -0.2
v -0.9 -2.3 -0.2
v -0.9 -2.2 -0.2
v -0.9 -2.1 -0.2
v -0.9 -1.3 -0.2
v -0.9 -1.1 -0.2
v -0.9 -2.4 -0.1
v -0.9 -2.3 -0.1
v -0.9 -2.2 -0.1
v -0.9 -2.1 -0.1
v -0.9 -1.3 -0.1
v -0.9 -1.1 -0.1
v -0.9 -2.5 0
v -0.9 -2.4 0
v -0.9 -2.3 0
v -0.9 -2.2 0
v -0.9 -2.1 0
v -0.9 -2.5 0.1
v -0.9 -2.4 0.1
v -0.9 -2.7 0.4
v -0.9 -2.6 0.4
v -0.9 -1.3 0.4
v -0.9 -1.2 0.4
v -0.9 -2.7 0.5
v -0.9 -2.6 0.5
v -0.9 -1.3 0.5
v -0.9 -2.7 0.6
v -0.9 -2.6 0.6
v -0.9 -1.3 0.6
v -0.9 -1.2 0.6
v -0.9 -2.7 0.7
v -0.9 -2.6 0.7
v -0.9 -2.7 0.8
v -0.9 -2.6 0.8
v -0.9 -2.7 1
v -0.9 -2.6 1
v -0.9 -2.6 1.1
v -0.9 -2.5 1.1
v -0.9 -2.7 1.2
v -0.9 -2.6 1.2
v -0.9 -2.5 1.2
v -0.8 -2.2 -1
v -0.8 -2 -1
v -0.8 -2.2 -0.9
v -0.8 -2.1 -0.9
v -0.8 -2.7 -0.8
v -0.8 -2.6 -0.8
v -0.8 -2.1 -0.8
v -0.8 -2 -0.8
v -0.8 -2.7 -0.7
v -0.8 -2.6 -0.7
v -0.8 -2.1 -0.3
v -0.8 -2 -0.3
v -0.8 -2.1 -0.2
v -0.8 -2 -0.2
v -0.8 -0.5 0
v -0.8 -0.4 0
v -0.8 -2.6 0.1
v -0.8 -2.5 0.1
v -0.8 -0.5 0.1
v -0.8 -0.4 0.1
v -0.8 -0.3 0.1
v -0.8 -2.6 0.2
v -0.8 -2.5 0.2
v -0.8 -0.5 0.2
v -0.8 -0.4 0.2
v -0.8 -0.5 0.3
v -0.8 -0.3 0.3
v -0.8 -1.5 0.4
v -0.8 -1.4 0.4
v -0.8 -1.3 0.4
v -0.8 -1.5 0.5
v -0.8 -1.4 0.5
v -0.8 -1.3 0.5
v -0.8 -1.4 0.6
v -0.8 -1.3 0.6
v -0.8 -2.8 0.8
v -0.8 -2.7 0.8
v -0.8 -2.8 0.9
v -0.8 -2.7 0.9
v -0.8 -2.6 0.9
v -0.8 -2.7 1
v -0.8 -2.6 1
v -0.8 -2.5 1.2
v -0.8 -2.4 1.2
v -0.8 -2.5 1.3
v -0.8 -2.4 1.3
v -0.8 -2.8 1.4
v -0.8 -2.7 1.4
v -0.8 -2.8 1.5
v -0.8 -2.7 1.5
v -0.7 -2.8 -1
v -0.7 -2.7 -1
v -0.7 -2.8 -0.9
v -0.7 -2.7 -0.9
v -0.7 -2.2 -0.9
v -0.7 -2.1 -0.9
v -0.7 -2.2 -0.8
v -0.7 -2.1 -0.8
v -0.7 -2.5 -0.6
v -0.7 -2.4 -0.6
v -0.7 -2.5 -0.5
v -0.7 -2.4 -0.5
v -0.7 -2.4 -0.4
v -0.7 -2.3 -0.4
v -0.7 -2.4 -0.3
v -0.7 -2.3 -0.3
v -0.7 -2 -0.3
v -0.7 -1.9 -0.3
v -0.7 -2 -0.2
v -0.7 -1.9 -0.2
v -0.7 -0.6 -0.2
v -0.7 -0.4 -0.2
v -0.7 -2.8 -0.1
v -0.7 -2.7 -0.1
v -0.7 -2.3 -0.1
v -0.7 -2.2 -0.1
v -0.7 -0.6 -0.1
v -0.7 -0.4 -0.1
v -0.7 -2.8 0
v -0.7 -2.7 0
v -0.7 -2.5 0
v -0.7 -2.4 0
v -0.7 -2.3 0
v -0.7 -2.2 0
v -0.7 -0.6 0
v -0.7 -0.5 0
v -0.7 -2.5 0.1
v -0.7 -2.4 0.1
v -0.7 -0.7 0.1
v -0.7 -0.6 0.1
v -0.7 -0.5 0.1
v -0.7 -0.7 0.2
v -0.7 -0.5 0.2
v -0.7 -1.6 0.5
v -0.7 -1.4 0.5
v -0.7 -1.6 0.6
v -0.7 -1.4 0.6
v -0.7 -1.3 0.6
v -0.7 -2.8 0.7
v -0.7 -2.7 0.7
v -0.7 -1.4 0.7
v -0.7 -1.3 0.7
v -0.7 -2.8 0.8
v -0.7 -2.7 0.8
v -0.7 -2.8 0.9
v -0.7 -2.7 0.9
v -0.7 -2.8 1
v -0.7 -2.7 1
v -0.7 -2.2 1
v -0.7 -2.1 1
v -0.7 -2.2 1.1
v -0.7 -2.1 1.1
v -0.7 -2.4 1.2
v -0.7 -2.3 1.2
v -0.7 -2.2 1.2
v -0.7 -2.1 1.2
v -0.7 -2.6 1.3
v -0.7 -2.5 1.3
v -0.7 -2.4 1.3
v -0.7 -2.3 1.3
v -0.7 -2.2 1.3
v -0.7 -2.1 1.3
v -0.7 -2.6 1.5
v -0.7 -2.4 1.5
v -0.6 -2.4 -1.1
v -0.6 -2.3 -1.1
v -0.6 -2.6 -1
v -0.6 -2.4 -1
v -0.6 -2.3 -1
v -0.6 -2.2 -1
v -0.6 -2.6 -0.9
v -0.6 -2.4 -0.9
v -0.6 -2.4 -0.8
v -0.6 -2.2 -0.8
v -0.6 -2.6 -0.6
v -0.6 -2.5 -0.6
v -0.6 -2.6 -0.5
v -0.6 -2.5 -0.5
v -0.6 -2.8 -0.3
v -0.6 -2.7 -0.3
v -0.6 -2.2 -0.3
v -0.6 -2.1 -0.3
v -0.6 -2.2 -0.2
v -0.6 -2.1 -0.2
v -0.6 -1.6 -0.2
v -0.6 -1.5 -0.2
v -0.6 -0.0999999 -0.2
v -0.6 2.38419e-07 -0.2
v -0.6 -2.8 -0.1
v -0.6 -2.7 -0.1
v -0.6 -1.6 -0.1
v -0.6 -1.5 -0.1
v -0.6 -0.8 -0.1
v -0.6 -0.7 -0.1
v -0.6 -0.0999999 -0.1
v -0.6 2.38419e-07 -0.1
v -0.6 -0.8 0
v -0.6 -0.7 0
v -0.6 -0.6 0
v -0.6 -2.6 0.1
v -0.6 -2.5 0.1
v -0.6 -0.7 0.1
v -0.6 -0.6 0.1
v -0.6 -2.6 0.2
v -0.6 -2.5 0.2
v -0.6 -2.8 0.6
v -0.6 -2.7 0.6
v -0.6 -1.7 0.6
v -0.6 -1.4 0.6
v -0.6 -2.8 0.7
v -0.6 -2.7 0.7
v -0.6 -1.8 0.7
v -0.6 -1.7 0.7
v -0.6 -1.5 0.7
v -0.6 -1.4 0.7
v -0.6 -1.8 0.8
v -0.6 -1.7 0.8
v -0.6 -1.6 0.8
v -0.6 -1.5 0.8
v -0.6 -2.8 1
v -0.6 -2.7 1
v -0.6 -2.8 1.1
v -0.6 -2.7 1.1
v -0.6 -2.6 1.1
v -0.6 -2.3 1.1
v -0.6 -2.1 1.1
v -0.6 -2 1.1
v -0.6 -2.7 1.2
v -0.6 -2.6 1.2
v -0.6 -2.5 1.2
v -0.6 -2.2 1.2
v -0.6 -2 1.2
v -0.6 -2.6 1.3
v -0.6 -2.5 1.3
v -0.6 -2.4 1.3
v -0.6 -2.3 1.3
v -0.6 -2.8 1.5
v -0.6 -2.7 1.5
v -0.6 -2.6 1.5
v -0.6 -2.4 1.5
v -0.6 -2.2 1.5
v -0.6 -2.8 1.6
v -0.6 -2.7 1.6
v -0.5 -2.6 -1.1
v -0.5 -2.5 -1.1
v -0.5 -2.4 -1.1
v -0.5 -2.6 -1
v -0.5 -2.4 -1
v -0.5 -2.6 -0.7
v -0.5 -2.5 -0.7
v -0.5 -2.6 -0.6
v -0.5 -2.5 -0.6
v -0.5 -2.4 -0.4
v -0.5 -2.3 -0.4
v -0.5 -2.4 -0.3
v -0.5 -2.3 -0.3
v -0.5 -2.2 -0.3
v -0.5 -1.9 -0.3
v -0.5 -1.7 -0.3
v -0.5 -2.3 -0.2
v -0.5 -2.2 -0.2
v -0.5 -2.1 -0.2
v -0.5 -2 -0.2
v -0.5 -1.9 -0.2
v -0.5 -1.7 -0.2
v -0.5 -1.5 -0.2
v -0.5 -1.1 -0.2
v -0.5 -0.7 -0.2
v -0.5 -0.6 -0.2
v -0.5 -0.5 -0.2
v -0.5 -0.0999999 -0.2
v -0.5 -2.8 -0.1
v -0.5 -2.7 -0.1
v -0.5 -2.1 -0.1
v -0.5 -2 -0.1
v -0.5 -1.9 -0.1
v -0.5 -1.5 -0.1
v -0.5 -1.1 -0.1
v -0.5 -0.9 -0.1
v -0.5 -0.8 -0.1
v -0.5 -0.7 -0.1
v -0.5 -0.6 -0.1
v -0.5 -0.5 -0.1
v -0.5 -0.3 -0.1
v -0.5 -0.0999999 -0.1
v -0.5 -2.8 0
v -0.5 -2.7 0
v -0.5 -0.9 0
v -0.5 -0.8 0
v -0.5 -0.7 0
v -0.5 -0.3 0
v -0.5 -2.6 0.2
v -0.5 -2.5 0.2
v -0.5 -2.7 0.3
v -0.5 -2.6 0.3
v -0.5 -2.5 0.3
v -0.5 -2.7 0.5
v -0.5 -2.6 0.5
v -0.5 -1.8 0.8
v -0.5 -1.6 0.8
v -0.5 -2.1 0.9
v -0.5 -2 0.9
v -0.5 -1.8 0.9
v -0.5 -1.7 0.9
v -0.5 -1.6 0.9
v -0.5 -2.1 1
v -0.5 -2 1
v -0.5 -2.8 1.1
v -0.5 -2.7 1.1
v -0.5 -2.8 1.5
v -0.5 -2.7 1.5
v -0.4 -2.8 -1
v -0.4 -2.7 -1
v -0.4 -2.6 -1
v -0.4 -2.7 -0.9
v -0.4 -2.6 -0.9
v -0.4 -0.7 -0.9
v -0.4 -0.6 -0.9
v -0.4 -2.8 -0.8
v -0.4 -2.7 -0.8
v -0.4 -2.6 -0.8
v -0.4 -0.7 -0.8
v -0.4 -0.6 -0.8
v -0.4 -2.7 -0.7
v -0.4 -2.6 -0.7
v -0.4 -2.5 -0.5
v -0.4 -2.4 -0.5
v -0.4 -2.5 -0.4
v -0.4 -2.4 -0.4
v -0.4 -1.7 -0.2
v -0.4 -1.6 -0.2
v -0.4 -1.1 -0.2
v -0.4 -0.7 -0.2
v -0.4 -2.3 -0.1
v -0.4 -2.2 -0.1
v -0.4 -1.7 -0.1
v -0.4 -1.6 -0.1
v -0.4 -1.1 -0.1
v -0.4 -0.7 -0.1
v -0.4 -2.5 0
v -0.4 -2.4 0
v -0.4 -2.3 0
v -0.4 -2.2 0
v -0.4 -2.5 0.1
v -0.4 -2.4 0.1
v -0.4 -2.1 1
v -0.4 -2 1
v -0.4 -1.9 1
v -0.4 -2.1 1.1
v -0.4 -1.9 1.1
v -0.3 -2.7 -1.1
v -0.3 -2.6 -1.1
v -0.3 -2.7 -1
v -0.3 -2.6 -1
v -0.3 -0.6 -0.8
v -0.3 -0.5 -0.8
v -0.3 -0.7 -0.7
v -0.3 -0.6 -0.7
v -0.3 -0.5 -0.7
v -0.3 -2.6 -0.6
v -0.3 -2.5 -0.6
v -0.3 -2.6 -0.5
v -0.3 -2.5 -0.5
v -0.3 -0.7 -0.5
v -0.3 -0.6 -0.5
v -0.3 -2.6 0.3
v -0.3 -2.5 0.3
v -0.3 -2.7 0.4
v -0.3 -2.6 0.4
v -0.3 -2.5 0.4
v -0.3 -2.7 0.5
v -0.3 -2.6 0.5
v -0.3 -1.9 0.8
v -0.3 -1.8 0.8
v -0.3 -2 0.9
v -0.3 -1.9 0.9
v -0.3 -1.8 0.9
v -0.3 -2 1
v -0.3 -1.9 1
v -0.3 -1.8 1
v -0.3 -1.9 1.1
v -0.3 -1.8 1.1
v -0.2 -2.7 -1.6
v -0.2 -2.6 -1.6
v -0.2 -2.7 -1.5
v -0.2 -2.6 -1.5
v -0.2 -2.4 -1.5
v -0.2 -2 -1.5
v -0.2 -1.9 -1.5
v -0.2 -2.4 -1.4
v -0.2 -2.2 -1.4
v -0.2 -2 -1.4
v -0.2 -1.9 -1.4
v -0.2 -2.3 -1.3
v -0.2 -2.2 -1.3
v -0.2 -2.1 -1.3
v -0.2 -2 -1.3
v -0.2 -2.6 -1.2
v -0.2 -2.5 -1.2
v -0.2 -2.3 -1.2
v -0.2 -2.1 -1.2
v -0.2 -2 -1.2
v -0.2 -2.6 -1.1
v -0.2 -2.5 -1.1
v -0.2 -0.8 -0.8
v -0.2 -0.7 -0.8
v -0.2 -0.6 -0.8
v -0.2 -2.7 -0.7
v -0.2 -2.6 -0.7
v -0.2 -1 -0.7
v -0.2 -0.9 -0.7
v -0.2 -0.8 -0.7
v -0.2 -0.7 -0.7
v -0.2 -0.6 -0.7
v -0.2 -2.7 -0.6
v -0.2 -2.6 -0.6
v -0.2 -1 -0.6
v -0.2 -0.9 -0.6
v -0.2 -0.8 -0.6
v -0.2 -0.7 -0.6
v -0.2 -2.6 -0.5
v -0.2 -2.5 -0.5
v -0.2 -0.8 -0.5
v -0.2 -2.6 -0.4
v -0.2 -2.5 -0.4
v -0.2 -2.4 -0.4
v -0.2 -2.2 -0.4
v -0.2 -2.1 -0.4
v -0.2 -0.8 -0.4
v -0.2 -0.7 -0.4
v -0.2 -2.8 -0.3
v -0.2 -2.6 -0.3
v -0.2 -2.5 -0.3
v -0.2 -2.4 -0.3
v -0.2 -2.3 -0.3
v -0.2 -2.2 -0.3
v -0.2 -2.1 -0.3
v -0.2 -2.8 -0.2
v -0.2 -2.7 -0.2
v -0.2 -2.6 -0.2
v -0.2 -2.5 -0.2
v -0.2 -2.3 -0.2
v -0.2 -2.2 -0.2
v -0.2 -2.7 0
v -0.2 -2.6 0
v -0.2 -2.7 0.1
v -0.2 -2.6 0.1
v -0.2 -2.6 0.2
v -0.2 -2.5 0.2
v -0.2 -2.6 0.3
v -0.2 -2.5 0.3
v -0.2 -1.9 0.9
v -0.2 -1.8 0.9
v -0.2 -1.7 0.9
v -0.2 -1.9 1
v -0.2 -1.8 1
v -0.2 -1.7 1
v -0.2 -1.6 1
v -0.2 -1.8 1.1
v -0.2 -1.6 1.1
v -0.1 -2.8 -1.6
v -0.1 -2.7 -1.6
v -0.1 -2.8 -1.5
v -0.1 -2.7 -1.5
v -0.1 -2.6 -1.5
v -0.1 -2.4 -1.5
v -0.1 -1.9 -1.5
v -0.1 -1.7 -1.5
v -0.1 -2.6 -1.4
v -0.1 -2.5 -1.4
v -0.1 -2.4 -1.4
v -0.1 -2.2 -1.4
v -0.1 -2.1 -1.4
v -0.1 -1.9 -1.4
v -0.1 -1.7 -1.4
v -0.1 -2.6 -1.3
v -0.1 -2.5 -1.3
v -0.1 -2.4 -1.3
v -0.1 -2.3 -1.3
v -0.1 -2.2 -1.3
v -0.1 -2.1 -1.3
v -0.1 -2 -1.3
v -0.1 -1.9 -1.3
v -0.1 -2.7 -1.2
v -0.1 -2.6 -1.2
v -0.1 -2.5 -1.2
v -0.1 -2.3 -1.2
v -0.1 -2 -1.2
v -0.1 -1.9 -1.2
v -0.1 -2.7 -1.1
v -0.1 -2.6 -1.1
v -0.1 -0.9 -0.7
v -0.1 -0.7 -0.7
v -0.1 -1.1 -0.6
v -0.1 -0.9 -0.6
v -0.1 -0.8 -0.6
v -0.1 -0.7 -0.6
v -0.1 -1.1 -0.5
v -0.1 -1 -0.5
v -0.1 -0.9 -0.5
v -0.1 -0.8 -0.5
v -0.1 -1 -0.4
v -0.1 -0.9 -0.4
v -0.1 -0.8 -0.4
v -0.1 -1.8 -0.3
v -0.1 -1.7 -0.3
v -0.1 -1 -0.3
v -0.1 -0.9 -0.3
v -0.1 -1.8 -0.2
v -0.1 -1.7 -0.2
v -0.1 -1.8 -0.1
v -0.1 -1.7 -0.1
v -0.1 -1.6 -0.1
v -0.1 -1.5 -0.1
v -0.1 -1.4 -0.1
v -0.1 -2.3 0
v -0.1 -2.2 0
v -0.1 -1.8 0
v -0.1 -1.7 0
v -0.1 -1.5 0
v -0.1 -1.4 0
v -0.1 -2.4 0.1
v -0.1 -2.3 0.1
v -0.1 -2.2 0.1
v -0.1 -1.5 0.1
v -0.1 -1.4 0.1
v -0.1 -2.5 0.2
v -0.1 -2.4 0.2
v -0.1 -2.3 0.2
v -0.1 -2.5 0.4
v -0.1 -2.4 0.4
v -0.1 -2.7 0.6
v -0.1 -2.6 0.6
v -0.1 -2.7 0.7
v -0.1 -2.6 0.7
v -0.1 -1.8 0.8
v -0.1 -1.7 0.8
v -0.1 -1.8 0.9
v -0.1 -1.7 0.9
v -0.1 -1.6 0.9
v -0.1 -1.7 1
v -0.1 -1.6 1
v -0.1 -1.5 1
v -0.1 -1.6 1.1
v -0.1 -1.5 1.1
v 0 -2.7 -1.5
v 0 -2.6 -1.5
v 0 -2.7 -1.4
v 0 -2.6 -1.4
v 0 -2.5 -1.4
v 0 -2.1 -1.4
v 0 -1.9 -1.4
v 0 -2.7 -1.3
v 0 -2.6 -1.3
v 0 -2.5 -1.3
v 0 -2.1 -1.3
v 0 -1.9 -1.3
v 0 -1.7 -1.3
v 0 -2.8 -1.2
v 0 -2.7 -1.2
v 0 -2.6 -1.2
v 0 -1.9 -1.2
v 0 -1.7 -1.2
v 0 -2.8 -1
v 0 -2.7 -1
v 0 -2.6 -0.5
v 0 -2.5 -0.5
v 0 -1.2 -0.5
v 0 -1 -0.5
v 0 -0.9 -0.5
v 0 -2.5 -0.4
v 0 -2.3 -0.4
v 0 -1.2 -0.4
v 0 -1.1 -0.4
v 0 -1 -0.4
v 0 -0.9 -0.4
v 0 -2.6 -0.3
v 0 -2.5 -0.3
v 0 -2.3 -0.3
v 0 -1.6 -0.3
v 0 -1.3 -0.3
v 0 -2.5 -0.2
v 0 -2.3 -0.2
v 0 -1.6 -0.2
v 0 -1.5 -0.2
v 0 -1.3 -0.2
v 0 -1.6 -0.1
v 0 -1.5 -0.1
v 0 -2.4 0
v 0 -2.3 0
v 0 -2.5 0.1
v 0 -2.4 0.1
v 0 -2.3 0.1
v 0 -2.5 0.2
v 0 -2.4 0.2
v 0 -2.8 0.6
v 0 -2.7 0.6
v 0 -2.8 0.8
v 0 -2.7 0.8
v 0 -1.7 0.8
v 0 -1.6 0.8
v 0 -1.7 0.9
v 0 -1.6 0.9
v 0 -1.5 0.9
v 0 -1.6 1
v 0 -1.5 1
v 0 -1.4 1
v 0 -1.5 1.1
v 0 -1.4 1.1
v 0.1 -2.8 -1.5
v 0.1 -2.7 -1.5
v 0.1 -1.7 -1.5
v 0.1 -1.6 -1.5
v 0.1 -2.8 -1.4
v 0.1 -2.7 -1.4
v 0.1 -2.6 -1.4
v 0.1 -1.9 -1.4
v 0.1 -1.7 -1.4
v 0.1 -1.6 -1.4
v 0.1 -2.8 -1.3
v 0.1 -2.7 -1.3
v 0.1 -2.6 -1.3
v 0.1 -1.9 -1.3
v 0.1 -1.7 -1.3
v 0.1 -2.8 -1.2
v 0.1 -2.7 -1.2
v 0.1 -2.7 -0.9
v 0.1 -2.6 -0.9
v 0.1 -2.7 -0.8
v 0.1 -2.6 -0.8
v 0.1 -1.3 -0.4
v 0.1 -1.1 -0.4
v 0.1 -1 -0.4
v 0.1 -2.6 -0.3
v 0.1 -2.5 -0.3
v 0.1 -1.8 -0.3
v 0.1 -1.7 -0.3
v 0.1 -2.6 -0.2
v 0.1 -2.5 -0.2
v 0.1 -1.8 -0.2
v 0.1 -1.7 -0.2
v 0.1 -1.5 -0.2
v 0.1 -1.3 -0.2
v 0.1 -1.1 -0.2
v 0.1 -2.3 -0.1
v 0.1 -2.2 -0.1
v 0.1 -1.8 -0.1
v 0.1 -1.7 -0.1
v 0.1 -1.5 -0.1
v 0.1 -1.4 -0.1
v 0.1 -1.3 -0.1
v 0.1 -1.2 -0.1
v 0.1 -1.1 -0.1
v 0.1 -1 -0.1
v 0.1 -2.3 0
v 0.1 -2.2 0
v 0.1 -1.8 0
v 0.1 -1.7 0
v 0.1 -1.4 0
v 0.1 -1.2 0
v 0.1 -1.6 0.8
v 0.1 -1.5 0.8
v 0.1 -1.4 0.8
v 0.1 -1.3 0.8
v 0.1 -1.6 0.9
v 0.1 -1.5 0.9
v 0.1 -1.4 0.9
v 0.1 -1.3 0.9
v 0.2 -1.6 -1.5
v 0.2 -1.5 -1.5
v 0.2 -2.8 -1.4
v 0.2 -2.7 -1.4
v 0.2 -1.7 -1.4
v 0.2 -1.6 -1.4
v 0.2 -1.5 -1.4
v 0.2 -2.8 -1.3
v 0.2 -2.7 -1.3
v 0.2 -1.7 -1.2
v 0.2 -1.6 -1.2
v 0.2 -2.6 -0.6
v 0.2 -2.5 -0.6
v 0.2 -2.6 -0.5
v 0.2 -2.5 -0.5
v 0.2 -2.5 -0.4
v 0.2 -2.4 -0.4
v 0.2 -2.3 -0.4
v 0.2 -2.2 -0.4
v 0.2 -2.5 -0.3
v 0.2 -2.4 -0.3
v 0.2 -2.3 -0.3
v 0.2 -2.2 -0.3
v 0.2 -2.4 -0.2
v 0.2 -2.3 -0.2
v 0.2 -2.2 -0.2
v 0.2 -1.7 -0.2
v 0.2 -1.6 -0.2
v 0.2 -1.3 -0.2
v 0.2 -1.1 -0.2
v 0.2 -2.4 -0.1
v 0.2 -2.3 -0.1
v 0.2 -2.2 -0.1
v 0.2 -2.1 -0.1
v 0.2 -2 -0.1
v 0.2 -1.8 -0.1
v 0.2 -1.7 -0.1
v 0.2 -1.6 -0.1
v 0.2 -1.3 -0.1
v 0.2 -1.1 -0.1
v 0.2 -2.5 0
v 0.2 -2.4 0
v 0.2 -2.3 0
v 0.2 -2.2 0
v 0.2 -2.1 0
v 0.2 -2 0
v 0.2 -1.8 0
v 0.2 -2.5 0.1
v 0.2 -2.4 0.1
v 0.2 -2.6 0.2
v 0.2 -2.5 0.2
v 0.2 -2.6 0.3
v 0.2 -2.6 0.5
v 0.2 -2.5 0.5
v 0.2 -1.5 0.8
v 0.2 -1.4 0.8
v 0.2 -1.5 0.9
v 0.2 -1.4 0.9
v 0.3 -1.5 -1.5
v 0.3 -1.4 -1.5
v 0.3 -1.3 -1.5
v 0.3 -1.6 -1.4
v 0.3 -1.5 -1.4
v 0.3 -1.4 -1.4
v 0.3 -1.3 -1.4
v 0.3 -1.6 -1.2
v 0.3 -1.5 -1.2
v 0.3 -2.2 -0.4
v 0.3 -2 -0.4
v 0.3 -2.2 -0.3
v 0.3 -2 -0.3
v 0.3 -2.4 -0.2
v 0.3 -2.3 -0.2
v 0.3 -2.2 -0.2
v 0.3 -2 -0.2
v 0.3 -2.4 -0.1
v 0.3 -2.3 -0.1
v 0.3 -2.1 -0.1
v 0.3 -2 -0.1
v 0.3 -2.1 0
v 0.3 -2 0
v 0.3 -2.7 0.1
v 0.3 -2.6 0.1
v 0.3 -2.5 0.1
v 0.3 -2.6 0.2
v 0.3 -2.5 0.2
v 0.3 -2.7 0.3
v 0.3 -2.6 0.3
v 0.3 -0.9 0.4
v 0.3 -0.8 0.4
v 0.3 -0.9 0.5
v 0.3 -2.7 0.6
v 0.3 -2.6 0.6
v 0.3 -1 0.6
v 0.3 -0.9 0.6
v 0.3 -0.8 0.6
v 0.3 -1 0.7
v 0.3 -0.9 0.7
v 0.3 -1.5 0.9
v 0.3 -1.4 0.9
v 0.3 -1.5 1
v 0.3 -1.4 1
v 0.4 -1.5 -1.4
v 0.4 -1.3 -1.4
v 0.4 -2.8 -1.2
v 0.4 -2.7 -1.2
v 0.4 -1.5 -1.2
v 0.4 -1.3 -1.2
v 0.4 -2.8 -1.1
v 0.4 -2.7 -1.1
v 0.4 -2.6 -1.1
v 0.4 -2.7 -0.9
v 0.4 -2.6 -0.9
v 0.4 -2.7 -0.8
v 0.4 -2.6 -0.8
v 0.4 -2.5 -0.8
v 0.4 -2.7 -0.7
v 0.4 -2.6 -0.7
v 0.4 -2.6 -0.6
v 0.4 -2.5 -0.6
v 0.4 -2.6 -0.3
v 0.4 -2.5 -0.3
v 0.4 -2.3 -0.3
v 0.4 -2.2 -0.3
v 0.4 -2.6 -0.2
v 0.4 -2.5 -0.2
v 0.4 -2.3 -0.2
v 0.4 -2.2 -0.2
v 0.4 -2.3 -0.1
v 0.4 -2.2 -0.1
v 0.4 -2 -0.1
v 0.4 -1.9 -0.1
v 0.4 -2.8 0
v 0.4 -2.7 0
v 0.4 -2.6 0
v 0.4 -2.5 0
v 0.4 -2 0
v 0.4 -1.9 0
v 0.4 -2.8 0.1
v 0.4 -2.7 0.1
v 0.4 -2.6 0.1
v 0.4 -2.5 0.1
v 0.4 -1.1 0.4
v 0.4 -1 0.4
v 0.4 -1.1 0.5
v 0.4 -1 0.5
v 0.4 -0.9 0.5
v 0.4 -1.1 0.6
v 0.4 -0.9 0.6
v 0.4 -1.4 0.9
v 0.4 -1.3 0.9
v 0.4 -1.4 1.1
v 0.4 -1.3 1.1
v 0.5 -1.3 -1.4
v 0.5 -1.2 -1.4
v 0.5 -1.2 -1.3
v 0.5 -1.1 -1.3
v 0.5 -1 -1.3
v 0.5 -1.1 -1.2
v 0.5 -1 -1.2
v 0.5 -1.3 -1.1
v 0.5 -1.2 -1.1
v 0.5 -2.5 -0.3
v 0.5 -2.4 -0.3
v 0.5 -2.5 -0.2
v 0.5 -2.4 -0.2
v 0.5 -1.1 -0.1
v 0.5 -0.9 -0.1
v 0.5 -1.1 0
v 0.5 -0.9 0
v 0.5 -1.1 0.2
v 0.5 -1 0.2
v 0.5 -2.7 0.3
v 0.5 -2.6 0.3
v 0.5 -1.3 0.3
v 0.5 -1.1 0.3
v 0.5 -1 0.3
v 0.5 -0.9 0.3
v 0.5 -1.3 0.4
v 0.5 -1 0.4
v 0.5 -1 0.5
v 0.5 -0.9 0.5
v 0.5 -2.7 0.7
v 0.5 -2.6 0.7
v 0.5 -2.8 0.8
v 0.5 -2.7 0.8
v 0.5 -2.8 0.9
v 0.5 -2.7 0.9
v 0.5 -1.3 0.9
v 0.5 -1.2 0.9
v 0.5 -1.3 1.1
v 0.5 -1.2 1.1
v 0.6 -1.2 -1.3
v 0.6 -1.1 -1.3
v 0.6 -1.1 -1.2
v 0.6 -1 -1.2
v 0.6 -0.9 -1.2
v 0.6 -1.2 -1.1
v 0.6 -1.1 -1.1
v 0.6 -1 -1.1
v 0.6 -0.9 -1.1
v 0.6 -2.7 -0.9
v 0.6 -2.6 -0.9
v 0.6 -2.5 -0.9
v 0.6 -2.7 -0.8
v 0.6 -2.5 -0.8
v 0.6 -2.7 -0.4
v 0.6 -2.6 -0.4
v 0.6 -2.5 -0.4
v 0.6 -2.4 -0.4
v 0.6 -2.3 -0.4
v 0.6 -2.7 -0.3
v 0.6 -2.6 -0.3
v 0.6 -2.5 -0.3
v 0.6 -2.4 -0.3
v 0.6 -0.9 -0.3
v 0.6 -0.7 -0.3
v 0.6 -2.4 -0.2
v 0.6 -2.3 -0.2
v 0.6 -1 -0.2
v 0.6 -0.9 -0.2
v 0.6 -0.8 -0.2
v 0.6 -0.7 -0.2
v 0.6 -1.9 -0.1
v 0.6 -1.8 -0.1
v 0.6 -1 -0.1
v 0.6 -0.9 -0.1
v 0.6 -0.8 -0.1
v 0.6 -0.6 -0.1
v 0.6 -2.4 0
v 0.6 -2.3 0
v 0.6 -2.1 0
v 0.6 -2 0
v 0.6 -1.9 0
v 0.6 -1.8 0
v 0.6 -0.9 0
v 0.6 -0.6 0
v 0.6 -2.4 0.1
v 0.6 -2.1 0.1
v 0.6 -2 0.1
v 0.6 -1.2 0.1
v 0.6 -1.1 0.1
v 0.6 -2.4 0.2
v 0.6 -2.3 0.2
v 0.6 -1.3 0.2
v 0.6 -1.2 0.2
v 0.6 -1.3 0.3
v 0.6 -1.1 0.3
v 0.6 -2.8 0.4
v 0.6 -2.7 0.4
v 0.6 -2.8 0.5
v 0.6 -2.7 0.5
v 0.6 -1.2 0.9
v 0.6 -1.1 0.9
v 0.6 -1 0.9
v 0.6 -0.9 0.9
v 0.6 -1.1 1
v 0.6 -1 1
v 0.6 -0.9 1
v 0.6 -1.1 1.1
v 0.6 -1 1.1
v 0.6 -1.2 1.2
v 0.6 -1.1 1.2
v 0.7 -1.1 -1.2
v 0.7 -1 -1.2
v 0.7 -2.8 -1.1
v 0.7 -2.7 -1.1
v 0.7 -1.1 -1.1
v 0.7 -1 -1.1
v 0.7 -2.8 -1
v 0.7 -2.7 -1
v 0.7 -2.6 -1
v 0.7 -2.7 -0.9
v 0.7 -2.6 -0.9
v 0.7 -2.6 -0.8
v 0.7 -2.5 -0.8
v 0.7 -2.5 -0.7
v 0.7 -2.4 -0.7
v 0.7 -2.6 -0.6
v 0.7 -2.5 -0.6
v 0.7 -2.4 -0.6
v 0.7 -2.1 -0.6
v 0.7 -2 -0.6
v 0.7 -2.1 -0.5
v 0.7 -2 -0.5
v 0.7 -1.9 -0.5
v 0.7 -2 -0.4
v 0.7 -1.9 -0.4
v 0.7 -0.6 -0.3
v 0.7 -0.5 -0.3
v 0.7 -1.3 -0.2
v 0.7 -1.1 -0.2
v 0.7 -1 -0.2
v 0.7 -0.8 -0.2
v 0.7 -0.7 -0.2
v 0.7 -0.6 -0.2
v 0.7 -0.5 -0.2
v 0.7 -0.4 -0.2
v 0.7 -0.3 -0.2
v 0.7 -2 -0.1
v 0.7 -1.9 -0.1
v 0.7 -1.5 -0.1
v 0.7 -1.3 -0.1
v 0.7 -1.1 -0.1
v 0.7 -1 -0.1
v 0.7 -0.8 -0.1
v 0.7 -0.6 -0.1
v 0.7 -0.4 -0.1
v 0.7 -0.3 -0.1
v 0.7 -2.3 0
v 0.7 -2.2 0
v 0.7 -2 0
v 0.7 -1.9 0
v 0.7 -1.5 0
v 0.7 -1.4 0
v 0.7 -1.3 0
v 0.7 -1.2 0
v 0.7 -2.3 0.1
v 0.7 -2.2 0.1
v 0.7 -2.1 0.1
v 0.7 -2.3 0.2
v 0.7 -2.1 0.2
v 0.7 -1.4 0.2
v 0.7 -1.2 0.2
v 0.7 -2.8 0.3
v 0.7 -2.7 0.3
v 0.7 -2.8 0.4
v 0.7 -2.7 0.4
v 0.7 -2.6 0.5
v 0.7 -2.5 0.5
v 0.7 -2.6 0.6
v 0.7 -2.5 0.6
v 0.7 -1.1 0.9
v 0.7 -1 0.9
v 0.7 -1.1 1
v 0.7 -1 1
v 0.8 -2.8 -1
v 0.8 -2.7 -1
v 0.8 -2.8 -0.9
v 0.8 -2.7 -0.9
v 0.8 -2.6 -0.6
v 0.8 -2.5 -0.6
v 0.8 -2.4 -0.6
v 0.8 -2.6 -0.5
v 0.8 -2.5 -0.5
v 0.8 -2.4 -0.5
v 0.8 -2.3 -0.5
v 0.8 -2.2 -0.5
v 0.8 -2.1 -0.5
v 0.8 -2.3 -0.4
v 0.8 -2.2 -0.4
v 0.8 -2.1 -0.4
v 0.8 -2 -0.4
v 0.8 -1.8 -0.4
v 0.8 -2.4 -0.3
v 0.8 -2.3 -0.3
v 0.8 -2.2 -0.3
v 0.8 -2.1 -0.3
v 0.8 -2 -0.3
v 0.8 -1.8 -0.3
v 0.8 -1.6 -0.3
v 0.8 -1.4 -0.3
v 0.8 -0.7 -0.3
v 0.8 -0.6 -0.3
v 0.8 -2.4 -0.2
v 0.8 -2.3 -0.2
v 0.8 -1.6 -0.2
v 0.8 -1.5 -0.2
v 0.8 -1.4 -0.2
v 0.8 -1.3 -0.2
v 0.8 -0.7 -0.2
v 0.8 -0.6 -0.2
v 0.8 -0.4 -0.2
v 0.8 -2.7 -0.1
v 0.8 -2.6 -0.1
v 0.8 -1.6 -0.1
v 0.8 -1.5 -0.1
v 0.8 -1.3 -0.1
v 0.8 -0.6 -0.1
v 0.8 -0.4 -0.1
v 0.8 -2.4 0
v 0.8 -2.3 0
v 0.8 -2.2 0
v 0.8 -2.1 0
v 0.8 -1.6 0
v 0.8 -1.5 0
v 0.8 -2.7 0.1
v 0.8 -2.6 0.1
v 0.8 -2.4 0.1
v 0.8 -2.3 0.1
v 0.8 -2.2 0.1
v 0.8 -2.1 0.1
v 0.8 -2.8 0.2
v 0.8 -2.7 0.2
v 0.8 -2.8 0.3
v 0.8 -2.7 0.3
v 0.9 -2.8 -0.9
v 0.9 -2.7 -0.9
v 0.9 -2.8 -0.8
v 0.9 -2.7 -0.8
v 0.9 -2.6 -0.8
v 0.9 -2.7 -0.7
v 0.9 -2.6 -0.7
v 0.9 -2.5 -0.7
v 0.9 -2.6 -0.6
v 0.9 -2.5 -0.6
v 0.9 -2.6 -0.5
v 0.9 -2.5 -0.5
v 0.9 -2.1 -0.5
v 0.9 -2 -0.5
v 0.9 -2.6 -0.4
v 0.9 -2.5 -0.4
v 0.9 -2.1 -0.4
v 0.9 -2 -0.4
v 0.9 -2 -0.3
v 0.9 -1.8 -0.3
v 0.9 -1.6 -0.3
v 0.9 -2 -0.2
v 0.9 -1.9 -0.2
v 0.9 -1.8 -0.2
v 0.9 -1.6 -0.2
v 0.9 -1.5 -0.2
v 0.9 -2 -0.1
v 0.9 -1.9 -0.1
v 0.9 -1.8 -0.1
v 0.9 -1.6 -0.1
v 0.9 -1.5 -0.1
v 0.9 -2.1 0
v 0.9 -2 0
v 0.9 -1.9 0
v 0.9 -2.5 0.1
v 0.9 -2.4 0.1
v 0.9 -2.1 0.1
v 0.9 -2 0.1
v 0.9 -1.9 0.1
v 0.9 -1.8 0.1
v 0.9 -2.6 0.2
v 0.9 -2.5 0.2
v 0.9 -2.4 0.2
v 0.9 -2.6 0.5
v 0.9 -2.5 0.5
v 0.9 -2.8 0.6
v 0.9 -2.6 0.6
v 0.9 -2.7 0.7
v 0.9 -2.6 0.7
v 0.9 -2.8 0.8
v 0.9 -2.7 0.8
v 1 -2.8 -0.8
v 1 -2.7 -0.8
v 1 -2.8 -0.7
v 1 -2.7 -0.7
v 1 -2.4 -0.5
v 1 -2.3 -0.5
v 1 -2.5 -0.4
v 1 -2.4 -0.4
v 1 -2.3 -0.4
v 1 -2.1 -0.4
v 1 -2.5 -0.3
v 1 -2.4 -0.3
v 1 -2.3 -0.3
v 1 -2.1 -0.3
v 1 -2 -0.3
v 1 -2.1 -0.2
v 1 -2 -0.2
v 1 -1.8 -0.2
v 1 -1.6 -0.2
v 1 -2.5 -0.1
v 1 -2.4 -0.1
v 1 -1.8 -0.1
v 1 -1.6 -0.1
v 1 -2.6 0
v 1 -2.5 0
v 1 -2.4 0
v 1 -2.3 0
v 1 -2.5 0.1
v 1 -2.4 0.1
v 1 -2.6 0.2
v 1 -2.5 0.2
v 1 -2.4 0.2
v 1 -2.3 0.2
v 1 -2.8 0.4
v 1 -2.6 0.4
v 1 -2.8 0.6
v 1 -2.6 0.6
v 1.1 -2.8 -0.7
v 1.1 -2.7 -0.7
v 1.1 -2.6 -0.7
v 1.1 -2.8 -0.5
v 1.1 -2.7 -0.5
v 1.1 -2.6 -0.5
v 1.1 -2.5 -0.5
v 1.1 -2.4 -0.5
v 1.1 -2.7 -0.4
v 1.1 -2.6 -0.4
v 1.1 -2.5 -0.4
v 1.1 -2.4 -0.4
v 1.1 -2.7 -0.3
v 1.1 -2.6 -0.3
v 1.1 -2.5 -0.3
v 1.1 -0.9 -0.3
v 1.1 -0.8 -0.3
v 1.1 -1.9 -0.2
v 1.1 -1.8 -0.2
v 1.1 -0.9 -0.2
v 1.1 -0.8 -0.2
v 1.1 -2.3 -0.1
v 1.1 -2.1 -0.1
v 1.1 -2 -0.1
v 1.1 -1.9 -0.1
v 1.1 -1.8 -0.1
v 1.1 -2.3 0
v 1.1 -2 0
v 1.1 -2.7 0.1
v 1.1 -2.6 0.1
v 1.1 -2.8 0.3
v 1.1 -2.7 0.3
v 1.1 -2.8 0.4
v 1.1 -2.6 0.4
v 1.2 -2.7 -0.5
v 1.2 -2.6 -0.5
v 1.2 -2.7 -0.4
v 1.2 -2.6 -0.4
v 1.2 -2.5 -0.3
v 1.2 -2.3 -0.3
v 1.2 -0.8 -0.3
v 1.2 -0.7 -0.3
v 1.2 -0.5 -0.3
v 1.2 -0.4 -0.3
v 1.2 -2.5 -0.2
v 1.2 -2.3 -0.2
v 1.2 -0.8 -0.2
v 1.2 -0.7 -0.2
v 1.2 -0.5 -0.2
v 1.2 -0.4 -0.2
v 1.2 -2.5 -0.1
v 1.2 -2.3 -0.1
v 1.2 -2.8 0
v 1.2 -2.7 0
v 1.2 -2.5 0
v 1.2 -2.3 0
v 1.2 -2.7 0.1
v 1.2 -2.8 0.3
v 1.2 -2.7 0.3
v 1.3 -2.8 -0.5
v 1.3 -2.7 -0.5
v 1.3 -2.7 -0.4
v 1.3 -0.7 -0.3
v 1.3 -0.5 -0.3
v 1.3 -1 -0.2
v 1.3 -0.7 -0.2
v 1.3 -0.6 -0.2
v 1.3 -1.1 -0.1
v 1.3 -1 -0.1
v 1.3 -0.8 -0.1
v 1.3 -0.6 -0.1
v 1.3 -0.5 -0.1
v 1.3 -2.8 0
v 1.3 -2.7 0
v 1.3 -2.6 0
v 1.3 -1.1 0
v 1.3 -0.8 0
v 1.3 -2.7 0.1
v 1.3 -2.6 0.1
v 1.4 -2.7 -0.4
v 1.4 -2.6 -0.4
v 1.4 -2.1 -0.3
v 1.4 -2 -0.3
v 1.4 -2.1 -0.2
v 1.4 -2 -0.2
v 1.4 -1.3 -0.2
v 1.4 -1.2 -0.2
v 1.4 -1 -0.2
v 1.4 -1.3 -0.1
v 1.4 -1.2 -0.1
v 1.4 -1 -0.1
v 1.4 -2.7 0
v 1.4 -2.6 0
v 1.4 -2.5 0
v 1.4 -2.6 0.1
v 1.4 -2.5 0.1
v 1.5 -2.6 -0.4
v 1.5 -2.5 -0.4
v 1.5 -2.5 -0.3
v 1.5 -2.4 -0.3
v 1.5 -2.3 -0.3
v 1.5 -2.1 -0.3
v 1.5 -2 -0.3
v 1.5 -1.8 -0.3
v 1.5 -1.4 -0.3
v 1.5 -2.4 -0.2
v 1.5 -2.3 -0.2
v 1.5 -2.1 -0.2
v 1.5 -2 -0.2
v 1.5 -1.9 -0.2
v 1.5 -1.8 -0.2
v 1.5 -1.5 -0.2
v 1.5 -1.4 -0.2
v 1.5 -1.3 -0.2
v 1.5 -2.4 -0.1
v 1.5 -2.1 -0.1
v 1.5 -1.9 -0.1
v 1.5 -1.8 -0.1
v 1.5 -1.5 -0.1
v 1.5 -1.3 -0.1
v 1.5 -2.6 0
v 1.5 -2.4 0
v 1.6 -2.4 -0.2
v 1.6 -2.1 -0.2
v 1.6 -1.8 -0.2
v 1.6 -1.5 -0.2
v 1.6 -2.4 -0.1
v 1.6 -2.1 -0.1
v 1.6 -1.8 -0.1
v 1.6 -1.5 -0.1
v -1.4 -2.8 0.8
v -1.4 -2.8 1.2
v -1.3 -2.8 -1
v -1.3 -2.8 -0.8
v -1.3 -2.8 -0.5
v -1.3 -2.8 -0.3
v -1.3 -2.8 0
v -1.3 -2.8 0.8
v -1.3 -2.8 0.9
v -1.3 -2.8 1.2
v -1.3 -2.8 1.4
v -1.2 -2.8 -0.8
v -1.2 -2.8 -0.5
v -1.2 -2.8 0
v -1.2 -2.8 0.7
v -1.2 -2.8 1.4
v -1.2 -2.8 1.5
v -1.1 -2.8 -1.2
v -1.1 -2.8 -1
v -1.1 -2.8 -0.5
v -1.1 -2.8 -0.4
v -1.1 -2.8 -0.3
v -1.1 -2.8 0.7
v -1.1 -2.8 0.8
v -1.1 -2.8 1.5
v -1.1 -2.8 1.6
v -1 -2.8 -1.2
v -1 -2.8 -1
v -1 -2.8 -0.5
v -1 -2.8 -0.4
v -1 -2.8 0.8
v -1 -2.8 0.9
v -0.8 -2.8 0.8
v -0.8 -2.8 0.9
v -0.8 -2.8 1.4
v -0.8 -2.8 1.5
v -0.7 -2.8 -1
v -0.7 -2.8 -0.9
v -0.7 -2.8 -0.1
v -0.7 -2.8 0
v -0.7 -2.8 0.7
v -0.7 -2.8 0.8
v -0.7 -2.8 0.9
v -0.7 -2.8 1
v -0.7 -2.8 1.4
v -0.7 -2.8 1.5
v -0.6 -2.8 -1.5
v -0.6 -2.8 -1.1
v -0.6 -2.8 -1
v -0.6 -2.8 -0.9
v -0.6 -2.8 -0.3
v -0.6 -2.8 -0.1
v -0.6 -2.8 0
v -0.6 -2.8 0.6
v -0.6 -2.8 0.7
v -0.6 -2.8 1
v -0.6 -2.8 1.1
v -0.6 -2.8 1.5
v -0.6 -2.8 1.6
v -0.5 -2.8 -1.1
v -0.5 -2.8 -1
v -0.5 -2.8 -0.1
v -0.5 -2.8 0
v -0.5 -2.8 1.1
v -0.5 -2.8 1.5
v -0.4 -2.8 -1.6
v -0.4 -2.8 -1.5
v -0.4 -2.8 -1
v -0.4 -2.8 -0.8
v -0.4 -2.8 0.6
v -0.4 -2.8 0.7
v -0.3 -2.8 -0.3
v -0.3 -2.8 -0.2
v -0.2 -2.8 -0.3
v -0.2 -2.8 -0.2
v -0.2 -2.8 0
v -0.2 -2.8 0.7
v -0.2 -2.8 0.8
v -0.1 -2.8 -1.6
v -0.1 -2.8 -1.5
v -0.1 -2.8 -0.3
v -0.1 -2.8 -0.2
v 0 -2.8 -1.2
v 0 -2.8 -1
v 0 -2.8 -0.8
v 0 -2.8 0.6
v 0 -2.8 0.8
v 0.1 -2.8 -1.5
v 0.1 -2.8 -1.4
v 0.1 -2.8 -1.3
v 0.1 -2.8 -1.2
v 0.1 -2.8 0.6
v 0.1 -2.8 0.9
v 0.2 -2.8 -1.4
v 0.2 -2.8 -1.3
v 0.2 -2.8 -1.1
v 0.2 -2.8 -1
v 0.3 -2.8 -1.2
v 0.3 -2.8 -1.1
v 0.4 -2.8 -1.2
v 0.4 -2.8 -1.1
v 0.4 -2.8 0
v 0.4 -2.8 0.1
v 0.5 -2.8 0
v 0.5 -2.8 0.1
v 0.5 -2.8 0.8
v 0.5 -2.8 0.9
v 0.6 -2.8 0.4
v 0.6 -2.8 0.5
v 0.7 -2.8 -1.1
v 0.7 -2.8 -1
v 0.7 -2.8 0.3
v 0.7 -2.8 0.4
v 0.8 -2.8 -1
v 0.8 -2.8 -0.9
v 0.8 -2.8 0.2
v 0.8 -2.8 0.3
v 0.9 -2.8 -0.9
v 0.9 -2.8 -0.8
v 0.9 -2.8 0.2
v 0.9 -2.8 0.3
v 0.9 -2.8 0.4
v 0.9 -2.8 0.5
v 0.9 -2.8 0.6
v 0.9 -2.8 0.8
v 1 -2.8 -0.8
v 1 -2.8 -0.7
v 1 -2.8 0.3
v 1 -2.8 0.4
v 1 -2.8 0.6
v 1.1 -2.8 -0.7
v 1.1 -2.8 -0.5
v 1.1 -2.8 0.3
v 1.1 -2.8 0.4
v 1.2 -2.8 0
v 1.2 -2.8 0.3
v 1.3 -2.8 -0.5
v 1.3 -2.8 0
v -1.4 -2.7 -0.3
v -1.4 -2.7 0.1
v -1.3 -2.7 -0.3
v -1.3 -2.7 0
v -1.2 -2.7 0
v -1.2 -2.7 0.1
v -1.1 -2.7 -0.5
v -1.1 -2.7 -0.4
v -1.1 -2.7 0.8
v -1.1 -2.7 0.9
v -1 -2.7 -0.5
v -1 -2.7 -0.4
v -1 -2.7 0.8
v -1 -2.7 0.9
v -0.8 -2.7 1.4
v -0.8 -2.7 1.5
v -0.7 -2.7 -0.1
v -0.7 -2.7 0
v -0.7 -2.7 1.4
v -0.7 -2.7 1.5
v -0.6 -2.7 -1.1
v -0.6 -2.7 -1
v -0.6 -2.7 -0.3
v -0.6 -2.7 -0.1
v -0.6 -2.7 0
v -0.5 -2.7 -1.1
v -0.5 -2.7 -1
v -0.5 -2.7 -0.1
v -0.5 -2.7 0
v -0.3 -2.7 -0.3
v -0.3 -2.7 -0.2
v -0.2 -2.7 -0.2
v -0.2 -2.7 0
v 0.4 -2.7 0
v 0.4 -2.7 0.1
v 0.5 -2.7 0
v 0.5 -2.7 0.1
v 0.6 -2.7 0.4
v 0.6 -2.7 0.5
v 0.7 -2.7 0.3
v 0.7 -2.7 0.4
v 0.8 -2.7 0.2
v 0.8 -2.7 0.3
v 0.8 -2.7 0.4
v 0.8 -2.7 0.5
v 0.9 -2.7 0.2
v 0.9 -2.7 0.3
v 0.9 -2.7 0.4
v 0.9 -2.7 0.5
v 1 -2.7 0.3
v 1 -2.7 0.4
v 1.2 -2.7 0
v 1.2 -2.7 0.1
v 1.3 -2.7 -0.4
v 1.3 -2.7 0
v 1.3 -2.7 0.1
v 1.4 -2.7 -0.4
v 1.4 -2.7 0
v -1.5 -2.6 -0.3
v -1.5 -2.6 0
v -1.4 -2.6 -0.3
v -1.4 -2.6 0
v -0.8 -2.6 -1.1
v -0.8 -2.6 -1
v -0.7 -2.6 -1.1
v -0.7 -2.6 -1
v -0.7 -2.6 -0.9
v -0.6 -2.6 -1.1
v -0.6 -2.6 -1
v -0.6 -2.6 -0.9
v -0.2 -2.6 0
v -0.2 -2.6 0.1
v -0.1 -2.6 0
v -0.1 -2.6 0.1
v 0.6 -2.6 -0.4
v 0.6 -2.6 -0.3
v 0.7 -2.6 -0.4
v 0.7 -2.6 -0.3
v 0.8 -2.6 -0.1
v 0.8 -2.6 0.1
v 0.9 -2.6 -0.1
v 0.9 -2.6 0.1
v 1.3 -2.6 0
v 1.3 -2.6 0.1
v 1.4 -2.6 -0.4
v 1.4 -2.6 0
v 1.4 -2.6 0.1
v 1.5 -2.6 -0.4
v 1.5 -2.6 0
v -1.6 -2.5 -0.3
v -1.6 -2.5 0
v -1.5 -2.5 -0.3
v -1.5 -2.5 0
v -1.5 -2.5 0.1
v -1.4 -2.5 -0.4
v -1.4 -2.5 -0.3
v -1.3 -2.5 -0.4
v -1.3 -2.5 -0.3
v -1.3 -2.5 0
v -1.3 -2.5 0.1
v -0.8 -2.5 -1
v -0.8 -2.5 -0.9
v -0.7 -2.5 -1
v -0.7 -2.5 -0.9
v -0.2 -2.5 -0.3
v -0.2 -2.5 -0.2
v -0.2 -2.5 0.2
v -0.2 -2.5 0.3
v -0.1 -2.5 -0.3
v -0.1 -2.5 -0.2
v -0.1 -2.5 0.2
v -0.1 -2.5 0.3
v 0.1 -2.5 -0.3
v 0.1 -2.5 -0.2
v 0.2 -2.5 -0.3
v 0.2 -2.5 -0.2
v 0.4 -2.5 -0.3
v 0.4 -2.5 -0.2
v 0.4 -2.5 0
v 0.4 -2.5 0.1
v 0.4 -2.5 0.2
v 0.5 -2.5 -0.3
v 0.5 -2.5 -0.2
v 0.5 -2.5 0
v 0.5 -2.5 0.1
v 0.6 -2.5 0.1
v 0.6 -2.5 0.2
v 0.9 -2.5 -0.5
v 0.9 -2.5 -0.4
v 1 -2.5 -0.4
v 1.1 -2.5 -0.5
v 1.1 -2.5 -0.4
v -1.5 -2.4 -0.4
v -1.5 -2.4 -0.3
v -1.4 -2.4 -0.4
v -1.4 -2.4 -0.3
v -1.4 -2.4 0.1
v -1.4 -2.4 0.2
v -1.3 -2.4 0.1
v -1.3 -2.4 0.2
v -1.2 -2.4 0
v -1.2 -2.4 0.1
v -1.1 -2.4 0
v -1.1 -2.4 0.1
v -1 -2.4 0
v -1 -2.4 0.1
v -0.9 -2.4 -1.1
v -0.9 -2.4 -1
v -0.8 -2.4 -1.1
v -0.8 -2.4 -1
v -0.8 -2.4 -0.9
v -0.8 -2.4 -0.8
v -0.8 -2.4 1.2
v -0.8 -2.4 1.3
v -0.7 -2.4 1.2
v -0.7 -2.4 1.3
v -0.7 -2.4 1.5
v -0.6 -2.4 -0.9
v -0.6 -2.4 -0.8
v -0.6 -2.4 1.3
v -0.6 -2.4 1.5
v 0.5 -2.4 -0.3
v 0.5 -2.4 -0.2
v 0.6 -2.4 -0.3
v 0.6 -2.4 -0.2
v 0.9 -2.4 0.1
v 0.9 -2.4 0.2
v 1 -2.4 -0.1
v 1 -2.4 0
v 1 -2.4 0.1
v 1 -2.4 0.2
v 1.1 -2.4 -0.1
v 1.1 -2.4 0
v 1.5 -2.4 -0.2
v 1.5 -2.4 -0.1
v 1.6 -2.4 -0.2
v 1.6 -2.4 -0.1
v -1 -2.3 -1
v -1 -2.3 -0.9
v -1 -2.3 1.1
v -1 -2.3 1.2
v -0.9 -2.3 -1
v -0.9 -2.3 -0.9
v -0.9 -2.3 -0.8
v -0.9 -2.3 -0.2
v -0.9 -2.3 -0.1
v -0.8 -2.3 -1
v -0.8 -2.3 -0.8
v -0.8 -2.3 -0.2
v -0.8 -2.3 -0.1
v -0.8 -2.3 0
v -0.8 -2.3 1.2
v -0.7 -2.3 -0.1
v -0.7 -2.3 0
v -0.7 -2.3 1.2
v -0.7 -2.3 1.3
v -0.6 -2.3 1.1
v -0.6 -2.3 1.3
v -0.5 -2.3 -0.1
v -0.5 -2.3 0
v -0.4 -2.3 -0.1
v -0.4 -2.3 0
v 0 -2.3 -0.4
v 0 -2.3 -0.3
v 0 -2.3 -0.2
v 0.1 -2.3 -0.3
v 0.1 -2.3 -0.2
v 0.2 -2.3 -0.4
v 0.2 -2.3 -0.3
v 0.3 -2.3 -0.2
v 0.3 -2.3 -0.1
v 0.4 -2.3 -0.2
v 0.4 -2.3 -0.1
v 0.6 -2.3 -0.4
v 0.6 -2.3 -0.2
v 0.6 -2.3 0
v 0.6 -2.3 0.2
v 0.7 -2.3 -0.4
v 0.7 -2.3 -0.3
v 0.7 -2.3 -0.2
v 0.7 -2.3 0
v 0.7 -2.3 0.1
v 0.7 -2.3 0.2
v 0.8 -2.3 -0.3
v 0.8 -2.3 -0.2
v 0.9 -2.3 -0.3
v 0.9 -2.3 -0.2
v 1.2 -2.3 -0.3
v 1.2 -2.3 -0.2
v 1.5 -2.3 -0.3
v 1.5 -2.3 -0.2
v -1.2 -2.2 -0.3
v -1.2 -2.2 -0.2
v -1.1 -2.2 -0.3
v -1.1 -2.2 -0.2
v -1 -2.2 -0.9
v -1 -2.2 -0.8
v -1 -2.2 -0.3
v -1 -2.2 -0.1
v -1 -2.2 0
v -0.9 -2.2 -0.9
v -0.9 -2.2 -0.8
v -0.9 -2.2 -0.3
v -0.9 -2.2 -0.1
v -0.9 -2.2 0
v -0.9 -2.2 1
v -0.9 -2.2 1.1
v -0.7 -2.2 1
v -0.7 -2.2 1.1
v -0.3 -2.2 -0.4
v -0.3 -2.2 -0.3
v -0.2 -2.2 -0.4
v -0.2 -2.2 -0.3
v -0.2 -2.2 -0.2
v -0.1 -2.2 -0.3
v -0.1 -2.2 -0.2
v 0.1 -2.2 -0.1
v 0.1 -2.2 0
v 0.2 -2.2 -0.4
v 0.2 -2.2 -0.3
v 0.2 -2.2 -0.2
v 0.2 -2.2 -0.1
v 0.2 -2.2 0
v 0.3 -2.2 -0.4
v 0.3 -2.2 -0.3
v 0.3 -2.2 -0.2
v 0.4 -2.2 -0.4
v 0.4 -2.2 -0.3
v 0.4 -2.2 -0.2
v 0.4 -2.2 -0.1
v 0.4 -2.2 0
v 0.5 -2.2 -0.5
v 0.5 -2.2 -0.4
v 0.5 -2.2 -0.3
v 0.5 -2.2 -0.2
v 0.5 -2.2 0
v 0.5 -2.2 0.1
v 0.6 -2.2 -0.5
v 0.6 -2.2 -0.4
v 0.6 -2.2 -0.3
v 0.6 -2.2 0
v 0.6 -2.2 0.1
v 0.7 -2.2 -0.5
v 0.7 -2.2 -0.4
v 0.7 -2.2 0
v 0.7 -2.2 0.1
v 0.8 -2.2 0
v 0.8 -2.2 0.1
v -1.1 -2.1 -1
v -1.1 -2.1 -0.8
v -1 -2.1 -1
v -1 -2.1 -0.8
v -0.9 -2.1 -0.3
v -0.9 -2.1 -0.2
v -0.8 -2.1 -0.3
v -0.8 -2.1 -0.2
v -0.7 -2.1 1
v -0.7 -2.1 1.1
v -0.6 -2.1 0.9
v -0.6 -2.1 1
v -0.6 -2.1 1.1
v -0.5 -2.1 0.9
v -0.5 -2.1 1
v -0.4 -2.1 1
v -0.4 -2.1 1.1
v -0.1 -2.1 -1.4
v -0.1 -2.1 -1.3
v 0 -2.1 -1.4
v 0 -2.1 -1.3
v 0.2 -2.1 -0.1
v 0.2 -2.1 0
v 0.3 -2.1 -0.1
v 0.3 -2.1 0
v 0.6 -2.1 -0.6
v 0.6 -2.1 -0.5
v 0.7 -2.1 -0.6
v 0.7 -2.1 -0.5
v 0.8 -2.1 -0.5
v 0.8 -2.1 -0.4
v 0.8 -2.1 0
v 0.8 -2.1 0.1
v 0.9 -2.1 -0.5
v 0.9 -2.1 -0.4
v 0.9 -2.1 0
v 0.9 -2.1 0.1
v -1.2 -2 -1
v -1.2 -2 -0.7
v -1.1 -2 -1
v -1.1 -2 -0.8
v -1 -2 -0.8
v -1 -2 -0.7
v -0.8 -2 -0.3
v -0.8 -2 -0.2
v -0.7 -2 -0.3
v -0.7 -2 -0.2
v -0.7 -2 0.9
v -0.7 -2 1
v -0.6 -2 0.9
v -0.6 -2 1
v -0.5 -2 0.9
v -0.5 -2 1
v -0.4 -2 -0.2
v -0.4 -2 -0.1
v -0.4 -2 1
v -0.3 -2 -0.2
v -0.3 -2 -0.1
v -0.3 -2 0.9
v -0.3 -2 1
v -0.2 -2 -1.3
v -0.2 -2 -1.2
v -0.1 -2 -1.3
v -0.1 -2 -1.2
v 0.3 -2 -0.3
v 0.3 -2 -0.2
v 0.3 -2 -0.1
v 0.3 -2 0
v 0.4 -2 -0.3
v 0.4 -2 -0.2
v 0.4 -2 -0.1
v 0.4 -2 0
v 1.4 -2 -0.3
v 1.4 -2 -0.2
v 1.5 -2 -0.3
v 1.5 -2 -0.2
v -1.4 -1.9 -1.1
v -1.4 -1.9 -0.9
v -1.3 -1.9 -0.9
v -1.3 -1.9 -0.8
v -1.2 -1.9 -1.1
v -1.2 -1.9 -1
v -1.2 -1.9 -0.8
v -0.7 -1.9 -0.3
v -0.7 -1.9 -0.2
v -0.5 -1.9 -0.3
v -0.5 -1.9 -0.2
v -0.5 -1.9 -0.1
v -0.5 -1.9 0.8
v -0.5 -1.9 0.9
v -0.4 -1.9 -0.2
v -0.4 -1.9 -0.1
v -0.4 -1.9 1
v -0.4 -1.9 1.1
v -0.3 -1.9 -0.1
v -0.3 -1.9 0
v -0.3 -1.9 0.8
v -0.3 -1.9 0.9
v -0.3 -1.9 1
v -0.3 -1.9 1.1
v -0.2 -1.9 -1.5
v -0.2 -1.9 -1.4
v -0.2 -1.9 -0.3
v -0.2 -1.9 -0.2
v -0.2 -1.9 -0.1
v -0.2 -1.9 0
v -0.2 -1.9 0.9
v -0.2 -1.9 1
v -0.1 -1.9 -1.5
v -0.1 -1.9 -1.4
v -0.1 -1.9 -1.3
v -0.1 -1.9 -1.2
v -0.1 -1.9 -0.3
v -0.1 -1.9 -0.2
v 0 -1.9 -1.4
v 0 -1.9 -1.3
v 0 -1.9 -1.2
v 0 -1.9 -0.1
v 0 -1.9 0
v 0.1 -1.9 -1.4
v 0.1 -1.9 -1.3
v 0.4 -1.9 -0.1
v 0.4 -1.9 0
v 0.5 -1.9 -0.1
v 0.5 -1.9 0
v 0.8 -1.9 0
v 0.8 -1.9 0.1
v 0.9 -1.9 0
v 0.9 -1.9 0.1
v -1.2 -1.8 -0.4
v -1.2 -1.8 -0.3
v -1.2 -1.8 -0.2
v -1.1 -1.8 -0.4
v -1.1 -1.8 -0.2
v -1.1 -1.8 -0.1
v -1 -1.8 -0.2
v -1 -1.8 -0.1
v -0.7 -1.8 0.7
v -0.7 -1.8 0.9
v -0.6 -1.8 0.7
v -0.6 -1.8 0.8
v -0.5 -1.8 0.8
v -0.5 -1.8 0.9
v -0.4 -1.8 -1.5
v -0.4 -1.8 -1.4
v -0.3 -1.8 -1.5
v -0.3 -1.8 -1.4
v -0.3 -1.8 0.8
v -0.3 -1.8 0.9
v -0.3 -1.8 1
v -0.3 -1.8 1.1
v -0.2 -1.8 0.8
v -0.2 -1.8 0.9
v -0.2 -1.8 1
v -0.2 -1.8 1.1
v -0.1 -1.8 0.8
v -0.1 -1.8 0.9
v 1.5 -1.8 -0.2
v 1.5 -1.8 -0.1
v 1.6 -1.8 -0.2
v 1.6 -1.8 -0.1
v -1.6 -1.7 -1.2
v -1.6 -1.7 -1.1
v -1.5 -1.7 -1.2
v -1.5 -1.7 -1.1
v -1.5 -1.7 -1
v -1.4 -1.7 -1.1
v -1.4 -1.7 -1
v -1.3 -1.7 -1.2
v -1.3 -1.7 -1.1
v -1.3 -1.7 -0.3
v -1.3 -1.7 -0.2
v -1.2 -1.7 -0.3
v -1.2 -1.7 -0.2
v -1.1 -1.7 -0.3
v -1.1 -1.7 -0.2
v -1 -1.7 -0.3
v -1 -1.7 -0.2
v -0.9 -1.7 -0.2
v -0.9 -1.7 -0.1
v -0.8 -1.7 -0.2
v -0.8 -1.7 -0.1
v -0.8 -1.7 0.6
v -0.8 -1.7 0.8
v -0.7 -1.7 0.7
v -0.7 -1.7 0.8
v -0.6 -1.7 0.6
v -0.6 -1.7 0.7
v -0.2 -1.7 0.9
v -0.2 -1.7 1
v -0.1 -1.7 -1.5
v -0.1 -1.7 -1.4
v -0.1 -1.7 0.8
v -0.1 -1.7 0.9
v -0.1 -1.7 1
v 0 -1.7 -1.3
v 0 -1.7 -1.2
v 0 -1.7 0.8
v 0 -1.7 0.9
v 0.1 -1.7 -1.5
v 0.1 -1.7 -1.4
v 0.1 -1.7 -1.3
v 0.1 -1.7 -1.2
v 0.2 -1.7 -1.4
v 0.2 -1.7 -1.2
v -1.6 -1.6 -1.3
v -1.6 -1.6 -1.2
v -1.6 -1.6 -1.1
v -1.6 -1.6 -1
v -1.5 -1.6 -1.2
v -1.5 -1.6 -1.1
v -1.5 -1.6 -1
v -1.4 -1.6 -1.3
v -1.4 -1.6 -1.2
v -0.9 -1.6 0.5
v -0.9 -1.6 0.7
v -0.8 -1.6 0.6
v -0.8 -1.6 0.7
v -0.7 -1.6 0.5
v -0.7 -1.6 0.6
v -0.4 -1.6 -0.1
v -0.4 -1.6 0
v -0.3 -1.6 -0.1
v -0.3 -1.6 0
v -0.2 -1.6 1
v -0.2 -1.6 1.1
v -0.1 -1.6 -0.3
v -0.1 -1.6 -0.2
v -0.1 -1.6 0.9
v -0.1 -1.6 1
v -0.1 -1.6 1.1
v 0 -1.6 -0.3
v 0 -1.6 -0.2
v 0 -1.6 0.8
v 0 -1.6 0.9
v 0 -1.6 1
v 0.1 -1.6 -1.5
v 0.1 -1.6 -1.4
v 0.1 -1.6 0.8
v 0.1 -1.6 0.9
v 0.2 -1.6 -1.5
v 0.2 -1.6 -1.4
v 0.2 -1.6 -1.2
v 0.3 -1.6 -1.4
v 0.3 -1.6 -1.2
v 0.6 -1.6 -0.1
v 0.6 -1.6 0
v 0.8 -1.6 -0.1
v 0.8 -1.6 0
v 1.2 -1.6 -0.2
v 1.2 -1.6 -0.1
v 1.3 -1.6 -0.2
v 1.3 -1.6 -0.1
v -1.6 -1.5 -1.4
v -1.6 -1.5 -1.3
v -1.5 -1.5 -1.4
v -1.5 -1.5 -1.3
v -1 -1.5 0.4
v -1 -1.5 0.5
v -1 -1.5 0.6
v -0.9 -1.5 0.4
v -0.9 -1.5 0.5
v -0.9 -1.5 0.6
v -0.8 -1.5 0.4
v -0.8 -1.5 0.5
v -0.6 -1.5 -0.2
v -0.6 -1.5 -0.1
v -0.5 -1.5 -0.2
v -0.5 -1.5 -0.1
v -0.3 -1.5 0
v -0.3 -1.5 0.1
v -0.1 -1.5 0
v -0.1 -1.5 0.1
v -0.1 -1.5 1
v -0.1 -1.5 1.1
v 0 -1.5 -0.2
v 0 -1.5 -0.1
v 0 -1.5 0.9
v 0 -1.5 1
v 0 -1.5 1.1
v 0.1 -1.5 -0.2
v 0.1 -1.5 -0.1
v 0.1 -1.5 0.8
v 0.1 -1.5 0.9
v 0.2 -1.5 -1.5
v 0.2 -1.5 -1.4
v 0.2 -1.5 0.8
v 0.2 -1.5 0.9
v 0.3 -1.5 -1.5
v 0.3 -1.5 -1.4
v 0.3 -1.5 -1.2
v 0.3 -1.5 0.9
v 0.3 -1.5 1
v 0.4 -1.5 -1.4
v 0.4 -1.5 -1.2
v 0.5 -1.5 -0.1
v 0.5 -1.5 0
v 0.6 -1.5 -0.1
v 0.6 -1.5 0
v -1.6 -1.4 -1.5
v -1.6 -1.4 -1.4
v -1.5 -1.4 -1.4
v -1.5 -1.4 -1.3
v -1.4 -1.4 -1.5
v -1.4 -1.4 -1.4
v -1.4 -1.4 -1.3
v -1.3 -1.4 -1.4
v -1.3 -1.4 -1.3
v -1 -1.4 0.6
v -1 -1.4 0.7
v -0.9 -1.4 0.6
v -0.9 -1.4 0.7
v -0.2 -1.4 -0.3
v -0.2 -1.4 -0.2
v -0.1 -1.4 -0.3
v -0.1 -1.4 -0.2
v -0.1 -1.4 -0.1
v -0.1 -1.4 0
v 0 -1.4 1
v 0 -1.4 1.1
v 0.1 -1.4 -0.1
v 0.1 -1.4 0
v 0.3 -1.4 0.9
v 0.3 -1.4 1
v 0.3 -1.4 1.1
v 0.4 -1.4 0.9
v 0.4 -1.4 1.1
v 0.5 -1.4 0
v 0.5 -1.4 0.2
v 0.7 -1.4 0
v 0.7 -1.4 0.2
v -1.2 -1.3 0.3
v -1.2 -1.3 0.5
v -1.1 -1.3 0.3
v -1.1 -1.3 0.5
v -1.1 -1.3 0.6
v -1 -1.3 -0.2
v -1 -1.3 -0.1
v -1 -1.3 0.3
v -1 -1.3 0.4
v -1 -1.3 0.6
v -0.9 -1.3 -0.2
v -0.9 -1.3 -0.1
v -0.2 -1.3 -0.4
v -0.2 -1.3 -0.3
v 0 -1.3 -0.3
v 0 -1.3 -0.2
v 0.1 -1.3 -0.4
v 0.1 -1.3 -0.2
v 0.1 -1.3 -0.1
v 0.2 -1.3 -0.2
v 0.2 -1.3 -0.1
v 0.3 -1.3 -1.2
v 0.3 -1.3 -1.1
v 0.4 -1.3 -1.4
v 0.4 -1.3 -1.2
v 0.4 -1.3 -0.2
v 0.4 -1.3 -0.1
v 0.4 -1.3 0.2
v 0.4 -1.3 0.3
v 0.4 -1.3 0.4
v 0.4 -1.3 0.9
v 0.4 -1.3 1.1
v 0.5 -1.3 -1.4
v 0.5 -1.3 -1.1
v 0.5 -1.3 -0.2
v 0.5 -1.3 -0.1
v 0.5 -1.3 0.2
v 0.5 -1.3 0.3
v 0.5 -1.3 0.4
v 0.5 -1.3 0.9
v 0.5 -1.3 1.1
v 0.6 -1.3 0.2
v 0.6 -1.3 0.3
v 1.1 -1.3 -0.2
v 1.1 -1.3 -0.1
v 1.2 -1.3 -0.2
v 1.2 -1.3 -0.1
v -1.4 -1.2 0.2
v -1.4 -1.2 0.3
v -1.3 -1.2 0.3
v -1.3 -1.2 0.5
v -1.2 -1.2 0.3
v -1.2 -1.2 0.5
v -1.1 -1.2 0.2
v -1.1 -1.2 0.3
v -0.2 -1.2 -0.5
v -0.2 -1.2 -0.4
v 0 -1.2 -0.5
v 0 -1.2 -0.4
v 0.3 -1.2 0.2
v 0.3 -1.2 0.3
v 0.4 -1.2 0.2
v 0.4 -1.2 0.3
v 0.4 -1.2 1.1
v 0.4 -1.2 1.2
v 0.5 -1.2 -1.3
v 0.5 -1.2 -1.1
v 0.5 -1.2 0.9
v 0.5 -1.2 1.1
v 0.6 -1.2 -1.3
v 0.6 -1.2 -1.1
v 0.6 -1.2 0.9
v 0.6 -1.2 1.2
v -1.3 -1.1 -0.2
v -1.3 -1.1 -0.1
v -1.2 -1.1 -0.2
v -1.2 -1.1 -0.1
v -0.5 -1.1 -0.2
v -0.5 -1.1 -0.1
v -0.4 -1.1 -0.2
v -0.4 -1.1 -0.1
v -0.3 -1.1 -0.6
v -0.3 -1.1 -0.5
v -0.3 -1.1 -0.4
v -0.3 -1.1 -0.3
v -0.2 -1.1 -0.6
v -0.2 -1.1 -0.5
v -0.2 -1.1 -0.4
v -0.2 -1.1 -0.3
v -0.1 -1.1 -0.6
v -0.1 -1.1 -0.5
v 0.1 -1.1 0.4
v 0.1 -1.1 0.5
v 0.2 -1.1 0.4
v 0.2 -1.1 0.5
v 0.3 -1.1 0.3
v 0.3 -1.1 0.4
v 0.3 -1.1 0.5
v 0.3 -1.1 0.6
v 0.4 -1.1 -0.1
v 0.4 -1.1 0
v 0.4 -1.1 0.3
v 0.4 -1.1 0.4
v 0.4 -1.1 0.5
v 0.4 -1.1 0.6
v 0.5 -1.1 -0.1
v 0.5 -1.1 0
v 0.6 -1.1 -1.2
v 0.6 -1.1 -1.1
v 0.6 -1.1 0.9
v 0.6 -1.1 1
v 0.7 -1.1 -1.2
v 0.7 -1.1 -1.1
v 0.7 -1.1 0.9
v 0.7 -1.1 1
v 1.2 -1.1 -0.1
v 1.2 -1.1 0
v 1.3 -1.1 -0.1
v 1.3 -1.1 0
v -0.4 -1 -0.6
v -0.4 -1 -0.5
v -0.3 -1 -0.7
v -0.3 -1 -0.6
v -0.3 -1 -0.5
v -0.2 -1 -0.7
v -0.2 -1 -0.6
v 0.1 -1 0.5
v 0.1 -1 0.6
v 0.2 -1 0.5
v 0.2 -1 0.6
v 0.2 -1 0.7
v 0.3 -1 -0.2
v 0.3 -1 -0.1
v 0.3 -1 0.5
v 0.3 -1 0.6
v 0.3 -1 0.7
v 0.4 -1 -0.2
v 0.4 -1 -0.1
v 0.4 -1 0.4
v 0.4 -1 0.5
v 0.5 -1 0.4
v 0.5 -1 0.5
v 1 -1 -0.2
v 1 -1 -0.1
v 1.1 -1 -0.2
v 1.1 -1 -0.1
v 1.1 -1 0
v 1.2 -1 -0.1
v 1.2 -1 0
v -1.4 -0.9 -0.2
v -1.4 -0.9 -0.1
v -1.3 -0.9 -0.2
v -1.3 -0.9 -0.1
v -1.2 -0.9 -0.1
v -1.2 -0.9 0
v -1.1 -0.9 -0.1
v -1.1 -0.9 0
v -0.8 -0.9 -0.2
v -0.8 -0.9 0
v -0.7 -0.9 -0.2
v -0.7 -0.9 -0.1
v -0.5 -0.9 -0.1
v -0.5 -0.9 0
v -0.4 -0.9 -0.7
v -0.4 -0.9 -0.6
v -0.3 -0.9 -0.7
v -0.3 -0.9 -0.6
v -0.2 -0.9 -0.7
v -0.2 -0.9 -0.6
v -0.1 -0.9 -0.7
v -0.1 -0.9 -0.6
v 0.5 -0.9 -0.3
v 0.5 -0.9 -0.2
v 0.5 -0.9 -0.1
v 0.5 -0.9 0
v 0.6 -0.9 -0.3
v 0.6 -0.9 -0.2
v 0.6 -0.9 -0.1
v 0.6 -0.9 0
v 1 -0.9 -0.3
v 1 -0.9 -0.2
v 1.1 -0.9 -0.3
v 1.1 -0.9 -0.2
v -1.3 -0.8 -0.1
v -1.3 -0.8 0
v -1.2 -0.8 -0.1
v -1.2 -0.8 0
v -0.5 -0.8 -0.7
v -0.5 -0.8 -0.6
v -0.4 -0.8 -0.8
v -0.4 -0.8 -0.7
v -0.4 -0.8 -0.6
v -0.2 -0.8 -0.8
v -0.2 -0.8 -0.7
v 0.4 -0.8 -0.3
v 0.4 -0.8 -0.2
v 0.5 -0.8 -0.3
v 0.5 -0.8 -0.2
v 0.6 -0.8 -0.2
v 0.6 -0.8 -0.1
v 0.7 -0.8 -0.2
v 0.7 -0.8 -0.1
v 1.1 -0.8 -0.3
v 1.1 -0.8 -0.2
v 1.2 -0.8 -0.3
v 1.2 -0.8 -0.2
v -0.9 -0.7 0
v -0.9 -0.7 0.1
v -0.8 -0.7 0
v -0.8 -0.7 0.1
v -0.8 -0.7 0.2
v -0.7 -0.7 0.1
v -0.7 -0.7 0.2
v -0.6 -0.7 -0.8
v -0.6 -0.7 -0.7
v -0.6 -0.7 -0.1
v -0.6 -0.7 0
v -0.6 -0.7 0.1
v -0.5 -0.7 -0.9
v -0.5 -0.7 -0.8
v -0.5 -0.7 -0.7
v -0.5 -0.7 -0.1
v -0.5 -0.7 0
v -0.4 -0.7 -0.9
v -0.4 -0.7 -0.8
v -0.4 -0.7 -0.7
v 0.6 -0.7 -0.3
v 0.6 -0.7 -0.2
v 0.7 -0.7 -0.2
v 0.8 -0.7 -0.3
v 0.8 -0.7 -0.2
v 1.2 -0.7 -0.3
v 1.2 -0.7 -0.2
v 1.3 -0.7 -0.3
v 1.3 -0.7 -0.2
v -0.9 -0.6 0.1
v -0.9 -0.6 0.2
v -0.8 -0.6 0.1
v -0.8 -0.6 0.2
v 0.7 -0.6 -0.2
v 0.7 -0.6 -0.1
v 0.8 -0.6 -0.2
v 0.8 -0.6 -0.1
v -1.1 -0.5 0.1
v -1.1 -0.5 0.2
v -1 -0.5 0
v -1 -0.5 0.1
v -1 -0.5 0.2
v -1 -0.5 0.3
v -0.9 -0.5 0
v -0.9 -0.5 0.1
v -0.9 -0.5 0.2
v -0.8 -0.5 0.2
v -0.8 -0.5 0.3
v -0.6 -0.5 -0.2
v -0.6 -0.5 -0.1
v -0.5 -0.5 -0.2
v -0.5 -0.5 -0.1
v -0.7 -0.4 -0.2
v -0.7 -0.4 -0.1
v -0.6 -0.4 -0.2
v -0.6 -0.4 -0.1
v -1.4 -2.7 0.8
v -1.4 -2.7 1.2
v -1.3 -2.7 -1
v -1.3 -2.7 -0.8
v -1.3 -2.7 0.8
v -1.3 -2.7 0.9
v -1.3 -2.7 1
v -1.3 -2.7 1.2
v -1.3 -2.7 1.3
v -1.3 -2.7 1.4
v -1.2 -2.7 -0.8
v -1.2 -2.7 0.4
v -1.2 -2.7 0.7
v -1.2 -2.7 1
v -1.2 -2.7 1.3
v -1.2 -2.7 1.4
v -1.2 -2.7 1.5
v -1.1 -2.7 -1.2
v -1.1 -2.7 -1
v -1.1 -2.7 -0.9
v -1.1 -2.7 -0.8
v -1.1 -2.7 0.4
v -1.1 -2.7 0.5
v -1.1 -2.7 0.7
v -1.1 -2.7 0.9
v -1.1 -2.7 1.3
v -1.1 -2.7 1.4
v -1.1 -2.7 1.5
v -1.1 -2.7 1.6
v -1 -2.7 -1.2
v -1 -2.7 -1
v -1 -2.7 0.5
v -1 -2.7 0.6
v -1 -2.7 0.8
v -1 -2.7 0.9
v -1 -2.7 1.4
v -1 -2.7 1.5
v -0.9 -2.7 -0.9
v -0.9 -2.7 -0.8
v -0.9 -2.7 0.4
v -0.9 -2.7 0.5
v -0.9 -2.7 0.6
v -0.9 -2.7 0.7
v -0.9 -2.7 0.8
v -0.9 -2.7 0.9
v -0.9 -2.7 1
v -0.9 -2.7 1.2
v -0.8 -2.7 -0.8
v -0.8 -2.7 -0.7
v -0.8 -2.7 0.4
v -0.8 -2.7 0.8
v -0.8 -2.7 0.9
v -0.8 -2.7 1
v -0.8 -2.7 1.1
v -0.8 -2.7 1.2
v -0.7 -2.7 -1
v -0.7 -2.7 -0.9
v -0.7 -2.7 -0.8
v -0.7 -2.7 -0.7
v -0.7 -2.7 0.4
v -0.7 -2.7 0.5
v -0.7 -2.7 0.7
v -0.7 -2.7 0.8
v -0.7 -2.7 0.9
v -0.7 -2.7 1
v -0.7 -2.7 1.5
v -0.6 -2.7 -1.5
v -0.6 -2.7 -1.4
v -0.6 -2.7 -1.3
v -0.6 -2.7 -1.2
v -0.6 -2.7 -1
v -0.6 -2.7 -0.9
v -0.6 -2.7 0.6
v -0.6 -2.7 0.7
v -0.6 -2.7 1
v -0.6 -2.7 1.1
v -0.6 -2.7 1.2
v -0.6 -2.7 1.5
v -0.6 -2.7 1.6
v -0.5 -2.7 -1.5
v -0.5 -2.7 -1.4
v -0.5 -2.7 -1.3
v -0.5 -2.7 -1.2
v -0.5 -2.7 -1
v -0.5 -2.7 -0.9
v -0.5 -2.7 0.3
v -0.5 -2.7 0.5
v -0.5 -2.7 1.1
v -0.5 -2.7 1.5
v -0.4 -2.7 -1.6
v -0.4 -2.7 -1.5
v -0.4 -2.7 -0.9
v -0.4 -2.7 -0.8
v -0.4 -2.7 -0.7
v -0.4 -2.7 0.3
v -0.4 -2.7 0.5
v -0.4 -2.7 0.6
v -0.4 -2.7 0.7
v -0.3 -2.7 -1.6
v -0.3 -2.7 -1.5
v -0.3 -2.7 -1.1
v -0.3 -2.7 -1
v -0.3 -2.7 0.4
v -0.3 -2.7 0.5
v -0.2 -2.7 -1.6
v -0.2 -2.7 -1.5
v -0.2 -2.7 -0.7
v -0.2 -2.7 -0.6
v -0.2 -2.7 0
v -0.2 -2.7 0.1
v -0.2 -2.7 0.4
v -0.2 -2.7 0.7
v -0.2 -2.7 0.8
v -0.1 -2.7 -1.6
v -0.1 -2.7 -1.5
v -0.1 -2.7 -1.2
v -0.1 -2.7 -1.1
v -0.1 -2.7 0
v -0.1 -2.7 0.1
v -0.1 -2.7 0.6
v -0.1 -2.7 0.7
v 0 -2.7 -1.5
v 0 -2.7 -1.4
v 0 -2.7 -1.3
v 0 -2.7 -1.2
v 0 -2.7 -1
v 0 -2.7 -0.9
v 0 -2.7 -0.8
v 0 -2.7 -0.6
v 0 -2.7 0.6
v 0 -2.7 0.8
v 0.1 -2.7 -1.5
v 0.1 -2.7 -1.4
v 0.1 -2.7 -1.3
v 0.1 -2.7 -1.2
v 0.1 -2.7 -0.9
v 0.1 -2.7 -0.8
v 0.1 -2.7 0.6
v 0.1 -2.7 0.9
v 0.2 -2.7 -1.4
v 0.2 -2.7 -1.3
v 0.2 -2.7 -1.1
v 0.2 -2.7 -1
v 0.2 -2.7 -0.9
v 0.2 -2.7 -0.8
v 0.3 -2.7 -1.2
v 0.3 -2.7 -1.1
v 0.3 -2.7 -0.9
v 0.3 -2.7 0.1
v 0.3 -2.7 0.3
v 0.3 -2.7 0.6
v 0.4 -2.7 -1.2
v 0.4 -2.7 -1.1
v 0.4 -2.7 -0.9
v 0.4 -2.7 -0.8
v 0.4 -2.7 -0.7
v 0.4 -2.7 0.1
v 0.4 -2.7 0.2
v 0.4 -2.7 0.7
v 0.5 -2.7 -1
v 0.5 -2.7 -0.9
v 0.5 -2.7 0.1
v 0.5 -2.7 0.2
v 0.5 -2.7 0.3
v 0.5 -2.7 0.7
v 0.5 -2.7 0.8
v 0.5 -2.7 0.9
v 0.6 -2.7 -0.9
v 0.6 -2.7 -0.8
v 0.6 -2.7 -0.7
v 0.6 -2.7 -0.4
v 0.6 -2.7 -0.3
v 0.6 -2.7 0.3
v 0.6 -2.7 0.4
v 0.6 -2.7 0.6
v 0.7 -2.7 -1.1
v 0.7 -2.7 -1
v 0.7 -2.7 -0.9
v 0.7 -2.7 -0.8
v 0.7 -2.7 -0.4
v 0.7 -2.7 -0.3
v 0.8 -2.7 -1
v 0.8 -2.7 -0.9
v 0.8 -2.7 -0.8
v 0.8 -2.7 -0.1
v 0.8 -2.7 0.1
v 0.8 -2.7 0.6
v 0.8 -2.7 0.7
v 0.9 -2.7 -0.9
v 0.9 -2.7 -0.8
v 0.9 -2.7 -0.7
v 0.9 -2.7 -0.1
v 0.9 -2.7 0.1
v 0.9 -2.7 0.7
v 0.9 -2.7 0.8
v 1 -2.7 -0.8
v 1 -2.7 -0.7
v 1.1 -2.7 -0.4
v 1.1 -2.7 -0.3
v 1.1 -2.7 0.1
v 1.1 -2.7 0.3
v 1.2 -2.7 -0.5
v 1.2 -2.7 -0.4
v 1.2 -2.7 -0.3
v 1.2 -2.7 0.1
v 1.2 -2.7 0.3
v 1.3 -2.7 -0.5
v 1.3 -2.7 -0.4
v -1.4 -2.6 0
v -1.4 -2.6 0.1
v -1.3 -2.6 -0.4
v -1.3 -2.6 -0.3
v -1.3 -2.6 0
v -1.3 -2.6 0.1
v -1.3 -2.6 1
v -1.3 -2.6 1.1
v -1.2 -2.6 -0.8
v -1.2 -2.6 -0.5
v -1.2 -2.6 -0.4
v -1.2 -2.6 -0.3
v -1.2 -2.6 0.1
v -1.2 -2.6 0.2
v -1.2 -2.6 0.3
v -1.2 -2.6 0.4
v -1.2 -2.6 1
v -1.2 -2.6 1.1
v -1.1 -2.6 -0.9
v -1.1 -2.6 -0.8
v -1.1 -2.6 -0.7
v -1.1 -2.6 -0.5
v -1.1 -2.6 -0.4
v -1.1 -2.6 -0.3
v -1.1 -2.6 0
v -1.1 -2.6 0.1
v -1.1 -2.6 0.2
v -1.1 -2.6 0.4
v -1.1 -2.6 0.5
v -1.1 -2.6 0.7
v -1.1 -2.6 0.9
v -1.1 -2.6 1
v -1.1 -2.6 1.1
v -1 -2.6 -0.7
v -1 -2.6 -0.6
v -1 -2.6 -0.3
v -1 -2.6 0
v -1 -2.6 0.1
v -1 -2.6 0.3
v -1 -2.6 0.5
v -1 -2.6 0.6
v -1 -2.6 0.8
v -1 -2.6 0.9
v -0.9 -2.6 -0.9
v -0.9 -2.6 -0.8
v -0.9 -2.6 -0.6
v -0.9 -2.6 -0.4
v -0.9 -2.6 -0.3
v -0.9 -2.6 0.1
v -0.9 -2.6 0.2
v -0.9 -2.6 0.4
v -0.9 -2.6 0.5
v -0.9 -2.6 0.6
v -0.9 -2.6 0.7
v -0.9 -2.6 0.8
v -0.9 -2.6 0.9
v -0.9 -2.6 1
v -0.9 -2.6 1.1
v -0.8 -2.6 -0.8
v -0.8 -2.6 -0.7
v -0.8 -2.6 -0.3
v -0.8 -2.6 0.1
v -0.8 -2.6 0.2
v -0.8 -2.6 0.4
v -0.8 -2.6 0.9
v -0.8 -2.6 1
v -0.8 -2.6 1.1
v -0.8 -2.6 1.2
v -0.7 -2.6 -0.8
v -0.7 -2.6 -0.7
v -0.7 -2.6 0.1
v -0.7 -2.6 0.2
v -0.7 -2.6 0.3
v -0.7 -2.6 0.4
v -0.7 -2.6 0.5
v -0.7 -2.6 1.3
v -0.7 -2.6 1.5
v -0.6 -2.6 -1.4
v -0.6 -2.6 -1.3
v -0.6 -2.6 -0.7
v -0.6 -2.6 -0.6
v -0.6 -2.6 -0.5
v -0.6 -2.6 0.1
v -0.6 -2.6 0.2
v -0.6 -2.6 1.1
v -0.6 -2.6 1.2
v -0.6 -2.6 1.3
v -0.6 -2.6 1.5
v -0.5 -2.6 -1.5
v -0.5 -2.6 -1.4
v -0.5 -2.6 -1.3
v -0.5 -2.6 -1.1
v -0.5 -2.6 -1
v -0.5 -2.6 -0.9
v -0.5 -2.6 -0.7
v -0.5 -2.6 -0.6
v -0.5 -2.6 -0.5
v -0.5 -2.6 0.1
v -0.5 -2.6 0.2
v -0.5 -2.6 0.3
v -0.5 -2.6 0.5
v -0.4 -2.6 -1.5
v -0.4 -2.6 -1.4
v -0.4 -2.6 -1
v -0.4 -2.6 -0.9
v -0.4 -2.6 -0.8
v -0.4 -2.6 -0.7
v -0.4 -2.6 0.2
v -0.4 -2.6 0.3
v -0.4 -2.6 0.4
v -0.4 -2.6 0.5
v -0.3 -2.6 -1.6
v -0.3 -2.6 -1.5
v -0.3 -2.6 -1.1
v -0.3 -2.6 -1
v -0.3 -2.6 -0.6
v -0.3 -2.6 -0.5
v -0.3 -2.6 0.3
v -0.3 -2.6 0.4
v -0.3 -2.6 0.5
v -0.2 -2.6 -1.6
v -0.2 -2.6 -1.5
v -0.2 -2.6 -1.2
v -0.2 -2.6 -1.1
v -0.2 -2.6 -0.7
v -0.2 -2.6 -0.6
v -0.2 -2.6 -0.5
v -0.2 -2.6 -0.4
v -0.2 -2.6 0.2
v -0.2 -2.6 0.3
v -0.2 -2.6 0.4
v -0.2 -2.6 0.7
v -0.1 -2.6 -1.5
v -0.1 -2.6 -1.4
v -0.1 -2.6 -1.3
v -0.1 -2.6 -1.2
v -0.1 -2.6 -1.1
v -0.1 -2.6 -0.5
v -0.1 -2.6 -0.4
v -0.1 -2.6 0.2
v -0.1 -2.6 0.3
v -0.1 -2.6 0.6
v -0.1 -2.6 0.7
v 0 -2.6 -1.5
v 0 -2.6 -1.4
v 0 -2.6 -1.3
v 0 -2.6 -1.2
v 0 -2.6 -0.9
v 0 -2.6 -0.6
v 0 -2.6 -0.5
v 0 -2.6 -0.3
v 0 -2.6 0.4
v 0 -2.6 0.5
v 0.1 -2.6 -1.4
v 0.1 -2.6 -1.3
v 0.1 -2.6 -0.9
v 0.1 -2.6 -0.8
v 0.1 -2.6 -0.6
v 0.1 -2.6 -0.3
v 0.1 -2.6 -0.2
v 0.2 -2.6 -0.9
v 0.2 -2.6 -0.8
v 0.2 -2.6 -0.6
v 0.2 -2.6 -0.5
v 0.2 -2.6 -0.3
v 0.2 -2.6 -0.2
v 0.2 -2.6 0.2
v 0.2 -2.6 0.3
v 0.2 -2.6 0.5
v 0.3 -2.6 -1.1
v 0.3 -2.6 -0.9
v 0.3 -2.6 -0.6
v 0.3 -2.6 -0.5
v 0.3 -2.6 0.2
v 0.3 -2.6 0.3
v 0.3 -2.6 0.6
v 0.4 -2.6 -1.1
v 0.4 -2.6 -0.9
v 0.4 -2.6 -0.8
v 0.4 -2.6 -0.7
v 0.4 -2.6 -0.6
v 0.4 -2.6 -0.3
v 0.4 -2.6 -0.2
v 0.4 -2.6 0
v 0.4 -2.6 0.1
v 0.4 -2.6 0.2
v 0.4 -2.6 0.7
v 0.5 -2.6 -1
v 0.5 -2.6 -0.9
v 0.5 -2.6 -0.8
v 0.5 -2.6 -0.7
v 0.5 -2.6 -0.6
v 0.5 -2.6 -0.3
v 0.5 -2.6 -0.2
v 0.5 -2.6 0
v 0.5 -2.6 0.1
v 0.5 -2.6 0.2
v 0.5 -2.6 0.3
v 0.5 -2.6 0.7
v 0.6 -2.6 -0.9
v 0.6 -2.6 0.1
v 0.6 -2.6 0.3
v 0.7 -2.6 -1
v 0.7 -2.6 -0.9
v 0.7 -2.6 -0.8
v 0.7 -2.6 -0.6
v 0.7 -2.6 0.5
v 0.7 -2.6 0.6
v 0.8 -2.6 -0.8
v 0.8 -2.6 -0.7
v 0.8 -2.6 -0.6
v 0.8 -2.6 -0.5
v 0.8 -2.6 0.5
v 0.8 -2.6 0.6
v 0.8 -2.6 0.7
v 0.9 -2.6 -0.8
v 0.9 -2.6 -0.7
v 0.9 -2.6 -0.6
v 0.9 -2.6 -0.5
v 0.9 -2.6 -0.4
v 0.9 -2.6 0.2
v 0.9 -2.6 0.5
v 0.9 -2.6 0.6
v 0.9 -2.6 0.7
v 1 -2.6 -0.6
v 1 -2.6 -0.5
v 1 -2.6 -0.4
v 1 -2.6 0
v 1 -2.6 0.2
v 1 -2.6 0.4
v 1 -2.6 0.6
v 1.1 -2.6 -0.7
v 1.1 -2.6 -0.5
v 1.1 -2.6 -0.4
v 1.1 -2.6 0
v 1.1 -2.6 0.1
v 1.1 -2.6 0.4
v 1.2 -2.6 -0.5
v 1.2 -2.6 -0.4
v 1.2 -2.6 -0.3
v 1.3 -2.6 0
v 1.3 -2.6 0.1
v 1.4 -2.6 -0.4
v 1.4 -2.6 -0.3
v -1.3 -2.5 -0.5
v -1.3 -2.5 -0.4
v -1.3 -2.5 1.1
v -1.3 -2.5 1.3
v -1.2 -2.5 -0.4
v -1.2 -2.5 -0.3
v -1.2 -2.5 0
v -1.2 -2.5 0.1
v -1.2 -2.5 0.2
v -1.2 -2.5 0.3
v -1.2 -2.5 1
v -1.2 -2.5 1.1
v -1.1 -2.5 -0.7
v -1.1 -2.5 -0.5
v -1.1 -2.5 -0.4
v -1.1 -2.5 -0.3
v -1.1 -2.5 0
v -1.1 -2.5 0.1
v -1.1 -2.5 0.2
v -1.1 -2.5 1
v -1.1 -2.5 1.1
v -1.1 -2.5 1.3
v -1 -2.5 -0.7
v -1 -2.5 -0.6
v -1 -2.5 0.1
v -1 -2.5 0.3
v -1 -2.5 1.1
v -1 -2.5 1.2
v -0.9 -2.5 -0.6
v -0.9 -2.5 -0.4
v -0.9 -2.5 0
v -0.9 -2.5 0.1
v -0.9 -2.5 0.2
v -0.9 -2.5 1.1
v -0.9 -2.5 1.2
v -0.8 -2.5 -0.7
v -0.8 -2.5 -0.6
v -0.8 -2.5 0
v -0.8 -2.5 0.1
v -0.8 -2.5 0.2
v -0.8 -2.5 1.2
v -0.8 -2.5 1.3
v -0.7 -2.5 -0.6
v -0.7 -2.5 -0.5
v -0.7 -2.5 0
v -0.7 -2.5 0.1
v -0.7 -2.5 0.2
v -0.7 -2.5 0.3
v -0.7 -2.5 1.3
v -0.6 -2.5 -1.2
v -0.6 -2.5 -1.1
v -0.6 -2.5 -0.7
v -0.6 -2.5 -0.6
v -0.6 -2.5 -0.5
v -0.6 -2.5 0
v -0.6 -2.5 0.1
v -0.6 -2.5 0.2
v -0.6 -2.5 1.2
v -0.6 -2.5 1.3
v -0.5 -2.5 -1.4
v -0.5 -2.5 -1.2
v -0.5 -2.5 -1.1
v -0.5 -2.5 -0.7
v -0.5 -2.5 -0.6
v -0.5 -2.5 -0.5
v -0.5 -2.5 0
v -0.5 -2.5 0.1
v -0.5 -2.5 0.2
v -0.5 -2.5 0.3
v -0.4 -2.5 -1.4
v -0.4 -2.5 -1.2
v -0.4 -2.5 -0.5
v -0.4 -2.5 -0.4
v -0.4 -2.5 0
v -0.4 -2.5 0.1
v -0.4 -2.5 0.2
v -0.4 -2.5 0.4
v -0.3 -2.5 -0.6
v -0.3 -2.5 -0.5
v -0.3 -2.5 -0.4
v -0.3 -2.5 0
v -0.3 -2.5 0.2
v -0.3 -2.5 0.3
v -0.3 -2.5 0.4
v -0.2 -2.5 -1.2
v -0.2 -2.5 -1.1
v -0.2 -2.5 -0.5
v -0.2 -2.5 -0.4
v -0.2 -2.5 -0.3
v -0.2 -2.5 0.2
v -0.2 -2.5 0.3
v -0.1 -2.5 -1.4
v -0.1 -2.5 -1.3
v -0.1 -2.5 -0.5
v -0.1 -2.5 -0.4
v -0.1 -2.5 -0.3
v -0.1 -2.5 0.2
v -0.1 -2.5 0.4
v 0 -2.5 -1.4
v 0 -2.5 -1.3
v 0 -2.5 -0.5
v 0 -2.5 -0.4
v 0 -2.5 -0.3
v 0 -2.5 -0.2
v 0 -2.5 0.1
v 0 -2.5 0.2
v 0 -2.5 0.4
v 0 -2.5 0.5
v 0.1 -2.5 -0.8
v 0.1 -2.5 -0.6
v 0.1 -2.5 -0.4
v 0.1 -2.5 -0.3
v 0.1 -2.5 -0.2
v 0.1 -2.5 0.1
v 0.2 -2.5 -0.6
v 0.2 -2.5 -0.5
v 0.2 -2.5 -0.4
v 0.2 -2.5 -0.3
v 0.2 -2.5 0
v 0.2 -2.5 0.1
v 0.2 -2.5 0.2
v 0.2 -2.5 0.5
v 0.3 -2.5 -0.6
v 0.3 -2.5 -0.5
v 0.3 -2.5 -0.4
v 0.3 -2.5 -0.3
v 0.3 -2.5 0
v 0.3 -2.5 0.1
v 0.3 -2.5 0.2
v 0.4 -2.5 -0.8
v 0.4 -2.5 -0.6
v 0.4 -2.5 -0.5
v 0.4 -2.5 -0.4
v 0.4 -2.5 0
v 0.4 -2.5 0.1
v 0.5 -2.5 -0.9
v 0.5 -2.5 -0.8
v 0.5 -2.5 -0.7
v 0.5 -2.5 -0.6
v 0.5 -2.5 -0.5
v 0.5 -2.5 -0.3
v 0.5 -2.5 -0.2
v 0.6 -2.5 -0.9
v 0.6 -2.5 -0.8
v 0.6 -2.5 -0.7
v 0.6 -2.5 -0.6
v 0.6 -2.5 -0.4
v 0.6 -2.5 -0.3
v 0.6 -2.5 -0.2
v 0.6 -2.5 0.2
v 0.6 -2.5 0.6
v 0.7 -2.5 -0.8
v 0.7 -2.5 -0.7
v 0.7 -2.5 -0.4
v 0.7 -2.5 -0.3
v 0.7 -2.5 0.5
v 0.7 -2.5 0.6
v 0.8 -2.5 -0.7
v 0.8 -2.5 -0.6
v 0.9 -2.5 -0.7
v 0.9 -2.5 -0.6
v 0.9 -2.5 0.1
v 0.9 -2.5 0.2
v 0.9 -2.5 0.5
v 1 -2.5 -0.4
v 1 -2.5 -0.3
v 1 -2.5 -0.1
v 1 -2.5 0
v 1 -2.5 0.1
v 1 -2.5 0.2
v 1.1 -2.5 -0.4
v 1.1 -2.5 -0.3
v 1.1 -2.5 -0.1
v 1.1 -2.5 0
v 1.2 -2.5 -0.3
v 1.2 -2.5 -0.2
v 1.2 -2.5 -0.1
v 1.2 -2.5 0
v 1.3 -2.5 -0.3
v 1.3 -2.5 -0.2
v 1.3 -2.5 -0.1
v 1.3 -2.5 0
v 1.3 -2.5 0.1
v 1.4 -2.5 -0.4
v 1.4 -2.5 -0.3
v 1.4 -2.5 0
v 1.4 -2.5 0.1
v 1.5 -2.5 -0.4
v 1.5 -2.5 -0.3
v -1.3 -2.4 0
v -1.3 -2.4 0.1
v -1.2 -2.4 0
v -1.2 -2.4 0.1
v -1.1 -2.4 1.1
v -1.1 -2.4 1.3
v -1 -2.4 0
v -1 -2.4 0.1
v -1 -2.4 1.1
v -1 -2.4 1.2
v -1 -2.4 1.3
v -1 -2.4 1.4
v -1 -2.4 1.5
v -0.9 -2.4 -0.2
v -0.9 -2.4 -0.1
v -0.9 -2.4 0
v -0.9 -2.4 0.1
v -0.9 -2.4 1.4
v -0.9 -2.4 1.5
v -0.8 -2.4 -0.6
v -0.8 -2.4 -0.4
v -0.8 -2.4 -0.2
v -0.8 -2.4 -0.1
v -0.8 -2.4 0
v -0.8 -2.4 0.1
v -0.7 -2.4 -0.6
v -0.7 -2.4 -0.5
v -0.7 -2.4 -0.4
v -0.7 -2.4 -0.3
v -0.7 -2.4 -0.1
v -0.7 -2.4 0
v -0.7 -2.4 0.1
v -0.6 -2.4 -1.1
v -0.6 -2.4 -1
v -0.6 -2.4 -0.4
v -0.6 -2.4 -0.3
v -0.5 -2.4 -1.1
v -0.5 -2.4 -1
v -0.5 -2.4 -0.5
v -0.5 -2.4 -0.4
v -0.5 -2.4 -0.3
v -0.5 -2.4 -0.1
v -0.5 -2.4 0
v -0.5 -2.4 0.1
v -0.4 -2.4 -1.3
v -0.4 -2.4 -1.2
v -0.4 -2.4 -0.5
v -0.4 -2.4 -0.4
v -0.4 -2.4 -0.1
v -0.4 -2.4 0
v -0.4 -2.4 0.1
v -0.3 -2.4 -1.3
v -0.3 -2.4 -1.2
v -0.3 -2.4 -0.4
v -0.3 -2.4 -0.3
v -0.2 -2.4 -1.5
v -0.2 -2.4 -1.4
v -0.2 -2.4 -0.4
v -0.2 -2.4 -0.3
v -0.2 -2.4 0.2
v -0.2 -2.4 0.4
v -0.1 -2.4 -1.5
v -0.1 -2.4 -1.4
v -0.1 -2.4 0.1
v -0.1 -2.4 0.2
v -0.1 -2.4 0.4
v 0 -2.4 0
v 0 -2.4 0.1
v 0 -2.4 0.2
v 0.1 -2.4 -0.4
v 0.1 -2.4 -0.3
v 0.1 -2.4 0
v 0.1 -2.4 0.1
v 0.2 -2.4 -0.4
v 0.2 -2.4 -0.3
v 0.2 -2.4 -0.2
v 0.2 -2.4 -0.1
v 0.2 -2.4 0
v 0.2 -2.4 0.1
v 0.3 -2.4 -0.4
v 0.3 -2.4 -0.3
v 0.3 -2.4 -0.2
v 0.3 -2.4 -0.1
v 0.3 -2.4 0
v 0.4 -2.4 -0.5
v 0.4 -2.4 -0.4
v 0.4 -2.4 -0.2
v 0.4 -2.4 0
v 0.4 -2.4 0.2
v 0.5 -2.4 -0.6
v 0.5 -2.4 -0.5
v 0.5 -2.4 -0.4
v 0.5 -2.4 -0.3
v 0.5 -2.4 0
v 0.5 -2.4 0.2
v 0.6 -2.4 -0.7
v 0.6 -2.4 -0.6
v 0.6 -2.4 -0.4
v 0.6 -2.4 -0.3
v 0.6 -2.4 -0.2
v 0.6 -2.4 0
v 0.6 -2.4 0.1
v 0.6 -2.4 0.2
v 0.7 -2.4 -0.7
v 0.7 -2.4 -0.6
v 0.7 -2.4 -0.5
v 0.7 -2.4 -0.4
v 0.7 -2.4 -0.3
v 0.7 -2.4 -0.2
v 0.7 -2.4 0
v 0.7 -2.4 0.1
v 0.8 -2.4 -0.6
v 0.8 -2.4 -0.5
v 0.8 -2.4 -0.3
v 0.8 -2.4 -0.2
v 0.8 -2.4 0
v 0.8 -2.4 0.1
v 0.9 -2.4 -0.3
v 0.9 -2.4 -0.2
v 0.9 -2.4 0
v 0.9 -2.4 0.2
v 1 -2.4 -0.5
v 1 -2.4 -0.4
v 1.1 -2.4 -0.5
v 1.1 -2.4 -0.4
v 1.3 -2.4 -0.3
v 1.3 -2.4 -0.2
v 1.3 -2.4 -0.1
v 1.3 -2.4 0
v 1.5 -2.4 -0.3
v 1.5 -2.4 -0.2
v 1.5 -2.4 -0.1
v 1.5 -2.4 0
v -1.2 -2.3 -0.3
v -1.2 -2.3 -0.2
v -1.2 -2.3 -0.1
v -1.2 -2.3 0
v -1.2 -2.3 0.1
v -1.1 -2.3 -0.3
v -1.1 -2.3 -0.2
v -1.1 -2.3 -0.1
v -1.1 -2.3 0
v -1.1 -2.3 0.1
v -1.1 -2.3 1.3
v -1.1 -2.3 1.4
v -1 -2.3 -0.3
v -1 -2.3 -0.1
v -1 -2.3 0
v -1 -2.3 0.1
v -1 -2.3 1.2
v -1 -2.3 1.3
v -0.9 -2.3 -1.1
v -0.9 -2.3 -1
v -0.9 -2.3 -0.3
v -0.9 -2.3 -0.1
v -0.9 -2.3 0
v -0.9 -2.3 1.2
v -0.9 -2.3 1.3
v -0.9 -2.3 1.4
v -0.9 -2.3 1.5
v -0.8 -2.3 -0.4
v -0.8 -2.3 -0.3
v -0.8 -2.3 1.3
v -0.8 -2.3 1.4
v -0.7 -2.3 -0.4
v -0.7 -2.3 -0.3
v -0.7 -2.3 1.4
v -0.7 -2.3 1.5
v -0.6 -2.3 -1.1
v -0.6 -2.3 -1
v -0.6 -2.3 -0.4
v -0.6 -2.3 -0.3
v -0.5 -2.3 -0.4
v -0.5 -2.3 -0.3
v -0.5 -2.3 -0.2
v -0.4 -2.3 -0.3
v -0.4 -2.3 -0.2
v -0.4 -2.3 -0.1
v -0.4 -2.3 0
v -0.3 -2.3 0
v -0.3 -2.3 0.2
v -0.2 -2.3 -1.3
v -0.2 -2.3 -1.2
v -0.2 -2.3 -0.3
v -0.2 -2.3 -0.2
v -0.2 -2.3 -0.1
v -0.2 -2.3 0.1
v -0.1 -2.3 -1.3
v -0.1 -2.3 -1.2
v -0.1 -2.3 -0.4
v -0.1 -2.3 -0.3
v -0.1 -2.3 -0.2
v -0.1 -2.3 0
v -0.1 -2.3 0.1
v -0.1 -2.3 0.2
v 0 -2.3 -0.4
v 0 -2.3 -0.3
v 0 -2.3 0
v 0 -2.3 0.1
v 0.1 -2.3 -0.1
v 0.1 -2.3 0
v 0.2 -2.3 -0.1
v 0.2 -2.3 0
v 0.4 -2.3 -0.3
v 0.4 -2.3 -0.2
v 0.4 -2.3 -0.1
v 0.4 -2.3 0
v 0.5 -2.3 -0.4
v 0.5 -2.3 -0.3
v 0.5 -2.3 0
v 0.5 -2.3 0.1
v 0.6 -2.3 -0.4
v 0.6 -2.3 -0.3
v 0.6 -2.3 0
v 0.6 -2.3 0.1
v 0.7 -2.3 0
v 0.7 -2.3 0.1
v 0.8 -2.3 -0.5
v 0.8 -2.3 -0.4
v 0.8 -2.3 0
v 0.8 -2.3 0.1
v 0.9 -2.3 0
v 0.9 -2.3 0.2
v 1 -2.3 -0.5
v 1 -2.3 -0.4
v 1 -2.3 0
v 1 -2.3 0.2
v 1.1 -2.3 -0.1
v 1.1 -2.3 0
v 1.2 -2.3 -0.1
v 1.2 -2.3 0
v -1.4 -2.2 0.1
v -1.4 -2.2 0.2
v -1.3 -2.2 0.1
v -1.3 -2.2 0.2
v -1.1 -2.2 -0.1
v -1.1 -2.2 0
v -1 -2.2 -0.1
v -1 -2.2 0
v -1 -2.2 1.1
v -1 -2.2 1.2
v -0.9 -2.2 -0.3
v -0.9 -2.2 -0.2
v -0.9 -2.2 1.1
v -0.9 -2.2 1.2
v -0.9 -2.2 1.3
v -0.8 -2.2 -1
v -0.8 -2.2 -0.9
v -0.8 -2.2 -0.1
v -0.8 -2.2 0
v -0.8 -2.2 1.2
v -0.8 -2.2 1.3
v -0.8 -2.2 1.4
v -0.7 -2.2 -0.9
v -0.7 -2.2 -0.8
v -0.7 -2.2 -0.3
v -0.7 -2.2 -0.2
v -0.7 -2.2 -0.1
v -0.7 -2.2 0
v -0.7 -2.2 1.2
v -0.7 -2.2 1.3
v -0.7 -2.2 1.4
v -0.7 -2.2 1.5
v -0.6 -2.2 -1
v -0.6 -2.2 -0.8
v -0.6 -2.2 -0.3
v -0.6 -2.2 -0.2
v -0.6 -2.2 1.2
v -0.6 -2.2 1.5
v -0.5 -2.2 -0.3
v -0.5 -2.2 -0.2
v -0.5 -2.2 -0.1
v -0.5 -2.2 0
v -0.4 -2.2 -0.3
v -0.4 -2.2 -0.2
v -0.4 -2.2 -0.1
v -0.4 -2.2 0
v -0.3 -2.2 -0.3
v -0.3 -2.2 -0.2
v -0.2 -2.2 -0.1
v -0.2 -2.2 0.1
v -0.1 -2.2 -0.1
v -0.1 -2.2 0
v -0.1 -2.2 0.1
v 0 -2.2 -0.4
v 0 -2.2 -0.3
v 0.2 -2.2 -0.4
v 0.2 -2.2 -0.3
v 0.3 -2.2 -0.3
v 0.3 -2.2 -0.2
v 0.4 -2.2 -0.3
v 0.4 -2.2 -0.2
v 0.5 -2.2 0.1
v 0.5 -2.2 0.2
v 0.6 -2.2 0.1
v 0.6 -2.2 0.2
v 0.8 -2.2 -0.4
v 0.8 -2.2 -0.3
v 0.9 -2.2 -0.4
v 0.9 -2.2 -0.3
v -1.5 -2.1 -0.4
v -1.5 -2.1 -0.3
v -1.5 -2.1 0
v -1.5 -2.1 0.1
v -1.3 -2.1 -0.4
v -1.3 -2.1 -0.3
v -1.3 -2.1 -0.1
v -1.3 -2.1 0
v -1.3 -2.1 0.1
v -1.2 -2.1 -0.1
v -1.2 -2.1 0
v -1.1 -2.1 -0.3
v -1.1 -2.1 -0.2
v -1 -2.1 -0.3
v -1 -2.1 -0.2
v -1 -2.1 -0.1
v -1 -2.1 0
v -0.9 -2.1 -0.1
v -0.9 -2.1 0
v -0.8 -2.1 -0.9
v -0.8 -2.1 -0.8
v -0.8 -2.1 1.2
v -0.8 -2.1 1.3
v -0.7 -2.1 -0.9
v -0.7 -2.1 -0.8
v -0.7 -2.1 -0.3
v -0.7 -2.1 -0.2
v -0.7 -2.1 1.2
v -0.7 -2.1 1.3
v -0.6 -2.1 -0.3
v -0.6 -2.1 -0.2
v -0.5 -2.1 -0.2
v -0.5 -2.1 -0.1
v -0.3 -2.1 -0.4
v -0.3 -2.1 -0.3
v -0.3 -2.1 -0.2
v -0.3 -2.1 -0.1
v -0.2 -2.1 -0.4
v -0.2 -2.1 -0.3
v -0.2 -2.1 -0.2
v -0.1 -2.1 -0.3
v -0.1 -2.1 -0.2
v -0.1 -2.1 -0.1
v -0.1 -2.1 0
v 0 -2.1 -0.1
v 0 -2.1 0
v 0.4 -2.1 -0.1
v 0.4 -2.1 0
v 0.5 -2.1 -0.1
v 0.5 -2.1 0
v 0.6 -2.1 0
v 0.6 -2.1 0.1
v 0.6 -2.1 0.2
v 0.7 -2.1 0
v 0.7 -2.1 0.1
v 0.7 -2.1 0.2
v 0.8 -2.1 0
v 0.8 -2.1 0.1
v 0.9 -2.1 -0.4
v 0.9 -2.1 -0.3
v 1 -2.1 -0.4
v 1 -2.1 -0.3
v 1 -2.1 -0.2
v 1.1 -2.1 -0.3
v 1.1 -2.1 -0.2
v 1.4 -2.1 -0.3
v 1.4 -2.1 -0.2
v 1.5 -2.1 -0.3
v 1.5 -2.1 -0.2
v 1.5 -2.1 -0.1
v 1.6 -2.1 -0.2
v 1.6 -2.1 -0.1
v -1.6 -2 -0.1
v -1.6 -2 0
v -1.3 -2 -0.1
v -1.3 -2 0
v -1.2 -2 -0.3
v -1.2 -2 -0.2
v -1.1 -2 -0.3
v -1.1 -2 -0.2
v -1.1 -2 -0.1
v -1 -2 -1
v -1 -2 -0.8
v -1 -2 -0.2
v -1 -2 -0.1
v -0.9 -2 1
v -0.9 -2 1.2
v -0.8 -2 -1
v -0.8 -2 -0.8
v -0.7 -2 1
v -0.7 -2 1.1
v -0.6 -2 1.1
v -0.6 -2 1.2
v -0.4 -2 -1.5
v -0.4 -2 -1.4
v -0.3 -2 -1.5
v -0.3 -2 -1.4
v 0.2 -2 -0.4
v 0.2 -2 -0.3
v 0.2 -2 -0.1
v 0.2 -2 0
v 0.3 -2 -0.4
v 0.3 -2 -0.3
v 0.3 -2 -0.1
v 0.3 -2 0
v 0.5 -2 -0.5
v 0.5 -2 -0.4
v 0.5 -2 0
v 0.5 -2 0.1
v 0.6 -2 -0.6
v 0.6 -2 -0.5
v 0.6 -2 -0.4
v 0.6 -2 0
v 0.6 -2 0.1
v 0.7 -2 -0.6
v 0.7 -2 -0.5
v 0.7 -2 -0.4
v 0.7 -2 -0.1
v 0.7 -2 0
v 0.8 -2 -0.4
v 0.8 -2 -0.1
v 0.8 -2 0
v 0.8 -2 0.1
v 0.9 -2 -0.5
v 0.9 -2 -0.4
v 0.9 -2 -0.3
v 0.9 -2 -0.2
v 0.9 -2 -0.1
v 0.9 -2 0
v 0.9 -2 0.1
v 1 -2 -0.3
v 1 -2 -0.2
v 1 -2 -0.1
v 1.1 -2 -0.3
v 1.1 -2 -0.2
v 1.1 -2 -0.1
v 1.1 -2 0
v 1.2 -2 -0.3
v 1.2 -2 -0.2
v -1 -1.9 -0.3
v -1 -1.9 -0.1
v -0.9 -1.9 -0.2
v -0.9 -1.9 -0.1
v -0.8 -1.9 -0.3
v -0.8 -1.9 -0.2
v -0.4 -1.9 -1.4
v -0.4 -1.9 -1.3
v -0.3 -1.9 -1.4
v -0.3 -1.9 -1.3
v -0.3 -1.9 -1.2
v -0.2 -1.9 -1.3
v -0.2 -1.9 -1.2
v 0.3 -1.9 -0.1
v 0.3 -1.9 0
v 0.4 -1.9 -0.4
v 0.4 -1.9 -0.3
v 0.4 -1.9 -0.1
v 0.4 -1.9 0
v 0.5 -1.9 -0.4
v 0.5 -1.9 -0.3
v 0.6 -1.9 -0.5
v 0.6 -1.9 -0.4
v 0.6 -1.9 -0.1
v 0.6 -1.9 0
v 0.7 -1.9 -0.5
v 0.7 -1.9 -0.4
v 0.7 -1.9 -0.1
v 0.7 -1.9 0
v 1.1 -1.9 -0.2
v 1.1 -1.9 -0.1
v 1.2 -1.9 -0.2
v 1.2 -1.9 -0.1
v -1.6 -1.8 -0.3
v -1.6 -1.8 -0.1
v -1.4 -1.8 -0.3
v -1.4 -1.8 -0.1
v -1.3 -1.8 -0.3
v -1.3 -1.8 -0.2
v -1.2 -1.8 -0.8
v -1.2 -1.8 -0.7
v -1.2 -1.8 -0.3
v -1.2 -1.8 -0.2
v -1.1 -1.8 -1
v -1.1 -1.8 -0.8
v -1 -1.8 -1
v -1 -1.8 -0.7
v -0.9 -1.8 -0.2
v -0.9 -1.8 -0.1
v -0.8 -1.8 -0.3
v -0.8 -1.8 -0.2
v -0.8 -1.8 -0.1
v -0.7 -1.8 1
v -0.7 -1.8 1.1
v -0.6 -1.8 -0.3
v -0.6 -1.8 -0.2
v -0.6 -1.8 1
v -0.6 -1.8 1.1
v -0.5 -1.8 0.8
v -0.5 -1.8 0.9
v -0.4 -1.8 0.8
v -0.4 -1.8 0.9
v -0.3 -1.8 -1.4
v -0.3 -1.8 -1.3
v -0.2 -1.8 -1.4
v -0.2 -1.8 -1.3
v -0.2 -1.8 -1.2
v -0.1 -1.8 -1.3
v -0.1 -1.8 -1.2
v -0.1 -1.8 -0.3
v -0.1 -1.8 -0.2
v -0.1 -1.8 -0.1
v -0.1 -1.8 0
v 0 -1.8 -0.3
v 0 -1.8 -0.2
v 0 -1.8 -0.1
v 0 -1.8 0
v 0.1 -1.8 -0.3
v 0.1 -1.8 -0.2
v 0.1 -1.8 -0.1
v 0.1 -1.8 0
v 0.2 -1.8 -0.3
v 0.2 -1.8 -0.2
v 0.2 -1.8 -0.1
v 0.2 -1.8 0
v 0.4 -1.8 -0.1
v 0.4 -1.8 0
v 0.5 -1.8 -0.4
v 0.5 -1.8 -0.3
v 0.6 -1.8 -0.1
v 0.6 -1.8 0
v 0.8 -1.8 -0.4
v 0.8 -1.8 -0.3
v 0.8 -1.8 -0.1
v 0.8 -1.8 0.1
v 0.9 -1.8 -0.1
v 0.9 -1.8 0.1
v 1 -1.8 -0.2
v 1 -1.8 -0.1
v 1.1 -1.8 -0.2
v 1.1 -1.8 -0.1
v 1.2 -1.8 -0.3
v 1.2 -1.8 -0.2
v 1.2 -1.8 -0.1
v 1.3 -1.8 -0.3
v 1.3 -1.8 -0.2
v 1.3 -1.8 -0.1
v -1.4 -1.7 -0.3
v -1.4 -1.7 -0.2
v -1.3 -1.7 -1
v -1.3 -1.7 -0.9
v -1.3 -1.7 -0.8
v -1.3 -1.7 -0.3
v -1.3 -1.7 -0.2
v -1.2 -1.7 -1
v -1.2 -1.7 -0.4
v -1.2 -1.7 -0.3
v -1.1 -1.7 -1
v -1.1 -1.7 -0.8
v -1.1 -1.7 -0.4
v -1.1 -1.7 -0.3
v -0.7 -1.7 0.8
v -0.7 -1.7 1
v -0.6 -1.7 -0.3
v -0.6 -1.7 -0.2
v -0.6 -1.7 0.8
v -0.6 -1.7 0.9
v -0.6 -1.7 1
v -0.6 -1.7 1.1
v -0.5 -1.7 -0.3
v -0.5 -1.7 -0.2
v -0.5 -1.7 0.9
v -0.4 -1.7 -1.5
v -0.4 -1.7 -1.4
v -0.4 -1.7 -0.2
v -0.4 -1.7 -0.1
v -0.4 -1.7 0.8
v -0.4 -1.7 0.9
v -0.3 -1.7 -1.5
v -0.3 -1.7 -1.4
v -0.3 -1.7 -0.2
v -0.3 -1.7 -0.1
v -0.3 -1.7 0.8
v -0.3 -1.7 1
v -0.3 -1.7 1.1
v -0.2 -1.7 -0.3
v -0.2 -1.7 -0.2
v -0.1 -1.7 -0.3
v -0.1 -1.7 -0.2
v 0 -1.7 -0.3
v 0 -1.7 -0.2
v 0 -1.7 -0.1
v 0 -1.7 0
v 0.1 -1.7 -0.3
v 0.1 -1.7 -0.2
v 0.1 -1.7 -0.1
v 0.1 -1.7 0
v 0.2 -1.7 -0.3
v 0.2 -1.7 -0.2
v 0.2 -1.7 -0.1
v 0.4 -1.7 -0.2
v 0.4 -1.7 -0.1
v 0.6 -1.7 -0.3
v 0.6 -1.7 -0.2
v -1.4 -1.6 -1.2
v -1.4 -1.6 -1
v -1.4 -1.6 -0.9
v -1.4 -1.6 -0.2
v -1.4 -1.6 -0.1
v -1.3 -1.6 -1.2
v -1.3 -1.6 -1.1
v -1.3 -1.6 -1
v -1.3 -1.6 -0.9
v -1.3 -1.6 -0.2
v -1.3 -1.6 -0.1
v -1.2 -1.6 -1.1
v -1.2 -1.6 -1
v -1.1 -1.6 -0.3
v -1.1 -1.6 -0.2
v -1 -1.6 -0.3
v -1 -1.6 -0.2
v -0.6 -1.6 -0.2
v -0.6 -1.6 -0.1
v -0.6 -1.6 0.8
v -0.6 -1.6 0.9
v -0.5 -1.6 0.8
v -0.5 -1.6 0.9
v -0.4 -1.6 -0.2
v -0.4 -1.6 -0.1
v -0.3 -1.6 -1.5
v -0.3 -1.6 -1.4
v -0.2 -1.6 -1.4
v -0.2 -1.6 -1.3
v -0.1 -1.6 -1.4
v -0.1 -1.6 -1.3
v -0.1 -1.6 -1.2
v 0 -1.6 -1.5
v 0 -1.6 -1.4
v 0 -1.6 -1.3
v 0 -1.6 -1.2
v 0 -1.6 -0.2
v 0 -1.6 -0.1
v 0.2 -1.6 -0.2
v 0.2 -1.6 -0.1
v 0.4 -1.6 -0.2
v 0.4 -1.6 -0.1
v 0.5 -1.6 -0.2
v 0.5 -1.6 -0.1
v 0.8 -1.6 -0.3
v 0.8 -1.6 -0.2
v 0.9 -1.6 -0.3
v 0.9 -1.6 -0.2
v 0.9 -1.6 -0.1
v 1 -1.6 -0.2
v 1 -1.6 -0.1
v -1.6 -1.5 -1.1
v -1.6 -1.5 -1
v -1.5 -1.5 -1.2
v -1.5 -1.5 -1.1
v -1.5 -1.5 -1
v -1.4 -1.5 -1.2
v -1.4 -1.5 -1
v -1.3 -1.5 -0.3
v -1.3 -1.5 -0.2
v -1.2 -1.5 -0.3
v -1.2 -1.5 -0.2
v -0.8 -1.5 0.7
v -0.8 -1.5 0.8
v -0.6 -1.5 0.7
v -0.6 -1.5 0.8
v -0.4 -1.5 -0.1
v -0.4 -1.5 0
v -0.3 -1.5 -0.1
v -0.3 -1.5 0
v -0.3 -1.5 0.8
v -0.3 -1.5 1.1
v -0.1 -1.5 -1.4
v -0.1 -1.5 -1.3
v -0.1 -1.5 0.8
v -0.1 -1.5 1.1
v 0 -1.5 -1.4
v 0 -1.5 -1.3
v 0 -1.5 -1.2
v 0.1 -1.5 -1.3
v 0.1 -1.5 -1.2
v 0.7 -1.5 -0.1
v 0.7 -1.5 0
v 0.8 -1.5 -0.2
v 0.8 -1.5 -0.1
v 0.8 -1.5 0
v 0.9 -1.5 -0.2
v 0.9 -1.5 -0.1
v 1.5 -1.5 -0.2
v 1.5 -1.5 -0.1
v 1.6 -1.5 -0.2
v 1.6 -1.5 -0.1
v -1.6 -1.4 -1.2
v -1.6 -1.4 -1.1
v -1.5 -1.4 -1.3
v -1.5 -1.4 -1.2
v -1.5 -1.4 -1.1
v -1.4 -1.4 -1.3
v -1.4 -1.4 -1.2
v -0.9 -1.4 -0.2
v -0.9 -1.4 -0.1
v -0.8 -1.4 -0.2
v -0.8 -1.4 -0.1
v -0.8 -1.4 0.5
v -0.8 -1.4 0.6
v -0.7 -1.4 0.5
v -0.7 -1.4 0.6
v -0.7 -1.4 0.7
v -0.6 -1.4 0.6
v -0.6 -1.4 0.7
v -0.3 -1.4 -0.2
v -0.3 -1.4 0.1
v -0.2 -1.4 -0.2
v -0.2 -1.4 0
v -0.1 -1.4 0
v -0.1 -1.4 0.1
v -0.1 -1.4 0.8
v -0.1 -1.4 1.1
v 0 -1.4 -1.5
v 0 -1.4 -1.3
v 0 -1.4 0.8
v 0 -1.4 1.1
v 0.1 -1.4 -1.5
v 0.1 -1.4 -1.3
v 0.1 -1.4 0.8
v 0.1 -1.4 0.9
v 0.2 -1.4 0.8
v 0.2 -1.4 0.9
v 0.6 -1.4 -0.3
v 0.6 -1.4 -0.2
v 0.8 -1.4 -0.3
v 0.8 -1.4 -0.2
v 1.3 -1.4 -0.3
v 1.3 -1.4 -0.2
v 1.5 -1.4 -0.3
v 1.5 -1.4 -0.2
v -1.6 -1.3 -1.5
v -1.6 -1.3 -1.4
v -1.5 -1.3 -1.5
v -1.5 -1.3 -1.4
v -1.4 -1.3 -1.4
v -1.4 -1.3 -1.3
v -1.3 -1.3 -1.4
v -1.3 -1.3 -1.3
v -1.3 -1.3 -0.2
v -1.3 -1.3 -0.1
v -1.2 -1.3 -0.3
v -1.2 -1.3 -0.2
v -1.2 -1.3 -0.1
v -1.1 -1.3 -0.3
v -1.1 -1.3 -0.2
v -1 -1.3 0.6
v -1 -1.3 0.7
v -0.9 -1.3 0.4
v -0.9 -1.3 0.5
v -0.9 -1.3 0.6
v -0.8 -1.3 0.4
v -0.8 -1.3 0.5
v -0.8 -1.3 0.6
v -0.8 -1.3 0.7
v -0.7 -1.3 0.6
v -0.7 -1.3 0.7
v 0 -1.3 0.8
v 0 -1.3 1.1
v 0.1 -1.3 -1.5
v 0.1 -1.3 -1.2
v 0.1 -1.3 0.8
v 0.1 -1.3 0.9
v 0.1 -1.3 1.1
v 0.2 -1.3 -1.4
v 0.2 -1.3 -1.3
v 0.3 -1.3 -1.5
v 0.3 -1.3 -1.4
v 0.3 -1.3 -1.3
v 0.3 -1.3 -1.2
v 0.5 -1.3 -0.1
v 0.5 -1.3 0
v 0.7 -1.3 -0.2
v 0.7 -1.3 -0.1
v 0.7 -1.3 0
v 0.8 -1.3 -0.2
v 0.8 -1.3 -0.1
v 1.4 -1.3 -0.2
v 1.4 -1.3 -0.1
v 1.5 -1.3 -0.2
v 1.5 -1.3 -0.1
v -1.6 -1.2 -1.4
v -1.6 -1.2 -1.2
v -1.5 -1.2 -1.5
v -1.5 -1.2 -1.4
v -1.5 -1.2 -1.3
v -1.5 -1.2 -1.2
v -1.4 -1.2 -1.5
v -1.4 -1.2 -1.3
v -1.1 -1.2 0.3
v -1.1 -1.2 0.4
v -1.1 -1.2 0.5
v -1.1 -1.2 0.6
v -1 -1.2 0.3
v -1 -1.2 0.4
v -1 -1.2 0.5
v -0.9 -1.2 0.4
v -0.9 -1.2 0.6
v -0.2 -1.2 -0.2
v -0.2 -1.2 0
v -0.1 -1.2 -0.2
v -0.1 -1.2 -0.1
v 0.1 -1.2 -0.1
v 0.1 -1.2 0
v 0.1 -1.2 0.9
v 0.1 -1.2 1.1
v 0.2 -1.2 -1.4
v 0.2 -1.2 -1.3
v 0.3 -1.2 -1.3
v 0.3 -1.2 0.9
v 0.3 -1.2 1.1
v 0.5 -1.2 -1.4
v 0.5 -1.2 -1.3
v 0.5 -1.2 0
v 0.5 -1.2 0.1
v 0.6 -1.2 0.1
v 0.6 -1.2 0.2
v 0.7 -1.2 0
v 0.7 -1.2 0.2
v -1.4 -1.1 0.2
v -1.4 -1.1 0.3
v -1.3 -1.1 0.2
v -1.3 -1.1 0.3
v -1.3 -1.1 0.4
v -1.3 -1.1 0.5
v -1.2 -1.1 0.2
v -1.2 -1.1 0.4
v -1.1 -1.1 0.2
v -1.1 -1.1 0.4
v -1 -1.1 -0.2
v -1 -1.1 -0.1
v -1 -1.1 0.4
v -1 -1.1 0.5
v -0.9 -1.1 -0.2
v -0.9 -1.1 -0.1
v -0.2 -1.1 -0.3
v -0.2 -1.1 -0.2
v -0.1 -1.1 -0.3
v -0.1 -1.1 -0.2
v 0.1 -1.1 -0.2
v 0.1 -1.1 -0.1
v 0.2 -1.1 -0.2
v 0.2 -1.1 -0.1
v 0.3 -1.1 1
v 0.3 -1.1 1.1
v 0.4 -1.1 1
v 0.4 -1.1 1.1
v 0.4 -1.1 1.2
v 0.5 -1.1 -1.3
v 0.5 -1.1 -1.2
v 0.5 -1.1 0.1
v 0.5 -1.1 0.2
v 0.5 -1.1 0.3
v 0.6 -1.1 -1.3
v 0.6 -1.1 -1.2
v 0.6 -1.1 0.1
v 0.6 -1.1 0.3
v 0.6 -1.1 1.1
v 0.6 -1.1 1.2
v -1.3 -1 0.2
v -1.3 -1 0.4
v -1.2 -1 0.2
v -1.2 -1 0.4
v -0.8 -1 -0.2
v -0.8 -1 -0.1
v -0.7 -1 -0.2
v -0.7 -1 -0.1
v -0.1 -1 -0.4
v -0.1 -1 -0.3
v -0.1 -1 -0.1
v 0 -1 -0.4
v 0.1 -1 -0.4
v 0.1 -1 -0.1
v 0.3 -1 -1.3
v 0.3 -1 -1.1
v 0.3 -1 0.2
v 0.3 -1 0.4
v 0.3 -1 0.9
v 0.3 -1 1
v 0.4 -1 0.3
v 0.4 -1 0.4
v 0.4 -1 1
v 0.4 -1 1.1
v 0.5 -1 -1.3
v 0.5 -1 -1.2
v 0.5 -1 -1.1
v 0.5 -1 0.2
v 0.5 -1 0.3
v 0.5 -1 0.9
v 0.5 -1 1
v 0.6 -1 -1.2
v 0.6 -1 -1.1
v 0.6 -1 -0.2
v 0.6 -1 -0.1
v 0.6 -1 0.9
v 0.6 -1 1
v 0.6 -1 1.1
v 0.7 -1 -1.2
v 0.7 -1 -1.1
v 0.7 -1 -0.2
v 0.7 -1 -0.1
v 0.7 -1 0.9
v 0.7 -1 1
v 1.3 -1 -0.2
v 1.3 -1 -0.1
v 1.4 -1 -0.2
v 1.4 -1 -0.1
v -1.1 -0.9 -0.2
v -1.1 -0.9 -0.1
v -1 -0.9 -0.2
v -1 -0.9 -0.1
v -0.3 -0.9 -0.4
v -0.3 -0.9 -0.3
v -0.2 -0.9 -0.4
v -0.1 -0.9 -0.5
v -0.1 -0.9 -0.4
v -0.1 -0.9 -0.3
v 0 -0.9 -0.5
v 0 -0.9 -0.4
v 0.1 -0.9 0.4
v 0.1 -0.9 0.6
v 0.2 -0.9 0.4
v 0.2 -0.9 0.6
v 0.2 -0.9 0.7
v 0.3 -0.9 0.4
v 0.3 -0.9 0.5
v 0.3 -0.9 0.6
v 0.3 -0.9 0.7
v 0.4 -0.9 0.3
v 0.4 -0.9 0.4
v 0.4 -0.9 0.5
v 0.4 -0.9 0.6
v 0.5 -0.9 -1.2
v 0.5 -0.9 -1.1
v 0.5 -0.9 0.3
v 0.5 -0.9 0.5
v 0.5 -0.9 0.9
v 0.5 -0.9 1
v 0.6 -0.9 -1.2
v 0.6 -0.9 -1.1
v 0.6 -0.9 0.9
v 0.6 -0.9 1
v 1.1 -0.9 -0.1
v 1.1 -0.9 0
v 1.2 -0.9 -0.1
v 1.2 -0.9 0
v -0.6 -0.8 -0.1
v -0.6 -0.8 0
v -0.5 -0.8 -0.1
v -0.5 -0.8 0
v -0.2 -0.8 -0.6
v -0.2 -0.8 -0.5
v -0.2 -0.8 -0.4
v -0.1 -0.8 -0.6
v -0.1 -0.8 -0.5
v -0.1 -0.8 -0.4
v 0.2 -0.8 0.4
v 0.2 -0.8 0.6
v 0.3 -0.8 -0.2
v 0.3 -0.8 -0.1
v 0.3 -0.8 0.4
v 0.3 -0.8 0.6
v 0.4 -0.8 -0.2
v 0.4 -0.8 -0.1
v 1 -0.8 -0.2
v 1 -0.8 -0.1
v 1.1 -0.8 -0.2
v 1.1 -0.8 -0.1
v 1.2 -0.8 -0.1
v 1.2 -0.8 0
v 1.3 -0.8 -0.1
v 1.3 -0.8 0
v -1.3 -0.7 -0.1
v -1.3 -0.7 0
v -1.2 -0.7 -0.1
v -1.2 -0.7 0
v -0.5 -0.7 -0.2
v -0.5 -0.7 -0.1
v -0.4 -0.7 -0.2
v -0.4 -0.7 -0.1
v -0.3 -0.7 -0.7
v -0.3 -0.7 -0.5
v -0.3 -0.7 -0.4
v -0.2 -0.7 -0.7
v -0.2 -0.7 -0.6
v -0.2 -0.7 -0.4
v -0.1 -0.7 -0.7
v -0.1 -0.7 -0.6
v 0.4 -0.7 -0.3
v 0.4 -0.7 -0.2
v 0.4 -0.7 -0.1
v 0.4 -0.7 0
v 0.5 -0.7 -0.3
v 0.5 -0.7 -0.2
v 0.5 -0.7 -0.1
v 0.5 -0.7 0
v 1 -0.7 -0.3
v 1 -0.7 -0.2
v 1.1 -0.7 -0.3
v 1.1 -0.7 -0.2
v 1.1 -0.7 -0.1
v 1.2 -0.7 -0.2
v 1.2 -0.7 -0.1
v -1.4 -0.6 -0.2
v -1.4 -0.6 -0.1
v -1.3 -0.6 -0.2
v -1.3 -0.6 -0.1
v -1.2 -0.6 -0.1
v -1.2 -0.6 0
v -1.1 -0.6 -0.1
v -1.1 -0.6 0
v -0.8 -0.6 -0.1
v -0.8 -0.6 0
v -0.7 -0.6 -0.2
v -0.7 -0.6 -0.1
v -0.7 -0.6 0
v -0.7 -0.6 0.1
v -0.6 -0.6 -0.8
v -0.6 -0.6 -0.7
v -0.6 -0.6 0
v -0.6 -0.6 0.1
v -0.5 -0.6 -0.9
v -0.5 -0.6 -0.8
v -0.5 -0.6 -0.7
v -0.5 -0.6 -0.6
v -0.5 -0.6 -0.2
v -0.5 -0.6 -0.1
v -0.4 -0.6 -0.9
v -0.4 -0.6 -0.8
v -0.4 -0.6 -0.7
v -0.4 -0.6 -0.6
v -0.4 -0.6 -0.5
v -0.3 -0.6 -0.8
v -0.3 -0.6 -0.7
v -0.3 -0.6 -0.5
v -0.2 -0.6 -0.8
v -0.2 -0.6 -0.7
v 0.4 -0.6 -0.2
v 0.4 -0.6 -0.1
v 0.5 -0.6 -0.3
v 0.5 -0.6 -0.2
v 0.5 -0.6 -0.1
v 0.5 -0.6 0
v 0.6 -0.6 -0.3
v 0.6 -0.6 -0.2
v 0.6 -0.6 -0.1
v 0.6 -0.6 0
v 0.7 -0.6 -0.3
v 0.7 -0.6 -0.2
v 0.8 -0.6 -0.3
v 0.8 -0.6 -0.2
v -0.8 -0.5 0
v -0.8 -0.5 0.1
v -0.8 -0.5 0.2
v -0.7 -0.5 0
v -0.7 -0.5 0.1
v -0.7 -0.5 0.2
v -0.5 -0.5 -0.8
v -0.5 -0.5 -0.7
v -0.3 -0.5 -0.8
v -0.3 -0.5 -0.7
v 0.5 -0.5 -0.2
v 0.5 -0.5 -0.1
v 0.6 -0.5 -0.3
v 0.6 -0.5 -0.2
v 0.6 -0.5 -0.1
v 0.7 -0.5 -0.3
v 0.7 -0.5 -0.2
v 1.2 -0.5 -0.3
v 1.2 -0.5 -0.2
v 1.2 -0.5 -0.1
v 1.3 -0.5 -0.3
v 1.3 -0.5 -0.1
v -1.2 -0.4 -0.2
v -1.2 -0.4 -0.1
v -1.1 -0.4 -0.2
v -1.1 -0.4 -0.1
v -1.1 -0.4 0.1
v -1.1 -0.4 0.2
v -1 -0.4 0
v -1 -0.4 0.1
v -1 -0.4 0.2
v -0.9 -0.4 0
v -0.9 -0.4 0.1
v -0.8 -0.4 0
v -0.8 -0.4 0.1
v 0.7 -0.4 -0.2
v 0.7 -0.4 -0.1
v 0.8 -0.4 -0.2
v 0.8 -0.4 -0.1
v 1.1 -0.4 -0.3
v 1.1 -0.4 -0.2
v 1.2 -0.4 -0.3
v 1.2 -0.4 -0.2
v -1.3 -0.3 -0.2
v -1.3 -0.3 -0.1
v -1.2 -0.3 -0.2
v -1.2 -0.3 -0.1
v -1 -0.3 0.1
v -1 -0.3 0.3
v -0.8 -0.3 -0.2
v -0.8 -0.3 -0.1
v -0.8 -0.3 0.1
v -0.8 -0.3 0.3
v -0.7 -0.3 -0.2
v -0.7 -0.3 -0.1
v -0.7 -0.3 0
v -0.6 -0.3 -0.1
v -0.5 -0.3 -0.1
v -0.5 -0.3 0
v 0.6 -0.3 -0.2
v 0.6 -0.3 -0.1
v 0.7 -0.3 -0.2
v 0.7 -0.3 -0.1
v -0.6 -0.0999999 -0.2
v -0.6 -0.0999999 -0.1
v -0.5 -0.0999999 -0.2
v -0.5 -0.0999999 -0.1
v -0.7 2.38419e-07 -0.2
v -0.7 2.38419e-07 -0.1
v -0.6 2.38419e-07 -0.2
v -0.6 2.38419e-07 -0.1
v -0.4 -2.8 -1.6
v -0.1 -2.8 -1.6
v -0.4 -2.7 -1.6
v -0.3 -2.7 -1.6
v -0.2 -2.7 -1.6
v -0.1 -2.7 -1.6
v -0.3 -2.6 -1.6
v -0.2 -2.6 -1.6
v -0.6 -2.8 -1.5
v -0.4 -2.8 -1.5
v -0.1 -2.8 -1.5
v 0.1 -2.8 -1.5
v -0.6 -2.7 -1.5
v -0.5 -2.7 -1.5
v -0.4 -2.7 -1.5
v -0.3 -2.7 -1.5
v -0.2 -2.7 -1.5
v -0.1 -2.7 -1.5
v 0 -2.7 -1.5
v 0.1 -2.7 -1.5
v -0.5 -2.6 -1.5
v -0.4 -2.6 -1.5
v -0.3 -2.6 -1.5
v -0.2 -2.6 -1.5
v -0.1 -2.6 -1.5
v 0 -2.6 -1.5
v -0.4 -2.5 -1.5
v -0.3 -2.5 -1.5
v -0.3 -2.4 -1.5
v -0.2 -2.4 -1.5
v -0.1 -2.4 -1.5
v -0.4 -2.1 -1.5
v -0.3 -2.1 -1.5
v -0.4 -2 -1.5
v -0.3 -2 -1.5
v -0.2 -2 -1.5
v -0.2 -1.9 -1.5
v -0.1 -1.9 -1.5
v -0.4 -1.8 -1.5
v -0.3 -1.8 -1.5
v -0.4 -1.7 -1.5
v -0.3 -1.7 -1.5
v -0.1 -1.7 -1.5
v 0.1 -1.7 -1.5
v -0.3 -1.6 -1.5
v 0 -1.6 -1.5
v 0.1 -1.6 -1.5
v 0.2 -1.6 -1.5
v 0 -1.5 -1.5
v 0.1 -1.5 -1.5
v 0.2 -1.5 -1.5
v 0.3 -1.5 -1.5
v -1.6 -1.4 -1.5
v -1.4 -1.4 -1.5
v 0 -1.4 -1.5
v 0.1 -1.4 -1.5
v 0.3 -1.4 -1.5
v -1.6 -1.3 -1.5
v -1.5 -1.3 -1.5
v 0.1 -1.3 -1.5
v 0.3 -1.3 -1.5
v -1.5 -1.2 -1.5
v -1.4 -1.2 -1.5
v 0.1 -2.8 -1.4
v 0.2 -2.8 -1.4
v -0.6 -2.7 -1.4
v -0.5 -2.7 -1.4
v 0 -2.7 -1.4
v 0.1 -2.7 -1.4
v 0.2 -2.7 -1.4
v -0.6 -2.6 -1.4
v -0.5 -2.6 -1.4
v -0.4 -2.6 -1.4
v -0.1 -2.6 -1.4
v 0 -2.6 -1.4
v 0.1 -2.6 -1.4
v -0.5 -2.5 -1.4
v -0.4 -2.5 -1.4
v -0.1 -2.5 -1.4
v 0 -2.5 -1.4
v -0.2 -2.4 -1.4
v -0.1 -2.4 -1.4
v -0.2 -2.2 -1.4
v -0.1 -2.2 -1.4
v -0.1 -2.1 -1.4
v 0 -2.1 -1.4
v -0.4 -2 -1.4
v -0.3 -2 -1.4
v -0.2 -2 -1.4
v -0.4 -1.9 -1.4
v -0.3 -1.9 -1.4
v -0.2 -1.9 -1.4
v -0.1 -1.9 -1.4
v 0 -1.9 -1.4
v 0.1 -1.9 -1.4
v -0.1 -1.7 -1.4
v 0.1 -1.7 -1.4
v 0.2 -1.7 -1.4
v -0.1 -1.6 -1.4
v 0 -1.6 -1.4
v 0.1 -1.6 -1.4
v 0.2 -1.6 -1.4
v 0.3 -1.6 -1.4
v -1.6 -1.5 -1.4
v -1.5 -1.5 -1.4
v -0.1 -1.5 -1.4
v 0 -1.5 -1.4
v 0.2 -1.5 -1.4
v 0.3 -1.5 -1.4
v 0.4 -1.5 -1.4
v -1.6 -1.4 -1.4
v -1.5 -1.4 -1.4
v -1.4 -1.4 -1.4
v -1.3 -1.4 -1.4
v 0.3 -1.4 -1.4
v -1.6 -1.3 -1.4
v -1.5 -1.3 -1.4
v -1.4 -1.3 -1.4
v -1.3 -1.3 -1.4
v 0.2 -1.3 -1.4
v 0.3 -1.3 -1.4
v 0.4 -1.3 -1.4
v 0.5 -1.3 -1.4
v -1.6 -1.2 -1.4
v -1.5 -1.2 -1.4
v 0.2 -1.2 -1.4
v 0.5 -1.2 -1.4
v -1.6 -1.6 -1.3
v -1.4 -1.6 -1.3
v -1.6 -1.5 -1.3
v -1.5 -1.5 -1.3
v -1.5 -1.4 -1.3
v -1.4 -1.4 -1.3
v 0.3 -1.2 -1.3
v 0.5 -1.2 -1.3
v 0.6 -1.2 -1.3
v 0.5 -1.1 -1.3
v 0.6 -1.1 -1.3
v 0.3 -1 -1.3
v 0.5 -1 -1.3
v -1.1 -2.8 -1.2
v -1 -2.8 -1.2
v 0.3 -2.8 -1.2
v 0.4 -2.8 -1.2
v -1.1 -2.7 -1.2
v -1 -2.7 -1.2
v -0.6 -2.7 -1.2
v -0.5 -2.7 -1.2
v 0.3 -2.7 -1.2
v 0.4 -2.7 -1.2
v -0.5 -2.6 -1.2
v -0.6 -2.5 -1.2
v -0.5 -2.5 -1.2
v -1.6 -1.7 -1.2
v -1.5 -1.7 -1.2
v -1.3 -1.7 -1.2
v -1.6 -1.6 -1.2
v -1.5 -1.6 -1.2
v -1.4 -1.6 -1.2
v -1.3 -1.6 -1.2
v 0.5 -1.1 -1.2
v 0.6 -1.1 -1.2
v 0.7 -1.1 -1.2
v 0.5 -1 -1.2
v 0.6 -1 -1.2
v 0.7 -1 -1.2
v 0.5 -0.9 -1.2
v 0.6 -0.9 -1.2
v 0.2 -2.8 -1.1
v 0.3 -2.8 -1.1
v 0.4 -2.8 -1.1
v 0.7 -2.8 -1.1
v 0.2 -2.7 -1.1
v 0.3 -2.7 -1.1
v 0.4 -2.7 -1.1
v 0.7 -2.7 -1.1
v -0.8 -2.6 -1.1
v -0.7 -2.6 -1.1
v -0.6 -2.6 -1.1
v 0.3 -2.6 -1.1
v 0.4 -2.6 -1.1
v -0.6 -2.5 -1.1
v -0.5 -2.5 -1.1
v -0.9 -2.4 -1.1
v -0.8 -2.4 -1.1
v -0.7 -2.4 -1.1
v -0.6 -2.4 -1.1
v -0.5 -2.4 -1.1
v -0.9 -2.3 -1.1
v -0.6 -2.3 -1.1
v -1.4 -1.9 -1.1
v -1.2 -1.9 -1.1
v -1.4 -1.7 -1.1
v -1.3 -1.7 -1.1
v -1.3 -1.6 -1.1
v -1.2 -1.6 -1.1
v -1.3 -2.8 -1
v -1.1 -2.8 -1
v -1 -2.8 -1
v -0.7 -2.8 -1
v -0.6 -2.8 -1
v -0.5 -2.8 -1
v 0 -2.8 -1
v 0.2 -2.8 -1
v 0.7 -2.8 -1
v 0.8 -2.8 -1
v -1.3 -2.7 -1
v -1.1 -2.7 -1
v -1 -2.7 -1
v -0.7 -2.7 -1
v -0.6 -2.7 -1
v -0.5 -2.7 -1
v 0 -2.7 -1
v 0.2 -2.7 -1
v 0.5 -2.7 -1
v 0.7 -2.7 -1
v 0.8 -2.7 -1
v 0.5 -2.6 -1
v 0.7 -2.6 -1
v -1 -2.3 -1
v -0.9 -2.3 -1
v -0.6 -2.3 -1
v -0.8 -2.2 -1
v -0.6 -2.2 -1
v -1.1 -2.1 -1
v -1 -2.1 -1
v -1.2 -2 -1
v -1.1 -2 -1
v -1 -2 -1
v -0.8 -2 -1
v -1.2 -1.9 -1
v -1.1 -1.9 -1
v -1 -1.9 -1
v -1.1 -1.8 -1
v -1 -1.8 -1
v -1.2 -1.7 -1
v -1.1 -1.7 -1
v -0.7 -2.8 -0.9
v -0.6 -2.8 -0.9
v 0.8 -2.8 -0.9
v 0.9 -2.8 -0.9
v -1.1 -2.7 -0.9
v -0.9 -2.7 -0.9
v -0.7 -2.7 -0.9
v -0.6 -2.7 -0.9
v 0 -2.7 -0.9
v 0.1 -2.7 -0.9
v 0.2 -2.7 -0.9
v 0.3 -2.7 -0.9
v 0.4 -2.7 -0.9
v 0.5 -2.7 -0.9
v 0.8 -2.7 -0.9
v 0.9 -2.7 -0.9
v -1.1 -2.6 -0.9
v -0.9 -2.6 -0.9
v 0 -2.6 -0.9
v 0.1 -2.6 -0.9
v 0.2 -2.6 -0.9
v 0.3 -2.6 -0.9
v 0.4 -2.6 -0.9
v 0.5 -2.6 -0.9
v 0.6 -2.6 -0.9
v 0.5 -2.5 -0.9
v 0.6 -2.5 -0.9
v -0.8 -2.2 -0.9
v -0.7 -2.2 -0.9
v -0.8 -2.1 -0.9
v -0.7 -2.1 -0.9
v -0.5 -0.7 -0.9
v -0.4 -0.7 -0.9
v -0.5 -0.6 -0.9
v -0.4 -0.6 -0.9
v -0.4 -2.8 -0.8
v 0 -2.8 -0.8
v 0.9 -2.8 -0.8
v 1 -2.8 -0.8
v -1.2 -2.7 -0.8
v -1.1 -2.7 -0.8
v -0.9 -2.7 -0.8
v -0.8 -2.7 -0.8
v -0.7 -2.7 -0.8
v -0.4 -2.7 -0.8
v 0 -2.7 -0.8
v 0.1 -2.7 -0.8
v 0.2 -2.7 -0.8
v 0.6 -2.7 -0.8
v 0.7 -2.7 -0.8
v 0.8 -2.7 -0.8
v 0.9 -2.7 -0.8
v 1 -2.7 -0.8
v -1.2 -2.6 -0.8
v -1.1 -2.6 -0.8
v -0.9 -2.6 -0.8
v -0.8 -2.6 -0.8
v -0.7 -2.6 -0.8
v -0.4 -2.6 -0.8
v 0.1 -2.6 -0.8
v 0.2 -2.6 -0.8
v 0.4 -2.6 -0.8
v 0.7 -2.6 -0.8
v 0.8 -2.6 -0.8
v 0.9 -2.6 -0.8
v 0.1 -2.5 -0.8
v 0.4 -2.5 -0.8
v 0.6 -2.5 -0.8
v 0.7 -2.5 -0.8
v -0.4 -0.8 -0.8
v -0.2 -0.8 -0.8
v -0.6 -0.7 -0.8
v -0.5 -0.7 -0.8
v -0.4 -0.7 -0.8
v -0.2 -0.7 -0.8
v -0.6 -0.6 -0.8
v -0.5 -0.6 -0.8
v -0.4 -0.6 -0.8
v -0.3 -0.6 -0.8
v -0.2 -0.6 -0.8
v -0.5 -0.5 -0.8
v -0.3 -0.5 -0.8
v 1 -2.8 -0.7
v 1.1 -2.8 -0.7
v -0.8 -2.7 -0.7
v -0.7 -2.7 -0.7
v -0.4 -2.7 -0.7
v -0.2 -2.7 -0.7
v 0.4 -2.7 -0.7
v 0.6 -2.7 -0.7
v 0.9 -2.7 -0.7
v 1 -2.7 -0.7
v 1.1 -2.7 -0.7
v -1.1 -2.6 -0.7
v -1 -2.6 -0.7
v -0.8 -2.6 -0.7
v -0.7 -2.6 -0.7
v -0.6 -2.6 -0.7
v -0.5 -2.6 -0.7
v -0.4 -2.6 -0.7
v -0.2 -2.6 -0.7
v 0.4 -2.6 -0.7
v 0.5 -2.6 -0.7
v 0.6 -2.6 -0.7
v 0.8 -2.6 -0.7
v 0.9 -2.6 -0.7
v 1.1 -2.6 -0.7
v -1.1 -2.5 -0.7
v -1 -2.5 -0.7
v -0.8 -2.5 -0.7
v -0.6 -2.5 -0.7
v -0.5 -2.5 -0.7
v 0.5 -2.5 -0.7
v 0.6 -2.5 -0.7
v 0.7 -2.5 -0.7
v 0.8 -2.5 -0.7
v 0.9 -2.5 -0.7
v 0.6 -2.4 -0.7
v 0.7 -2.4 -0.7
v -0.3 -1 -0.7
v -0.2 -1 -0.7
v -0.4 -0.9 -0.7
v -0.3 -0.9 -0.7
v -0.2 -0.9 -0.7
v -0.1 -0.9 -0.7
v -0.5 -0.8 -0.7
v -0.4 -0.8 -0.7
v -0.2 -0.8 -0.7
v -0.5 -0.7 -0.7
v -0.4 -0.7 -0.7
v -0.2 -0.7 -0.7
v -0.1 -0.7 -0.7
v -0.2 -2.7 -0.6
v 0 -2.7 -0.6
v -1 -2.6 -0.6
v -0.9 -2.6 -0.6
v -0.5 -2.6 -0.6
v -0.3 -2.6 -0.6
v -0.2 -2.6 -0.6
v 0 -2.6 -0.6
v 0.4 -2.6 -0.6
v 0.5 -2.6 -0.6
v 0.7 -2.6 -0.6
v 0.8 -2.6 -0.6
v -1 -2.5 -0.6
v -0.9 -2.5 -0.6
v -0.8 -2.5 -0.6
v -0.7 -2.5 -0.6
v -0.5 -2.5 -0.6
v -0.3 -2.5 -0.6
v 0.4 -2.5 -0.6
v 0.5 -2.5 -0.6
v 0.6 -2.5 -0.6
v 0.7 -2.5 -0.6
v 0.8 -2.5 -0.6
v -0.8 -2.4 -0.6
v -0.7 -2.4 -0.6
v 0.5 -2.4 -0.6
v 0.6 -2.4 -0.6
v 0.7 -2.4 -0.6
v 0.8 -2.4 -0.6
v 0.6 -2.1 -0.6
v 0.7 -2.1 -0.6
v 0.6 -2 -0.6
v 0.7 -2 -0.6
v -0.3 -1.1 -0.6
v -0.2 -1.1 -0.6
v -0.1 -1.1 -0.6
v -0.4 -1 -0.6
v -0.3 -1 -0.6
v -0.2 -1 -0.6
v -0.4 -0.9 -0.6
v -0.3 -0.9 -0.6
v -0.2 -0.9 -0.6
v -0.1 -0.9 -0.6
v -1.3 -2.8 -0.5
v -1.2 -2.8 -0.5
v 1.1 -2.8 -0.5
v 1.3 -2.8 -0.5
v -1.2 -2.7 -0.5
v 1.1 -2.7 -0.5
v 1.2 -2.7 -0.5
v 1.3 -2.7 -0.5
v -1.2 -2.6 -0.5
v -1.1 -2.6 -0.5
v -0.6 -2.6 -0.5
v -0.5 -2.6 -0.5
v -0.3 -2.6 -0.5
v -0.2 -2.6 -0.5
v -0.1 -2.6 -0.5
v 0 -2.6 -0.5
v 0.2 -2.6 -0.5
v 0.3 -2.6 -0.5
v 0.8 -2.6 -0.5
v 0.9 -2.6 -0.5
v 1.1 -2.6 -0.5
v 1.2 -2.6 -0.5
v -1.3 -2.5 -0.5
v -1.1 -2.5 -0.5
v -0.7 -2.5 -0.5
v -0.6 -2.5 -0.5
v -0.5 -2.5 -0.5
v -0.4 -2.5 -0.5
v -0.3 -2.5 -0.5
v -0.2 -2.5 -0.5
v -0.1 -2.5 -0.5
v 0 -2.5 -0.5
v 0.2 -2.5 -0.5
v 0.3 -2.5 -0.5
v 0.4 -2.5 -0.5
v 0.5 -2.5 -0.5
v 0.8 -2.5 -0.5
v 0.9 -2.5 -0.5
v 1.1 -2.5 -0.5
v -0.7 -2.4 -0.5
v -0.5 -2.4 -0.5
v -0.4 -2.4 -0.5
v 0.4 -2.4 -0.5
v 0.5 -2.4 -0.5
v 0.7 -2.4 -0.5
v 0.8 -2.4 -0.5
v 1 -2.4 -0.5
v 1.1 -2.4 -0.5
v 0.7 -2.3 -0.5
v 0.8 -2.3 -0.5
v 1 -2.3 -0.5
v 0.5 -2.2 -0.5
v 0.6 -2.2 -0.5
v 0.7 -2.2 -0.5
v 0.8 -2.2 -0.5
v 0.6 -2.1 -0.5
v 0.7 -2.1 -0.5
v 0.8 -2.1 -0.5
v 0.9 -2.1 -0.5
v 0.5 -2 -0.5
v 0.6 -2 -0.5
v 0.7 -2 -0.5
v 0.9 -2 -0.5
v 0.6 -1.9 -0.5
v 0.7 -1.9 -0.5
v -0.2 -1.2 -0.5
v 0 -1.2 -0.5
v -0.2 -1.1 -0.5
v -0.1 -1.1 -0.5
v -0.1 -1 -0.5
v 0 -1 -0.5
v -0.1 -0.9 -0.5
v 0 -0.9 -0.5
v -1.1 -2.8 -0.4
v -1 -2.8 -0.4
v -1.1 -2.7 -0.4
v -1 -2.7 -0.4
v 1.2 -2.7 -0.4
v 1.3 -2.7 -0.4
v 1.4 -2.7 -0.4
v -0.2 -2.6 -0.4
v -0.1 -2.6 -0.4
v 0.9 -2.6 -0.4
v 1 -2.6 -0.4
v 1.1 -2.6 -0.4
v 1.2 -2.6 -0.4
v 1.4 -2.6 -0.4
v 1.5 -2.6 -0.4
v -1.4 -2.5 -0.4
v -1.3 -2.5 -0.4
v -0.4 -2.5 -0.4
v -0.3 -2.5 -0.4
v -0.2 -2.5 -0.4
v -0.1 -2.5 -0.4
v 0 -2.5 -0.4
v 0.1 -2.5 -0.4
v 0.2 -2.5 -0.4
v 0.3 -2.5 -0.4
v 0.4 -2.5 -0.4
v 0.9 -2.5 -0.4
v 1 -2.5 -0.4
v 1.1 -2.5 -0.4
v 1.4 -2.5 -0.4
v 1.5 -2.5 -0.4
v -1.5 -2.4 -0.4
v -1.4 -2.4 -0.4
v -0.8 -2.4 -0.4
v -0.7 -2.4 -0.4
v -0.6 -2.4 -0.4
v -0.5 -2.4 -0.4
v -0.4 -2.4 -0.4
v -0.3 -2.4 -0.4
v -0.2 -2.4 -0.4
v 0.1 -2.4 -0.4
v 0.2 -2.4 -0.4
v 0.3 -2.4 -0.4
v 0.4 -2.4 -0.4
v 0.5 -2.4 -0.4
v 0.6 -2.4 -0.4
v -0.8 -2.3 -0.4
v -0.7 -2.3 -0.4
v -0.6 -2.3 -0.4
v -0.5 -2.3 -0.4
v -0.1 -2.3 -0.4
v 0 -2.3 -0.4
v 0.2 -2.3 -0.4
v 0.5 -2.3 -0.4
v 0.6 -2.3 -0.4
v 0.7 -2.3 -0.4
v 0.8 -2.3 -0.4
v 1 -2.3 -0.4
v -0.3 -2.2 -0.4
v -0.2 -2.2 -0.4
v 0 -2.2 -0.4
v 0.2 -2.2 -0.4
v 0.3 -2.2 -0.4
v 0.4 -2.2 -0.4
v 0.5 -2.2 -0.4
v 0.6 -2.2 -0.4
v 0.7 -2.2 -0.4
v 0.8 -2.2 -0.4
v 0.9 -2.2 -0.4
v -1.5 -2.1 -0.4
v -1.3 -2.1 -0.4
v -0.3 -2.1 -0.4
v -0.2 -2.1 -0.4
v 0.9 -2.1 -0.4
v 1 -2.1 -0.4
v 0.2 -2 -0.4
v 0.3 -2 -0.4
v 0.4 -2 -0.4
v 0.5 -2 -0.4
v 0.6 -2 -0.4
v 0.7 -2 -0.4
v 0.8 -2 -0.4
v 0.4 -1.9 -0.4
v 0.5 -1.9 -0.4
v 0.6 -1.9 -0.4
v 0.7 -1.9 -0.4
v -1.2 -1.8 -0.4
v -1.1 -1.8 -0.4
v 0.5 -1.8 -0.4
v 0.8 -1.8 -0.4
v -1.2 -1.7 -0.4
v -1.1 -1.7 -0.4
v -0.2 -1.3 -0.4
v 0.1 -1.3 -0.4
v -0.2 -1.2 -0.4
v 0 -1.2 -0.4
v 0 -1.1 -0.4
v 0.1 -1.1 -0.4
v 0 -1 -0.4
v 0.1 -1 -0.4
v -1.4 -2.7 -0.3
v -1.3 -2.7 -0.3
v 0.6 -2.7 -0.3
v 0.7 -2.7 -0.3
v 1.1 -2.7 -0.3
v 1.2 -2.7 -0.3
v -1.5 -2.6 -0.3
v -1.4 -2.6 -0.3
v -1.3 -2.6 -0.3
v -1.2 -2.6 -0.3
v -1.1 -2.6 -0.3
v -1 -2.6 -0.3
v -0.9 -2.6 -0.3
v -0.8 -2.6 -0.3
v 0 -2.6 -0.3
v 0.1 -2.6 -0.3
v 0.6 -2.6 -0.3
v 0.7 -2.6 -0.3
v 1.1 -2.6 -0.3
v 1.2 -2.6 -0.3
v 1.4 -2.6 -0.3
v -1.6 -2.5 -0.3
v -1.5 -2.5 -0.3
v -1.4 -2.5 -0.3
v -1.3 -2.5 -0.3
v -1.2 -2.5 -0.3
v -1.1 -2.5 -0.3
v -1 -2.5 -0.3
v -0.9 -2.5 -0.3
v -0.8 -2.5 -0.3
v -0.2 -2.5 -0.3
v -0.1 -2.5 -0.3
v 0 -2.5 -0.3
v 0.1 -2.5 -0.3
v 0.2 -2.5 -0.3
v 0.3 -2.5 -0.3
v 0.6 -2.5 -0.3
v 0.7 -2.5 -0.3
v 1 -2.5 -0.3
v 1.1 -2.5 -0.3
v 1.2 -2.5 -0.3
v 1.3 -2.5 -0.3
v 1.4 -2.5 -0.3
v 1.5 -2.5 -0.3
v -1.5 -2.4 -0.3
v -1.4 -2.4 -0.3
v -1.2 -2.4 -0.3
v -1.1 -2.4 -0.3
v -1 -2.4 -0.3
v -0.8 -2.4 -0.3
v -0.7 -2.4 -0.3
v -0.6 -2.4 -0.3
v -0.5 -2.4 -0.3
v -0.3 -2.4 -0.3
v -0.2 -2.4 -0.3
v 0.1 -2.4 -0.3
v 0.2 -2.4 -0.3
v 0.3 -2.4 -0.3
v 0.5 -2.4 -0.3
v 0.6 -2.4 -0.3
v 0.7 -2.4 -0.3
v 1 -2.4 -0.3
v 1.1 -2.4 -0.3
v 1.3 -2.4 -0.3
v 1.5 -2.4 -0.3
v -1.3 -2.3 -0.3
v -1.2 -2.3 -0.3
v -1.1 -2.3 -0.3
v -1 -2.3 -0.3
v -0.9 -2.3 -0.3
v -0.8 -2.3 -0.3
v -0.7 -2.3 -0.3
v -0.6 -2.3 -0.3
v -0.5 -2.3 -0.3
v -0.4 -2.3 -0.3
v -0.2 -2.3 -0.3
v -0.1 -2.3 -0.3
v 0 -2.3 -0.3
v 0.1 -2.3 -0.3
v 0.2 -2.3 -0.3
v 0.4 -2.3 -0.3
v 0.5 -2.3 -0.3
v 0.6 -2.3 -0.3
v 1 -2.3 -0.3
v 1.1 -2.3 -0.3
v 1.2 -2.3 -0.3
v 1.5 -2.3 -0.3
v -1.2 -2.2 -0.3
v -1.1 -2.2 -0.3
v -1 -2.2 -0.3
v -0.9 -2.2 -0.3
v -0.7 -2.2 -0.3
v -0.6 -2.2 -0.3
v -0.5 -2.2 -0.3
v -0.4 -2.2 -0.3
v -0.3 -2.2 -0.3
v -0.2 -2.2 -0.3
v -0.1 -2.2 -0.3
v 0 -2.2 -0.3
v 0.2 -2.2 -0.3
v 0.3 -2.2 -0.3
v 0.4 -2.2 -0.3
v 0.5 -2.2 -0.3
v 0.6 -2.2 -0.3
v 0.8 -2.2 -0.3
v 0.9 -2.2 -0.3
v -1.5 -2.1 -0.3
v -1.3 -2.1 -0.3
v -1.2 -2.1 -0.3
v -1.1 -2.1 -0.3
v -1 -2.1 -0.3
v -0.9 -2.1 -0.3
v -0.8 -2.1 -0.3
v -0.7 -2.1 -0.3
v -0.6 -2.1 -0.3
v -0.2 -2.1 -0.3
v -0.1 -2.1 -0.3
v 0 -2.1 -0.3
v 0.1 -2.1 -0.3
v 0.8 -2.1 -0.3
v 0.9 -2.1 -0.3
v 1 -2.1 -0.3
v 1.1 -2.1 -0.3
v 1.4 -2.1 -0.3
v 1.5 -2.1 -0.3
v -1.6 -2 -0.3
v -1.3 -2 -0.3
v -1.2 -2 -0.3
v -1.1 -2 -0.3
v -1 -2 -0.3
v -0.8 -2 -0.3
v -0.7 -2 -0.3
v -0.1 -2 -0.3
v 0 -2 -0.3
v 0.2 -2 -0.3
v 0.3 -2 -0.3
v 0.4 -2 -0.3
v 0.8 -2 -0.3
v 0.9 -2 -0.3
v 1 -2 -0.3
v 1.1 -2 -0.3
v 1.2 -2 -0.3
v 1.4 -2 -0.3
v 1.5 -2 -0.3
v -1 -1.9 -0.3
v -0.8 -1.9 -0.3
v -0.7 -1.9 -0.3
v -0.5 -1.9 -0.3
v -0.2 -1.9 -0.3
v -0.1 -1.9 -0.3
v 0 -1.9 -0.3
v 0.1 -1.9 -0.3
v 0.2 -1.9 -0.3
v 0.3 -1.9 -0.3
v 0.4 -1.9 -0.3
v 0.5 -1.9 -0.3
v -1.6 -1.8 -0.3
v -1.4 -1.8 -0.3
v -1.3 -1.8 -0.3
v -1.2 -1.8 -0.3
v -0.8 -1.8 -0.3
v -0.6 -1.8 -0.3
v -0.1 -1.8 -0.3
v 0 -1.8 -0.3
v 0.1 -1.8 -0.3
v 0.2 -1.8 -0.3
v 0.5 -1.8 -0.3
v 0.8 -1.8 -0.3
v 0.9 -1.8 -0.3
v 1.2 -1.8 -0.3
v 1.3 -1.8 -0.3
v 1.5 -1.8 -0.3
v -1.4 -1.7 -0.3
v -1.3 -1.7 -0.3
v -1.2 -1.7 -0.3
v -1.1 -1.7 -0.3
v -1 -1.7 -0.3
v -0.6 -1.7 -0.3
v -0.5 -1.7 -0.3
v -0.2 -1.7 -0.3
v -0.1 -1.7 -0.3
v 0 -1.7 -0.3
v 0.1 -1.7 -0.3
v 0.2 -1.7 -0.3
v 0.6 -1.7 -0.3
v 0.8 -1.7 -0.3
v -1.2 -1.6 -0.3
v -1.1 -1.6 -0.3
v -1 -1.6 -0.3
v -0.1 -1.6 -0.3
v 0 -1.6 -0.3
v 0.8 -1.6 -0.3
v 0.9 -1.6 -0.3
v -1.3 -1.5 -0.3
v -1.2 -1.5 -0.3
v -0.2 -1.4 -0.3
v -0.1 -1.4 -0.3
v 0.6 -1.4 -0.3
v 0.8 -1.4 -0.3
v 1.3 -1.4 -0.3
v 1.5 -1.4 -0.3
v -1.2 -1.3 -0.3
v -1.1 -1.3 -0.3
v -0.2 -1.3 -0.3
v 0 -1.3 -0.3
v 0.5 -0.9 -0.3
v 0.6 -0.9 -0.3
v 1 -0.9 -0.3
v 1.1 -0.9 -0.3
v 0.4 -0.8 -0.3
v 0.5 -0.8 -0.3
v 1.1 -0.8 -0.3
v 1.2 -0.8 -0.3
v 0.4 -0.7 -0.3
v 0.5 -0.7 -0.3
v 0.6 -0.7 -0.3
v 0.8 -0.7 -0.3
v 1 -0.7 -0.3
v 1.1 -0.7 -0.3
v 1.2 -0.7 -0.3
v 1.3 -0.7 -0.3
v 0.5 -0.6 -0.3
v 0.6 -0.6 -0.3
v 0.7 -0.6 -0.3
v 0.8 -0.6 -0.3
v 0.6 -0.5 -0.3
v 0.7 -0.5 -0.3
v 1.2 -0.5 -0.3
v 1.3 -0.5 -0.3
v 1.1 -0.4 -0.3
v 1.2 -0.4 -0.3
v -0.2 -2.8 -0.2
v -0.1 -2.8 -0.2
v -0.2 -2.7 -0.2
v -0.1 -2.7 -0.2
v -0.2 -2.6 -0.2
v -0.1 -2.6 -0.2
v 0.1 -2.6 -0.2
v 0.2 -2.6 -0.2
v 0.4 -2.6 -0.2
v 0.5 -2.6 -0.2
v -0.2 -2.5 -0.2
v -0.1 -2.5 -0.2
v 0 -2.5 -0.2
v 0.1 -2.5 -0.2
v 0.2 -2.5 -0.2
v 0.4 -2.5 -0.2
v 0.5 -2.5 -0.2
v 0.6 -2.5 -0.2
v 1.2 -2.5 -0.2
v 1.3 -2.5 -0.2
v 0.2 -2.4 -0.2
v 0.3 -2.4 -0.2
v 0.5 -2.4 -0.2
v 0.6 -2.4 -0.2
v 0.7 -2.4 -0.2
v 0.8 -2.4 -0.2
v 0.9 -2.4 -0.2
v 1.3 -2.4 -0.2
v 1.5 -2.4 -0.2
v 1.6 -2.4 -0.2
v -1.2 -2.3 -0.2
v -1.1 -2.3 -0.2
v -0.5 -2.3 -0.2
v -0.4 -2.3 -0.2
v -0.2 -2.3 -0.2
v -0.1 -2.3 -0.2
v 0 -2.3 -0.2
v 0.1 -2.3 -0.2
v 0.2 -2.3 -0.2
v 0.6 -2.3 -0.2
v 0.7 -2.3 -0.2
v 0.8 -2.3 -0.2
v 0.9 -2.3 -0.2
v 1.2 -2.3 -0.2
v 1.5 -2.3 -0.2
v -1.2 -2.2 -0.2
v -1.1 -2.2 -0.2
v -0.9 -2.2 -0.2
v -0.7 -2.2 -0.2
v -0.6 -2.2 -0.2
v -0.5 -2.2 -0.2
v -0.4 -2.2 -0.2
v -0.3 -2.2 -0.2
v -0.2 -2.2 -0.2
v -0.1 -2.2 -0.2
v 0.2 -2.2 -0.2
v 0.3 -2.2 -0.2
v 0.4 -2.2 -0.2
v -1.1 -2.1 -0.2
v -1 -2.1 -0.2
v -0.9 -2.1 -0.2
v -0.8 -2.1 -0.2
v -0.7 -2.1 -0.2
v -0.6 -2.1 -0.2
v -0.5 -2.1 -0.2
v -0.3 -2.1 -0.2
v -0.2 -2.1 -0.2
v -0.1 -2.1 -0.2
v 1 -2.1 -0.2
v 1.1 -2.1 -0.2
v 1.4 -2.1 -0.2
v 1.5 -2.1 -0.2
v 1.6 -2.1 -0.2
v -1.2 -2 -0.2
v -1.1 -2 -0.2
v -1 -2 -0.2
v -0.8 -2 -0.2
v -0.7 -2 -0.2
v -0.6 -2 -0.2
v -0.5 -2 -0.2
v -0.4 -2 -0.2
v -0.3 -2 -0.2
v -0.1 -2 -0.2
v 0.3 -2 -0.2
v 0.4 -2 -0.2
v 0.9 -2 -0.2
v 1 -2 -0.2
v 1.1 -2 -0.2
v 1.2 -2 -0.2
v 1.4 -2 -0.2
v 1.5 -2 -0.2
v -0.9 -1.9 -0.2
v -0.8 -1.9 -0.2
v -0.7 -1.9 -0.2
v -0.5 -1.9 -0.2
v -0.4 -1.9 -0.2
v -0.2 -1.9 -0.2
v -0.1 -1.9 -0.2
v 0.9 -1.9 -0.2
v 1 -1.9 -0.2
v 1.1 -1.9 -0.2
v 1.2 -1.9 -0.2
v -1.3 -1.8 -0.2
v -1.2 -1.8 -0.2
v -1.1 -1.8 -0.2
v -1 -1.8 -0.2
v -0.9 -1.8 -0.2
v -0.8 -1.8 -0.2
v -0.6 -1.8 -0.2
v -0.4 -1.8 -0.2
v -0.3 -1.8 -0.2
v -0.1 -1.8 -0.2
v 0 -1.8 -0.2
v 0.1 -1.8 -0.2
v 0.2 -1.8 -0.2
v 0.9 -1.8 -0.2
v 1 -1.8 -0.2
v 1.1 -1.8 -0.2
v 1.5 -1.8 -0.2
v 1.6 -1.8 -0.2
v -1.4 -1.7 -0.2
v -1.3 -1.7 -0.2
v -1.2 -1.7 -0.2
v -1.1 -1.7 -0.2
v -1 -1.7 -0.2
v -0.9 -1.7 -0.2
v -0.8 -1.7 -0.2
v -0.6 -1.7 -0.2
v -0.5 -1.7 -0.2
v -0.4 -1.7 -0.2
v -0.3 -1.7 -0.2
v -0.2 -1.7 -0.2
v -0.1 -1.7 -0.2
v 0 -1.7 -0.2
v 0.1 -1.7 -0.2
v 0.2 -1.7 -0.2
v 0.4 -1.7 -0.2
v 0.6 -1.7 -0.2
v -1.4 -1.6 -0.2
v -1.3 -1.6 -0.2
v -1.1 -1.6 -0.2
v -1 -1.6 -0.2
v -0.9 -1.6 -0.2
v -0.7 -1.6 -0.2
v -0.6 -1.6 -0.2
v -0.4 -1.6 -0.2
v -0.1 -1.6 -0.2
v 0 -1.6 -0.2
v 0.2 -1.6 -0.2
v 0.4 -1.6 -0.2
v 0.5 -1.6 -0.2
v 0.8 -1.6 -0.2
v 0.9 -1.6 -0.2
v 1 -1.6 -0.2
v 1.2 -1.6 -0.2
v 1.3 -1.6 -0.2
v -1.3 -1.5 -0.2
v -1.2 -1.5 -0.2
v -0.7 -1.5 -0.2
v -0.6 -1.5 -0.2
v -0.5 -1.5 -0.2
v -0.3 -1.5 -0.2
v -0.2 -1.5 -0.2
v 0 -1.5 -0.2
v 0.1 -1.5 -0.2
v 0.8 -1.5 -0.2
v 0.9 -1.5 -0.2
v 1.5 -1.5 -0.2
v 1.6 -1.5 -0.2
v -0.9 -1.4 -0.2
v -0.8 -1.4 -0.2
v -0.3 -1.4 -0.2
v -0.2 -1.4 -0.2
v -0.1 -1.4 -0.2
v 0.6 -1.4 -0.2
v 0.8 -1.4 -0.2
v 1.2 -1.4 -0.2
v 1.3 -1.4 -0.2
v 1.5 -1.4 -0.2
v -1.3 -1.3 -0.2
v -1.2 -1.3 -0.2
v -1.1 -1.3 -0.2
v -1 -1.3 -0.2
v -0.9 -1.3 -0.2
v 0 -1.3 -0.2
v 0.1 -1.3 -0.2
v 0.2 -1.3 -0.2
v 0.4 -1.3 -0.2
v 0.5 -1.3 -0.2
v 0.7 -1.3 -0.2
v 0.8 -1.3 -0.2
v 1.1 -1.3 -0.2
v 1.2 -1.3 -0.2
v 1.4 -1.3 -0.2
v 1.5 -1.3 -0.2
v -1.1 -1.2 -0.2
v -1 -1.2 -0.2
v -0.7 -1.2 -0.2
v -0.6 -1.2 -0.2
v 0.4 -1.2 -0.2
v 0.5 -1.2 -0.2
v 1.3 -1.2 -0.2
v 1.4 -1.2 -0.2
v -1.3 -1.1 -0.2
v -1.2 -1.1 -0.2
v -1.1 -1.1 -0.2
v -1 -1.1 -0.2
v -0.9 -1.1 -0.2
v -0.8 -1.1 -0.2
v -0.7 -1.1 -0.2
v -0.6 -1.1 -0.2
v -0.5 -1.1 -0.2
v -0.4 -1.1 -0.2
v 0.1 -1.1 -0.2
v 0.2 -1.1 -0.2
v 0.5 -1.1 -0.2
v 0.7 -1.1 -0.2
v -1.3 -1 -0.2
v -1.2 -1 -0.2
v -0.8 -1 -0.2
v -0.7 -1 -0.2
v 0.3 -1 -0.2
v 0.4 -1 -0.2
v 0.6 -1 -0.2
v 0.7 -1 -0.2
v 1 -1 -0.2
v 1.1 -1 -0.2
v 1.3 -1 -0.2
v 1.4 -1 -0.2
v -1.4 -0.9 -0.2
v -1.3 -0.9 -0.2
v -1.1 -0.9 -0.2
v -1 -0.9 -0.2
v -0.8 -0.9 -0.2
v -0.7 -0.9 -0.2
v 0.5 -0.9 -0.2
v 0.6 -0.9 -0.2
v 1 -0.9 -0.2
v 1.1 -0.9 -0.2
v 0.3 -0.8 -0.2
v 0.4 -0.8 -0.2
v 0.5 -0.8 -0.2
v 0.6 -0.8 -0.2
v 0.7 -0.8 -0.2
v 1.1 -0.8 -0.2
v 1.2 -0.8 -0.2
v -0.5 -0.7 -0.2
v -0.4 -0.7 -0.2
v 0.4 -0.7 -0.2
v 0.5 -0.7 -0.2
v 0.6 -0.7 -0.2
v 0.7 -0.7 -0.2
v 1.2 -0.7 -0.2
v 1.3 -0.7 -0.2
v -1.4 -0.6 -0.2
v -1.3 -0.6 -0.2
v -0.7 -0.6 -0.2
v -0.5 -0.6 -0.2
v 0.4 -0.6 -0.2
v 0.5 -0.6 -0.2
v 0.6 -0.6 -0.2
v 0.7 -0.6 -0.2
v 0.8 -0.6 -0.2
v -1.2 -0.5 -0.2
v -1.1 -0.5 -0.2
v -0.6 -0.5 -0.2
v -0.5 -0.5 -0.2
v 0.5 -0.5 -0.2
v 0.6 -0.5 -0.2
v 0.7 -0.5 -0.2
v -1.3 -0.4 -0.2
v -1.2 -0.4 -0.2
v -1.1 -0.4 -0.2
v -0.7 -0.4 -0.2
v -0.6 -0.4 -0.2
v 0.7 -0.4 -0.2
v 0.8 -0.4 -0.2
v -1.3 -0.3 -0.2
v -1.2 -0.3 -0.2
v -0.8 -0.3 -0.2
v -0.7 -0.3 -0.2
v -0.6 -0.3 -0.2
v 0.6 -0.3 -0.2
v 0.7 -0.3 -0.2
v -0.7 -0.2 -0.2
v -0.6 -0.2 -0.2
v -0.6 -0.0999999 -0.2
v -0.5 -0.0999999 -0.2
v -0.7 2.38419e-07 -0.2
v -0.6 2.38419e-07 -0.2
v -0.6 -2.8 -0.1
v -0.5 -2.8 -0.1
v -0.6 -2.7 -0.1
v -0.5 -2.7 -0.1
v -0.4 -1.6 -0.1
v -0.3 -1.6 -0.1
v -0.4 -1.5 -0.1
v -0.3 -1.5 -0.1
v -0.7 -0.6 -0.1
v -0.5 -0.6 -0.1
v -0.6 -0.5 -0.1
v -0.5 -0.5 -0.1
v -0.7 -0.4 -0.1
v -0.6 -0.4 -0.1
v -0.7 -2.8 0
v -0.6 -2.8 0
v -0.5 -2.8 0
v -0.2 -2.8 0
v -0.7 -2.7 0
v -0.6 -2.7 0
v -0.5 -2.7 0
v -0.2 -2.7 0
v 0.5 -1.3 0
v 0.7 -1.3 0
v 0.5 -1.2 0
v 0.7 -1.2 0
v -0.9 -0.7 0
v -0.8 -0.7 0
v -0.8 -0.6 0
v -0.7 -0.6 0
v -1 -0.5 0
v -0.9 -0.5 0
v -0.8 -0.5 0
v -0.7 -0.5 0
v -1 -0.4 0
v -0.9 -0.4 0
v -0.8 -0.4 0
v 0.4 -2.8 0.1
v 0.5 -2.8 0.1
v -0.2 -2.7 0.1
v -0.1 -2.7 0.1
v 0.4 -2.7 0.1
v 0.5 -2.7 0.1
v 0.8 -2.7 0.1
v 0.9 -2.7 0.1
v -1.1 -2.6 0.1
v -1 -2.6 0.1
v -0.2 -2.6 0.1
v -0.1 -2.6 0.1
v 0.8 -2.6 0.1
v 0.9 -2.6 0.1
v -1.1 -2.5 0.1
v -1 -2.5 0.1
v 0.5 -2.3 0.1
v 0.6 -2.3 0.1
v 0.5 -2.2 0.1
v 0.6 -2.2 0.1
v 0.5 -1.2 0.1
v 0.6 -1.2 0.1
v 0.5 -1.1 0.1
v 0.6 -1.1 0.1
v -1.1 -0.5 0.1
v -1 -0.5 0.1
v -1.1 -0.4 0.1
v -1 -0.4 0.1
v -0.9 -0.4 0.1
v -0.8 -0.4 0.1
v -1 -0.3 0.1
v -0.8 -0.3 0.1
v 0.4 -2.7 0.2
v 0.5 -2.7 0.2
v -1.2 -2.6 0.2
v -1.1 -2.6 0.2
v -0.6 -2.6 0.2
v -0.5 -2.6 0.2
v 0.4 -2.6 0.2
v 0.5 -2.6 0.2
v -1.2 -2.5 0.2
v -1.1 -2.5 0.2
v -0.6 -2.5 0.2
v -0.5 -2.5 0.2
v 0.4 -1.3 0.2
v 0.5 -1.3 0.2
v -1.4 -1.2 0.2
v -1.1 -1.2 0.2
v 0.3 -1.2 0.2
v 0.4 -1.2 0.2
v -1.4 -1.1 0.2
v -1.3 -1.1 0.2
v -1.2 -1.1 0.2
v -1.1 -1.1 0.2
v 0.4 -1.1 0.2
v 0.5 -1.1 0.2
v -1.3 -1 0.2
v -1.2 -1 0.2
v 0.3 -1 0.2
v 0.5 -1 0.2
v -0.2 -2.6 0.3
v -0.1 -2.6 0.3
v -0.2 -2.5 0.3
v -0.1 -2.5 0.3
v -1.2 -1.3 0.3
v -1.1 -1.3 0.3
v -1 -1.3 0.3
v -1.2 -1.2 0.3
v -1.1 -1.2 0.3
v -1 -1.2 0.3
v 0.4 -1 0.3
v 0.5 -1 0.3
v 0.4 -0.9 0.3
v 0.5 -0.9 0.3
v 0.9 -2.8 0.4
v 1 -2.8 0.4
v 0.9 -2.7 0.4
v 1 -2.7 0.4
v -1 -1.5 0.4
v -0.9 -1.5 0.4
v -0.8 -1.5 0.4
v -0.9 -1.4 0.4
v -0.8 -1.4 0.4
v -1 -1.3 0.4
v -0.9 -1.3 0.4
v -0.8 -1.3 0.4
v -1.1 -1.2 0.4
v -1 -1.2 0.4
v -0.9 -1.2 0.4
v -1.1 -1.1 0.4
v -1 -1.1 0.4
v 0.1 -1.1 0.4
v 0.2 -1.1 0.4
v 0.3 -1.1 0.4
v 0.3 -1 0.4
v 0.4 -1 0.4
v 0.1 -0.9 0.4
v 0.2 -0.9 0.4
v 0.3 -0.9 0.4
v 0.4 -0.9 0.4
v 0.2 -0.8 0.4
v 0.3 -0.8 0.4
v 0.6 -2.8 0.5
v 0.9 -2.8 0.5
v 0.6 -2.7 0.5
v 0.8 -2.7 0.5
v 0.9 -2.7 0.5
v -0.9 -1.6 0.5
v -0.7 -1.6 0.5
v -0.9 -1.5 0.5
v -0.8 -1.5 0.5
v -0.8 -1.4 0.5
v -0.7 -1.4 0.5
v -0.8 -1.7 0.6
v -0.6 -1.7 0.6
v -0.8 -1.6 0.6
v -0.7 -1.6 0.6
v -0.8 -1.4 0.6
v -0.7 -1.4 0.6
v -0.6 -1.4 0.6
v -0.8 -1.3 0.6
v -0.7 -1.3 0.6
v -1.1 -2.7 0.7
v -0.9 -2.7 0.7
v -1.1 -2.6 0.7
v -0.9 -2.6 0.7
v -0.7 -1.8 0.7
v -0.6 -1.8 0.7
v -0.7 -1.7 0.7
v -0.6 -1.7 0.7
v -1.4 -2.8 0.8
v -1.3 -2.8 0.8
v -1.4 -2.7 0.8
v -1.3 -2.7 0.8
v -0.5 -1.9 0.8
v -0.3 -1.9 0.8
v -0.6 -1.8 0.8
v -0.5 -1.8 0.8
v -0.4 -1.8 0.8
v -0.3 -1.8 0.8
v -0.2 -1.8 0.8
v -0.1 -1.8 0.8
v -0.6 -1.7 0.8
v -0.4 -1.7 0.8
v -0.3 -1.7 0.8
v -0.2 -1.7 0.8
v -0.1 -1.7 0.8
v 0 -1.7 0.8
v -0.6 -1.6 0.8
v -0.5 -1.6 0.8
v 0 -1.6 0.8
v 0.1 -1.6 0.8
v -0.3 -1.5 0.8
v -0.1 -1.5 0.8
v 0.1 -1.5 0.8
v 0.2 -1.5 0.8
v -0.1 -1.4 0.8
v 0 -1.4 0.8
v 0.1 -1.4 0.8
v 0.2 -1.4 0.8
v 0 -1.3 0.8
v 0.1 -1.3 0.8
v -1.3 -2.8 0.9
v -1 -2.8 0.9
v -0.8 -2.8 0.9
v -0.7 -2.8 0.9
v -1.3 -2.7 0.9
v -1.1 -2.7 0.9
v -1 -2.7 0.9
v -0.9 -2.7 0.9
v -0.8 -2.7 0.9
v -0.7 -2.7 0.9
v -0.9 -2.6 0.9
v -0.8 -2.6 0.9
v -0.6 -2.1 0.9
v -0.5 -2.1 0.9
v -0.7 -2 0.9
v -0.6 -2 0.9
v -0.5 -2 0.9
v -0.3 -2 0.9
v -0.5 -1.9 0.9
v -0.3 -1.9 0.9
v -0.2 -1.9 0.9
v -0.7 -1.8 0.9
v -0.5 -1.8 0.9
v -0.4 -1.8 0.9
v -0.3 -1.8 0.9
v -0.2 -1.8 0.9
v -0.5 -1.7 0.9
v -0.4 -1.7 0.9
v 0.2 -1.5 0.9
v 0.3 -1.5 0.9
v 0.1 -1.4 0.9
v 0.2 -1.4 0.9
v 0.3 -1.4 0.9
v 0.4 -1.4 0.9
v 0.1 -1.3 0.9
v 0.3 -1.3 0.9
v 0.4 -1.3 0.9
v 0.5 -1.3 0.9
v 0.1 -1.2 0.9
v 0.3 -1.2 0.9
v 0.5 -1.2 0.9
v 0.6 -1.2 0.9
v 0.3 -1.1 0.9
v 0.5 -1.1 0.9
v 0.6 -1.1 0.9
v 0.7 -1.1 0.9
v 0.3 -1 0.9
v 0.5 -1 0.9
v 0.6 -1 0.9
v 0.7 -1 0.9
v 0.5 -0.9 0.9
v 0.6 -0.9 0.9
v -0.7 -2.8 1
v -0.6 -2.8 1
v -1.3 -2.7 1
v -1.2 -2.7 1
v -0.9 -2.7 1
v -0.7 -2.7 1
v -0.6 -2.7 1
v -1.3 -2.6 1
v -1.2 -2.6 1
v -1.1 -2.6 1
v -0.9 -2.6 1
v -1.2 -2.5 1
v -1.1 -2.5 1
v -0.9 -2.2 1
v -0.7 -2.2 1
v -0.7 -2.1 1
v -0.6 -2.1 1
v -0.5 -2.1 1
v -0.4 -2.1 1
v -0.9 -2 1
v -0.7 -2 1
v -0.6 -2 1
v -0.5 -2 1
v -0.4 -2 1
v -0.6 -2.8 1.1
v -0.5 -2.8 1.1
v -0.8 -2.7 1.1
v -0.6 -2.7 1.1
v -0.5 -2.7 1.1
v -1.3 -2.6 1.1
v -1.2 -2.6 1.1
v -1.1 -2.6 1.1
v -0.9 -2.6 1.1
v -0.8 -2.6 1.1
v -0.6 -2.6 1.1
v -1.3 -2.5 1.1
v -1.2 -2.5 1.1
v -1.1 -2.5 1.1
v -1 -2.5 1.1
v -0.9 -2.5 1.1
v -1.1 -2.4 1.1
v -1 -2.4 1.1
v -1 -2.3 1.1
v -0.6 -2.3 1.1
v -1 -2.2 1.1
v -0.9 -2.2 1.1
v -0.7 -2.2 1.1
v -0.7 -2.1 1.1
v -0.6 -2.1 1.1
v -0.9 -2.7 1.2
v -0.8 -2.7 1.2
v -0.9 -2.6 1.2
v -0.8 -2.6 1.2
v -0.6 -2.6 1.2
v -1 -2.5 1.2
v -0.9 -2.5 1.2
v -0.8 -2.5 1.2
v -0.6 -2.5 1.2
v -1 -2.4 1.2
v -0.8 -2.4 1.2
v -0.7 -2.4 1.2
v -1 -2.3 1.2
v -0.8 -2.3 1.2
v -0.7 -2.3 1.2
v -0.8 -2.5 1.3
v -0.7 -2.5 1.3
v -1.1 -2.4 1.3
v -1 -2.4 1.3
v -0.8 -2.4 1.3
v -0.7 -2.4 1.3
v -0.6 -2.4 1.3
v -1.1 -2.3 1.3
v -1 -2.3 1.3
v -0.7 -2.3 1.3
v -0.6 -2.3 1.3
v -0.8 -2.8 1.5
v -0.7 -2.8 1.5
v -0.8 -2.7 1.5
v -0.7 -2.7 1.5
v -0.4 -1.8 -1.4
v -0.3 -1.8 -1.4
v -0.2 -1.8 -1.4
v -0.4 -1.7 -1.4
v -0.3 -1.7 -1.4
v -0.3 -1.6 -1.4
v -0.2 -1.6 -1.4
v 0.1 -2.8 -1.3
v 0.2 -2.8 -1.3
v -0.6 -2.7 -1.3
v -0.5 -2.7 -1.3
v 0 -2.7 -1.3
v 0.1 -2.7 -1.3
v 0.2 -2.7 -1.3
v -0.6 -2.6 -1.3
v -0.5 -2.6 -1.3
v -0.1 -2.6 -1.3
v 0 -2.6 -1.3
v 0.1 -2.6 -1.3
v -0.1 -2.5 -1.3
v 0 -2.5 -1.3
v -0.4 -2.4 -1.3
v -0.3 -2.4 -1.3
v -0.2 -2.3 -1.3
v -0.1 -2.3 -1.3
v -0.4 -2.2 -1.3
v -0.3 -2.2 -1.3
v -0.2 -2.2 -1.3
v -0.1 -2.2 -1.3
v -0.3 -2.1 -1.3
v -0.2 -2.1 -1.3
v -0.1 -2.1 -1.3
v 0 -2.1 -1.3
v -0.2 -2 -1.3
v -0.1 -2 -1.3
v -0.4 -1.9 -1.3
v -0.3 -1.9 -1.3
v -0.2 -1.9 -1.3
v -0.1 -1.9 -1.3
v 0 -1.9 -1.3
v 0.1 -1.9 -1.3
v -0.3 -1.8 -1.3
v -0.2 -1.8 -1.3
v -0.1 -1.8 -1.3
v 0 -1.7 -1.3
v 0.1 -1.7 -1.3
v -0.2 -1.6 -1.3
v -0.1 -1.6 -1.3
v 0 -1.6 -1.3
v -0.1 -1.5 -1.3
v 0 -1.5 -1.3
v 0.1 -1.5 -1.3
v -1.5 -1.4 -1.3
v -1.4 -1.4 -1.3
v -1.3 -1.4 -1.3
v 0 -1.4 -1.3
v 0.1 -1.4 -1.3
v -1.5 -1.3 -1.3
v -1.4 -1.3 -1.3
v -1.3 -1.3 -1.3
v 0.2 -1.3 -1.3
v 0.3 -1.3 -1.3
v -1.5 -1.2 -1.3
v -1.4 -1.2 -1.3
v 0.2 -1.2 -1.3
v 0.3 -1.2 -1.3
v 0 -2.8 -1.2
v 0.1 -2.8 -1.2
v -0.1 -2.7 -1.2
v 0 -2.7 -1.2
v 0.1 -2.7 -1.2
v -0.2 -2.6 -1.2
v -0.1 -2.6 -1.2
v 0 -2.6 -1.2
v -0.4 -2.5 -1.2
v -0.2 -2.5 -1.2
v -0.1 -2.5 -1.2
v -0.4 -2.4 -1.2
v -0.3 -2.4 -1.2
v -0.2 -2.4 -1.2
v -0.2 -2.3 -1.2
v -0.1 -2.3 -1.2
v -0.3 -2.1 -1.2
v -0.2 -2.1 -1.2
v -0.2 -2 -1.2
v -0.1 -2 -1.2
v -0.3 -1.9 -1.2
v -0.2 -1.9 -1.2
v -0.1 -1.9 -1.2
v 0 -1.9 -1.2
v -0.2 -1.8 -1.2
v -0.1 -1.8 -1.2
v 0 -1.7 -1.2
v 0.1 -1.7 -1.2
v 0.2 -1.7 -1.2
v -0.1 -1.6 -1.2
v 0 -1.6 -1.2
v 0.1 -1.6 -1.2
v 0.2 -1.6 -1.2
v 0.3 -1.6 -1.2
v -1.5 -1.5 -1.2
v -1.4 -1.5 -1.2
v 0 -1.5 -1.2
v 0.1 -1.5 -1.2
v 0.3 -1.5 -1.2
v 0.4 -1.5 -1.2
v -1.6 -1.4 -1.2
v -1.5 -1.4 -1.2
v -1.4 -1.4 -1.2
v -1.6 -1.3 -1.2
v -1.5 -1.3 -1.2
v 0.1 -1.3 -1.2
v 0.3 -1.3 -1.2
v 0.4 -1.3 -1.2
v -1.6 -1.2 -1.2
v -1.5 -1.2 -1.2
v -0.6 -2.8 -1.1
v -0.5 -2.8 -1.1
v -0.6 -2.7 -1.1
v -0.5 -2.7 -1.1
v -0.3 -2.7 -1.1
v -0.1 -2.7 -1.1
v -0.5 -2.6 -1.1
v -0.3 -2.6 -1.1
v -0.2 -2.6 -1.1
v -0.1 -2.6 -1.1
v -0.5 -2.5 -1.1
v -0.2 -2.5 -1.1
v -1.6 -1.7 -1.1
v -1.5 -1.7 -1.1
v -1.6 -1.6 -1.1
v -1.5 -1.6 -1.1
v -1.6 -1.5 -1.1
v -1.5 -1.5 -1.1
v -1.6 -1.4 -1.1
v -1.5 -1.4 -1.1
v 0.3 -1.3 -1.1
v 0.5 -1.3 -1.1
v 0.5 -1.2 -1.1
v 0.6 -1.2 -1.1
v 0.6 -1.1 -1.1
v 0.7 -1.1 -1.1
v 0.3 -1 -1.1
v 0.5 -1 -1.1
v 0.6 -1 -1.1
v 0.7 -1 -1.1
v 0.5 -0.9 -1.1
v 0.6 -0.9 -1.1
v -0.4 -2.8 -1
v 0 -2.8 -1
v -0.6 -2.7 -1
v -0.5 -2.7 -1
v -0.4 -2.7 -1
v -0.3 -2.7 -1
v 0 -2.7 -1
v -0.8 -2.6 -1
v -0.7 -2.6 -1
v -0.6 -2.6 -1
v -0.5 -2.6 -1
v -0.4 -2.6 -1
v -0.3 -2.6 -1
v -0.8 -2.5 -1
v -0.7 -2.5 -1
v -0.9 -2.4 -1
v -0.8 -2.4 -1
v -0.6 -2.4 -1
v -0.5 -2.4 -1
v -0.9 -2.3 -1
v -0.8 -2.3 -1
v -1.5 -1.7 -1
v -1.4 -1.7 -1
v -1.3 -1.7 -1
v -1.2 -1.7 -1
v -1.6 -1.6 -1
v -1.5 -1.6 -1
v -1.4 -1.6 -1
v -1.3 -1.6 -1
v -1.2 -1.6 -1
v -1.6 -1.5 -1
v -1.5 -1.5 -1
v -1.4 -1.5 -1
v -0.5 -2.7 -0.9
v -0.4 -2.7 -0.9
v 0.6 -2.7 -0.9
v 0.7 -2.7 -0.9
v -0.7 -2.6 -0.9
v -0.6 -2.6 -0.9
v -0.5 -2.6 -0.9
v -0.4 -2.6 -0.9
v 0.6 -2.6 -0.9
v 0.7 -2.6 -0.9
v -0.8 -2.5 -0.9
v -0.7 -2.5 -0.9
v -0.8 -2.4 -0.9
v -0.6 -2.4 -0.9
v -1 -2.3 -0.9
v -0.9 -2.3 -0.9
v -1 -2.2 -0.9
v -0.9 -2.2 -0.9
v -1.4 -1.9 -0.9
v -1.3 -1.9 -0.9
v -1.3 -1.7 -0.9
v -1.4 -1.6 -0.9
v -1.3 -1.6 -0.9
v -1.3 -2.8 -0.8
v -1.2 -2.8 -0.8
v -1.3 -2.7 -0.8
v -1.2 -2.7 -0.8
v 0.4 -2.7 -0.8
v 0.6 -2.7 -0.8
v 0.4 -2.6 -0.8
v 0.5 -2.6 -0.8
v 0.5 -2.5 -0.8
v 0.6 -2.5 -0.8
v -0.8 -2.4 -0.8
v -0.6 -2.4 -0.8
v -0.9 -2.3 -0.8
v -0.8 -2.3 -0.8
v -1 -2.2 -0.8
v -0.9 -2.2 -0.8
v -0.7 -2.2 -0.8
v -0.6 -2.2 -0.8
v -1.1 -2.1 -0.8
v -1 -2.1 -0.8
v -0.8 -2.1 -0.8
v -0.7 -2.1 -0.8
v -1.1 -2 -0.8
v -1 -2 -0.8
v -0.8 -2 -0.8
v -1.3 -1.9 -0.8
v -1.2 -1.9 -0.8
v -1.2 -1.8 -0.8
v -1.1 -1.8 -0.8
v -1.3 -1.7 -0.8
v -1.1 -1.7 -0.8
v -1.2 -2 -0.7
v -1 -2 -0.7
v -1.2 -1.8 -0.7
v -1 -1.8 -0.7
v -0.6 -0.7 -0.7
v -0.5 -0.7 -0.7
v -0.3 -0.7 -0.7
v -0.2 -0.7 -0.7
v -0.6 -0.6 -0.7
v -0.5 -0.6 -0.7
v -0.4 -0.6 -0.7
v -0.3 -0.6 -0.7
v -0.2 -0.6 -0.7
v -0.5 -0.5 -0.7
v -0.3 -0.5 -0.7
v -0.6 -2.6 -0.6
v -0.5 -2.6 -0.6
v 0.2 -2.6 -0.6
v 0.3 -2.6 -0.6
v 0.8 -2.6 -0.6
v 0.9 -2.6 -0.6
v -0.6 -2.5 -0.6
v -0.5 -2.5 -0.6
v 0.2 -2.5 -0.6
v 0.3 -2.5 -0.6
v 0.8 -2.5 -0.6
v 0.9 -2.5 -0.6
v -0.5 -0.8 -0.6
v -0.4 -0.8 -0.6
v -0.2 -0.8 -0.6
v -0.1 -0.8 -0.6
v -0.5 -0.7 -0.6
v -0.4 -0.7 -0.6
v -0.2 -0.7 -0.6
v -0.1 -0.7 -0.6
v -0.5 -0.6 -0.6
v -0.4 -0.6 -0.6
v -1.1 -2.8 -0.5
v -1 -2.8 -0.5
v -1.1 -2.7 -0.5
v -1 -2.7 -0.5
v -0.4 -1 -0.5
v -0.3 -1 -0.5
v -0.3 -0.9 -0.5
v -0.3 -0.7 -0.5
v -0.4 -0.6 -0.5
v -0.3 -0.6 -0.5
v 0.6 -2.7 -0.4
v 0.7 -2.7 -0.4
v 1.1 -2.7 -0.4
v 1.2 -2.7 -0.4
v -1.3 -2.6 -0.4
v -1.2 -2.6 -0.4
v -1.1 -2.6 -0.4
v -0.9 -2.6 -0.4
v 0.6 -2.6 -0.4
v 0.7 -2.6 -0.4
v 1.1 -2.6 -0.4
v 1.2 -2.6 -0.4
v -1.3 -2.5 -0.4
v -1.2 -2.5 -0.4
v -1.1 -2.5 -0.4
v -0.9 -2.5 -0.4
v 0.6 -2.5 -0.4
v 0.7 -2.5 -0.4
v 1 -2.5 -0.4
v 1.1 -2.5 -0.4
v 0.6 -2.4 -0.4
v 0.7 -2.4 -0.4
v 1 -2.4 -0.4
v 1.1 -2.4 -0.4
v 0.8 -2.1 -0.4
v 0.9 -2.1 -0.4
v 0.8 -2 -0.4
v 0.9 -2 -0.4
v -0.1 -1 -0.4
v 0 -1 -0.4
v -0.3 -0.9 -0.4
v -0.2 -0.9 -0.4
v -0.1 -0.9 -0.4
v 0 -0.9 -0.4
v -0.2 -0.8 -0.4
v -0.1 -0.8 -0.4
v -0.3 -0.7 -0.4
v -0.2 -0.7 -0.4
v -0.6 -2.8 -0.3
v -0.3 -2.8 -0.3
v -0.2 -2.8 -0.3
v -0.1 -2.8 -0.3
v -0.6 -2.7 -0.3
v -0.3 -2.7 -0.3
v -0.2 -2.6 -0.3
v -0.1 -2.6 -0.3
v 0.1 -2.6 -0.3
v 0.2 -2.6 -0.3
v 0.4 -2.6 -0.3
v 0.5 -2.6 -0.3
v -0.2 -2.5 -0.3
v -0.1 -2.5 -0.3
v 0.1 -2.5 -0.3
v 0.2 -2.5 -0.3
v 0.4 -2.5 -0.3
v 0.5 -2.5 -0.3
v 0.6 -2.5 -0.3
v 0.5 -2.4 -0.3
v 0.6 -2.4 -0.3
v 0.8 -2.4 -0.3
v 0.9 -2.4 -0.3
v 0.8 -2.3 -0.3
v 0.9 -2.3 -0.3
v -0.3 -1.1 -0.3
v -0.2 -1.1 -0.3
v -0.1 -1.1 -0.3
v -0.1 -1 -0.3
v -0.3 -0.9 -0.3
v -0.1 -0.9 -0.3
v -0.3 -2.8 -0.2
v -0.2 -2.8 -0.2
v -0.3 -2.7 -0.2
v -0.2 -2.7 -0.2
v -0.9 -2.4 -0.2
v -0.8 -2.4 -0.2
v 0.3 -2.4 -0.2
v 0.4 -2.4 -0.2
v -0.9 -2.3 -0.2
v -0.8 -2.3 -0.2
v 0.3 -2.3 -0.2
v 0.4 -2.3 -0.2
v -0.2 -1.2 -0.2
v -0.1 -1.2 -0.2
v -0.2 -1.1 -0.2
v -0.1 -1.1 -0.2
v 1 -0.8 -0.2
v 1.1 -0.8 -0.2
v 0.7 -0.7 -0.2
v 0.8 -0.7 -0.2
v 1 -0.7 -0.2
v 1.1 -0.7 -0.2
v 1.2 -0.7 -0.2
v 0.7 -0.6 -0.2
v 0.8 -0.6 -0.2
v 1.2 -0.6 -0.2
v 1.2 -0.5 -0.2
v 1.1 -0.4 -0.2
v 1.2 -0.4 -0.2
v -0.7 -2.8 -0.1
v -0.6 -2.8 -0.1
v -0.7 -2.7 -0.1
v -0.6 -2.7 -0.1
v 0.8 -2.7 -0.1
v 0.9 -2.7 -0.1
v 0.8 -2.6 -0.1
v 0.9 -2.6 -0.1
v 1 -2.5 -0.1
v 1.1 -2.5 -0.1
v 1.2 -2.5 -0.1
v 1.3 -2.5 -0.1
v -0.8 -2.4 -0.1
v -0.7 -2.4 -0.1
v -0.5 -2.4 -0.1
v -0.4 -2.4 -0.1
v 0.2 -2.4 -0.1
v 0.3 -2.4 -0.1
v 1 -2.4 -0.1
v 1.1 -2.4 -0.1
v 1.3 -2.4 -0.1
v 1.5 -2.4 -0.1
v 1.6 -2.4 -0.1
v -1.2 -2.3 -0.1
v -1.1 -2.3 -0.1
v -0.9 -2.3 -0.1
v -0.8 -2.3 -0.1
v -0.7 -2.3 -0.1
v -0.6 -2.3 -0.1
v -0.5 -2.3 -0.1
v -0.4 -2.3 -0.1
v -0.2 -2.3 -0.1
v 0.1 -2.3 -0.1
v 0.2 -2.3 -0.1
v 0.3 -2.3 -0.1
v 0.4 -2.3 -0.1
v 1.1 -2.3 -0.1
v 1.2 -2.3 -0.1
v 1.4 -2.3 -0.1
v -1.2 -2.2 -0.1
v -1.1 -2.2 -0.1
v -1 -2.2 -0.1
v -0.9 -2.2 -0.1
v -0.8 -2.2 -0.1
v -0.7 -2.2 -0.1
v -0.6 -2.2 -0.1
v -0.5 -2.2 -0.1
v -0.4 -2.2 -0.1
v -0.2 -2.2 -0.1
v -0.1 -2.2 -0.1
v 0.1 -2.2 -0.1
v 0.2 -2.2 -0.1
v 0.4 -2.2 -0.1
v 1.4 -2.2 -0.1
v 1.5 -2.2 -0.1
v -1.3 -2.1 -0.1
v -1.2 -2.1 -0.1
v -1.1 -2.1 -0.1
v -1 -2.1 -0.1
v -0.9 -2.1 -0.1
v -0.8 -2.1 -0.1
v -0.7 -2.1 -0.1
v -0.6 -2.1 -0.1
v -0.5 -2.1 -0.1
v -0.3 -2.1 -0.1
v -0.1 -2.1 -0.1
v 0 -2.1 -0.1
v 0.2 -2.1 -0.1
v 0.3 -2.1 -0.1
v 0.4 -2.1 -0.1
v 0.5 -2.1 -0.1
v 1.1 -2.1 -0.1
v 1.3 -2.1 -0.1
v 1.5 -2.1 -0.1
v 1.6 -2.1 -0.1
v -1.6 -2 -0.1
v -1.3 -2 -0.1
v -1.2 -2 -0.1
v -1.1 -2 -0.1
v -1 -2 -0.1
v -0.8 -2 -0.1
v -0.7 -2 -0.1
v -0.6 -2 -0.1
v -0.5 -2 -0.1
v -0.4 -2 -0.1
v -0.3 -2 -0.1
v 0.2 -2 -0.1
v 0.3 -2 -0.1
v 0.4 -2 -0.1
v 0.5 -2 -0.1
v 0.7 -2 -0.1
v 0.8 -2 -0.1
v 0.9 -2 -0.1
v 1 -2 -0.1
v 1.1 -2 -0.1
v 1.3 -2 -0.1
v 1.4 -2 -0.1
v -1 -1.9 -0.1
v -0.9 -1.9 -0.1
v -0.7 -1.9 -0.1
v -0.5 -1.9 -0.1
v -0.4 -1.9 -0.1
v -0.3 -1.9 -0.1
v -0.2 -1.9 -0.1
v 0 -1.9 -0.1
v 0.3 -1.9 -0.1
v 0.4 -1.9 -0.1
v 0.5 -1.9 -0.1
v 0.6 -1.9 -0.1
v 0.7 -1.9 -0.1
v 0.9 -1.9 -0.1
v 1 -1.9 -0.1
v 1.1 -1.9 -0.1
v 1.2 -1.9 -0.1
v 1.4 -1.9 -0.1
v 1.5 -1.9 -0.1
v -1.6 -1.8 -0.1
v -1.4 -1.8 -0.1
v -1.3 -1.8 -0.1
v -1.2 -1.8 -0.1
v -1.1 -1.8 -0.1
v -1 -1.8 -0.1
v -0.9 -1.8 -0.1
v -0.8 -1.8 -0.1
v -0.6 -1.8 -0.1
v -0.4 -1.8 -0.1
v -0.3 -1.8 -0.1
v -0.1 -1.8 -0.1
v 0 -1.8 -0.1
v 0.1 -1.8 -0.1
v 0.2 -1.8 -0.1
v 0.4 -1.8 -0.1
v 0.6 -1.8 -0.1
v 0.8 -1.8 -0.1
v 0.9 -1.8 -0.1
v 1 -1.8 -0.1
v 1.1 -1.8 -0.1
v 1.2 -1.8 -0.1
v 1.3 -1.8 -0.1
v 1.5 -1.8 -0.1
v 1.6 -1.8 -0.1
v -1.4 -1.7 -0.1
v -1.3 -1.7 -0.1
v -0.9 -1.7 -0.1
v -0.8 -1.7 -0.1
v -0.6 -1.7 -0.1
v -0.5 -1.7 -0.1
v -0.4 -1.7 -0.1
v -0.3 -1.7 -0.1
v -0.1 -1.7 -0.1
v 0 -1.7 -0.1
v 0.1 -1.7 -0.1
v 0.2 -1.7 -0.1
v 0.4 -1.7 -0.1
v 0.8 -1.7 -0.1
v -1.4 -1.6 -0.1
v -1.3 -1.6 -0.1
v -1.2 -1.6 -0.1
v -1 -1.6 -0.1
v -0.9 -1.6 -0.1
v -0.7 -1.6 -0.1
v -0.6 -1.6 -0.1
v -0.4 -1.6 -0.1
v -0.1 -1.6 -0.1
v 0 -1.6 -0.1
v 0.2 -1.6 -0.1
v 0.4 -1.6 -0.1
v 0.5 -1.6 -0.1
v 0.6 -1.6 -0.1
v 0.8 -1.6 -0.1
v 0.9 -1.6 -0.1
v 1 -1.6 -0.1
v 1.2 -1.6 -0.1
v 1.3 -1.6 -0.1
v -1.3 -1.5 -0.1
v -1.2 -1.5 -0.1
v -0.7 -1.5 -0.1
v -0.6 -1.5 -0.1
v -0.5 -1.5 -0.1
v -0.1 -1.5 -0.1
v 0 -1.5 -0.1
v 0.1 -1.5 -0.1
v 0.5 -1.5 -0.1
v 0.6 -1.5 -0.1
v 0.7 -1.5 -0.1
v 0.8 -1.5 -0.1
v 0.9 -1.5 -0.1
v 1.5 -1.5 -0.1
v 1.6 -1.5 -0.1
v -0.9 -1.4 -0.1
v -0.8 -1.4 -0.1
v -0.1 -1.4 -0.1
v 0.1 -1.4 -0.1
v 1.2 -1.4 -0.1
v 1.3 -1.4 -0.1
v -1.3 -1.3 -0.1
v -1.2 -1.3 -0.1
v -1 -1.3 -0.1
v -0.9 -1.3 -0.1
v 0.1 -1.3 -0.1
v 0.2 -1.3 -0.1
v 0.4 -1.3 -0.1
v 0.5 -1.3 -0.1
v 0.7 -1.3 -0.1
v 0.8 -1.3 -0.1
v 1.1 -1.3 -0.1
v 1.2 -1.3 -0.1
v 1.4 -1.3 -0.1
v 1.5 -1.3 -0.1
v -1.1 -1.2 -0.1
v -1 -1.2 -0.1
v -0.7 -1.2 -0.1
v -0.6 -1.2 -0.1
v -0.1 -1.2 -0.1
v 0.1 -1.2 -0.1
v 0.4 -1.2 -0.1
v 0.5 -1.2 -0.1
v 1.3 -1.2 -0.1
v 1.4 -1.2 -0.1
v -1.3 -1.1 -0.1
v -1.2 -1.1 -0.1
v -1.1 -1.1 -0.1
v -1 -1.1 -0.1
v -0.9 -1.1 -0.1
v -0.8 -1.1 -0.1
v -0.7 -1.1 -0.1
v -0.6 -1.1 -0.1
v -0.5 -1.1 -0.1
v -0.4 -1.1 -0.1
v 0.1 -1.1 -0.1
v 0.2 -1.1 -0.1
v 0.4 -1.1 -0.1
v 0.5 -1.1 -0.1
v 0.7 -1.1 -0.1
v 1.2 -1.1 -0.1
v 1.3 -1.1 -0.1
v -1.3 -1 -0.1
v -1.2 -1 -0.1
v -0.8 -1 -0.1
v -0.7 -1 -0.1
v -0.1 -1 -0.1
v 0.1 -1 -0.1
v 0.3 -1 -0.1
v 0.4 -1 -0.1
v 0.6 -1 -0.1
v 0.7 -1 -0.1
v 1 -1 -0.1
v 1.1 -1 -0.1
v 1.2 -1 -0.1
v 1.3 -1 -0.1
v 1.4 -1 -0.1
v -1.4 -0.9 -0.1
v -1.3 -0.9 -0.1
v -1.2 -0.9 -0.1
v -1.1 -0.9 -0.1
v -1 -0.9 -0.1
v -0.7 -0.9 -0.1
v -0.5 -0.9 -0.1
v 0.5 -0.9 -0.1
v 0.6 -0.9 -0.1
v 1.1 -0.9 -0.1
v 1.2 -0.9 -0.1
v -1.3 -0.8 -0.1
v -1.2 -0.8 -0.1
v -0.6 -0.8 -0.1
v -0.5 -0.8 -0.1
v 0.3 -0.8 -0.1
v 0.4 -0.8 -0.1
v 0.6 -0.8 -0.1
v 0.7 -0.8 -0.1
v 1 -0.8 -0.1
v 1.1 -0.8 -0.1
v 1.2 -0.8 -0.1
v 1.3 -0.8 -0.1
v -1.3 -0.7 -0.1
v -1.2 -0.7 -0.1
v -0.6 -0.7 -0.1
v -0.5 -0.7 -0.1
v -0.4 -0.7 -0.1
v 0.4 -0.7 -0.1
v 0.5 -0.7 -0.1
v 1.1 -0.7 -0.1
v 1.2 -0.7 -0.1
v -1.4 -0.6 -0.1
v -1.3 -0.6 -0.1
v -1.2 -0.6 -0.1
v -1.1 -0.6 -0.1
v -0.8 -0.6 -0.1
v -0.7 -0.6 -0.1
v 0.4 -0.6 -0.1
v 0.5 -0.6 -0.1
v 0.6 -0.6 -0.1
v 0.7 -0.6 -0.1
v 0.8 -0.6 -0.1
v 1.2 -0.6 -0.1
v 1.3 -0.6 -0.1
v -1.2 -0.5 -0.1
v -1.1 -0.5 -0.1
v 0.5 -0.5 -0.1
v 0.6 -0.5 -0.1
v 0.7 -0.5 -0.1
v 1.2 -0.5 -0.1
v 1.3 -0.5 -0.1
v -1.3 -0.4 -0.1
v -1.2 -0.4 -0.1
v -1.1 -0.4 -0.1
v 0.7 -0.4 -0.1
v 0.8 -0.4 -0.1
v -1.3 -0.3 -0.1
v -1.2 -0.3 -0.1
v -0.8 -0.3 -0.1
v -0.7 -0.3 -0.1
v -0.6 -0.3 -0.1
v -0.5 -0.3 -0.1
v 0.6 -0.3 -0.1
v 0.7 -0.3 -0.1
v -0.7 -0.2 -0.1
v -0.6 -0.2 -0.1
v -0.6 -0.0999999 -0.1
v -0.5 -0.0999999 -0.1
v -0.7 2.38419e-07 -0.1
v -0.6 2.38419e-07 -0.1
v -1.3 -2.8 0
v -1.2 -2.8 0
v 0.4 -2.8 0
v 0.5 -2.8 0
v 1.2 -2.8 0
v 1.3 -2.8 0
v -1.3 -2.7 0
v -1.2 -2.7 0
v -0.2 -2.7 0
v -0.1 -2.7 0
v 0.4 -2.7 0
v 0.5 -2.7 0
v 1.2 -2.7 0
v 1.3 -2.7 0
v 1.4 -2.7 0
v -1.5 -2.6 0
v -1.4 -2.6 0
v -1.3 -2.6 0
v -1.1 -2.6 0
v -1 -2.6 0
v -0.2 -2.6 0
v -0.1 -2.6 0
v 0.4 -2.6 0
v 0.5 -2.6 0
v 1 -2.6 0
v 1.1 -2.6 0
v 1.3 -2.6 0
v 1.4 -2.6 0
v 1.5 -2.6 0
v -1.6 -2.5 0
v -1.5 -2.5 0
v -1.3 -2.5 0
v -1.2 -2.5 0
v -1.1 -2.5 0
v -1 -2.5 0
v -0.9 -2.5 0
v -0.8 -2.5 0
v -0.7 -2.5 0
v -0.6 -2.5 0
v -0.5 -2.5 0
v -0.4 -2.5 0
v -0.3 -2.5 0
v 0.2 -2.5 0
v 0.3 -2.5 0
v 0.4 -2.5 0
v 0.5 -2.5 0
v 1 -2.5 0
v 1.1 -2.5 0
v 1.2 -2.5 0
v 1.3 -2.5 0
v 1.4 -2.5 0
v -1.3 -2.4 0
v -1.2 -2.4 0
v -1.1 -2.4 0
v -1 -2.4 0
v -0.9 -2.4 0
v -0.8 -2.4 0
v -0.7 -2.4 0
v -0.5 -2.4 0
v -0.4 -2.4 0
v 0 -2.4 0
v 0.1 -2.4 0
v 0.2 -2.4 0
v 0.3 -2.4 0
v 0.4 -2.4 0
v 0.5 -2.4 0
v 0.6 -2.4 0
v 0.7 -2.4 0
v 0.8 -2.4 0
v 0.9 -2.4 0
v 1 -2.4 0
v 1.1 -2.4 0
v 1.3 -2.4 0
v 1.5 -2.4 0
v -1.3 -2.3 0
v -1.2 -2.3 0
v -1.1 -2.3 0
v -1 -2.3 0
v -0.9 -2.3 0
v -0.8 -2.3 0
v -0.7 -2.3 0
v -0.5 -2.3 0
v -0.4 -2.3 0
v -0.3 -2.3 0
v -0.1 -2.3 0
v 0 -2.3 0
v 0.1 -2.3 0
v 0.2 -2.3 0
v 0.4 -2.3 0
v 0.5 -2.3 0
v 0.6 -2.3 0
v 0.7 -2.3 0
v 0.8 -2.3 0
v 0.9 -2.3 0
v 1 -2.3 0
v 1.1 -2.3 0
v 1.2 -2.3 0
v -1.1 -2.2 0
v -1 -2.2 0
v -0.9 -2.2 0
v -0.8 -2.2 0
v -0.7 -2.2 0
v -0.5 -2.2 0
v -0.4 -2.2 0
v -0.1 -2.2 0
v 0 -2.2 0
v 0.1 -2.2 0
v 0.2 -2.2 0
v 0.4 -2.2 0
v 0.5 -2.2 0
v 0.6 -2.2 0
v 0.7 -2.2 0
v 0.8 -2.2 0
v -1.5 -2.1 0
v -1.3 -2.1 0
v -1.2 -2.1 0
v -1 -2.1 0
v -0.9 -2.1 0
v -0.1 -2.1 0
v 0 -2.1 0
v 0.1 -2.1 0
v 0.2 -2.1 0
v 0.3 -2.1 0
v 0.4 -2.1 0
v 0.5 -2.1 0
v 0.6 -2.1 0
v 0.7 -2.1 0
v 0.8 -2.1 0
v 0.9 -2.1 0
v -1.6 -2 0
v -1.3 -2 0
v 0.2 -2 0
v 0.3 -2 0
v 0.4 -2 0
v 0.5 -2 0
v 0.6 -2 0
v 0.7 -2 0
v 0.8 -2 0
v 0.9 -2 0
v 1.1 -2 0
v -0.3 -1.9 0
v -0.2 -1.9 0
v 0 -1.9 0
v 0.1 -1.9 0
v 0.3 -1.9 0
v 0.4 -1.9 0
v 0.5 -1.9 0
v 0.6 -1.9 0
v 0.7 -1.9 0
v 0.8 -1.9 0
v 0.9 -1.9 0
v -0.1 -1.8 0
v 0 -1.8 0
v 0.1 -1.8 0
v 0.2 -1.8 0
v 0.4 -1.8 0
v 0.6 -1.8 0
v -0.2 -1.7 0
v -0.1 -1.7 0
v 0 -1.7 0
v 0.1 -1.7 0
v -0.4 -1.6 0
v -0.3 -1.6 0
v 0.6 -1.6 0
v 0.8 -1.6 0
v -0.4 -1.5 0
v -0.3 -1.5 0
v -0.1 -1.5 0
v 0.5 -1.5 0
v 0.6 -1.5 0
v 0.7 -1.5 0
v 0.8 -1.5 0
v -0.2 -1.4 0
v -0.1 -1.4 0
v 0.1 -1.4 0
v 0.5 -1.4 0
v 0.7 -1.4 0
v -0.2 -1.2 0
v 0.1 -1.2 0
v 0.4 -1.1 0
v 0.5 -1.1 0
v 1.2 -1.1 0
v 1.3 -1.1 0
v 1.1 -1 0
v 1.2 -1 0
v -1.2 -0.9 0
v -1.1 -0.9 0
v -0.8 -0.9 0
v -0.5 -0.9 0
v 0.5 -0.9 0
v 0.6 -0.9 0
v 1.1 -0.9 0
v 1.2 -0.9 0
v -1.3 -0.8 0
v -1.2 -0.8 0
v -0.6 -0.8 0
v -0.5 -0.8 0
v 1.2 -0.8 0
v 1.3 -0.8 0
v -1.3 -0.7 0
v -1.2 -0.7 0
v -0.8 -0.7 0
v -0.6 -0.7 0
v -0.5 -0.7 0
v 0.4 -0.7 0
v 0.5 -0.7 0
v -1.2 -0.6 0
v -1.1 -0.6 0
v -0.7 -0.6 0
v -0.6 -0.6 0
v 0.5 -0.6 0
v 0.6 -0.6 0
v -0.7 -0.5 0
v -0.7 -0.3 0
v -0.5 -0.3 0
v -1.4 -2.7 0.1
v -1.2 -2.7 0.1
v 0.3 -2.7 0.1
v 0.4 -2.7 0.1
v 0.5 -2.7 0.1
v 1.1 -2.7 0.1
v 1.2 -2.7 0.1
v 1.3 -2.7 0.1
v -1.4 -2.6 0.1
v -1.3 -2.6 0.1
v -1.2 -2.6 0.1
v -1.1 -2.6 0.1
v -1 -2.6 0.1
v -0.9 -2.6 0.1
v -0.8 -2.6 0.1
v -0.7 -2.6 0.1
v -0.6 -2.6 0.1
v -0.5 -2.6 0.1
v 0.3 -2.6 0.1
v 0.4 -2.6 0.1
v 0.5 -2.6 0.1
v 0.6 -2.6 0.1
v 1.1 -2.6 0.1
v 1.3 -2.6 0.1
v 1.4 -2.6 0.1
v -1.5 -2.5 0.1
v -1.3 -2.5 0.1
v -1.2 -2.5 0.1
v -1.1 -2.5 0.1
v -1 -2.5 0.1
v -0.9 -2.5 0.1
v -0.8 -2.5 0.1
v -0.7 -2.5 0.1
v -0.6 -2.5 0.1
v -0.5 -2.5 0.1
v -0.4 -2.5 0.1
v 0 -2.5 0.1
v 0.1 -2.5 0.1
v 0.2 -2.5 0.1
v 0.3 -2.5 0.1
v 0.4 -2.5 0.1
v 0.5 -2.5 0.1
v 0.6 -2.5 0.1
v 0.9 -2.5 0.1
v 1 -2.5 0.1
v 1.3 -2.5 0.1
v 1.4 -2.5 0.1
v -1.4 -2.4 0.1
v -1.3 -2.4 0.1
v -1.2 -2.4 0.1
v -1.1 -2.4 0.1
v -1 -2.4 0.1
v -0.9 -2.4 0.1
v -0.8 -2.4 0.1
v -0.7 -2.4 0.1
v -0.5 -2.4 0.1
v -0.4 -2.4 0.1
v -0.1 -2.4 0.1
v 0 -2.4 0.1
v 0.1 -2.4 0.1
v 0.2 -2.4 0.1
v 0.7 -2.4 0.1
v 0.8 -2.4 0.1
v 0.9 -2.4 0.1
v 1 -2.4 0.1
v -1.2 -2.3 0.1
v -1.1 -2.3 0.1
v -1 -2.3 0.1
v -0.2 -2.3 0.1
v -0.1 -2.3 0.1
v 0 -2.3 0.1
v 0.7 -2.3 0.1
v 0.8 -2.3 0.1
v -1.4 -2.2 0.1
v -1.3 -2.2 0.1
v -0.2 -2.2 0.1
v -0.1 -2.2 0.1
v 0.5 -2.2 0.1
v 0.6 -2.2 0.1
v 0.7 -2.2 0.1
v 0.8 -2.2 0.1
v -1.5 -2.1 0.1
v -1.3 -2.1 0.1
v 0.6 -2.1 0.1
v 0.7 -2.1 0.1
v 0.8 -2.1 0.1
v 0.9 -2.1 0.1
v 0.5 -2 0.1
v 0.6 -2 0.1
v 0.8 -2 0.1
v 0.9 -2 0.1
v 0.8 -1.9 0.1
v 0.9 -1.9 0.1
v 0.8 -1.8 0.1
v 0.9 -1.8 0.1
v -0.3 -1.5 0.1
v -0.1 -1.5 0.1
v -0.3 -1.4 0.1
v -0.1 -1.4 0.1
v -0.9 -0.7 0.1
v -0.8 -0.7 0.1
v -0.7 -0.7 0.1
v -0.6 -0.7 0.1
v -0.9 -0.6 0.1
v -0.8 -0.6 0.1
v -0.7 -0.6 0.1
v -0.6 -0.6 0.1
v 0.8 -2.8 0.2
v 0.9 -2.8 0.2
v 0.8 -2.7 0.2
v 0.9 -2.7 0.2
v -0.9 -2.6 0.2
v -0.8 -2.6 0.2
v -0.5 -2.6 0.2
v -0.4 -2.6 0.2
v -0.2 -2.6 0.2
v -0.1 -2.6 0.2
v 0.2 -2.6 0.2
v 0.3 -2.6 0.2
v 0.9 -2.6 0.2
v 1 -2.6 0.2
v -0.9 -2.5 0.2
v -0.8 -2.5 0.2
v -0.5 -2.5 0.2
v -0.4 -2.5 0.2
v -0.3 -2.5 0.2
v -0.2 -2.5 0.2
v -0.1 -2.5 0.2
v 0 -2.5 0.2
v 0.2 -2.5 0.2
v 0.3 -2.5 0.2
v 0.4 -2.5 0.2
v 0.6 -2.5 0.2
v 0.9 -2.5 0.2
v 1 -2.5 0.2
v -1.4 -2.4 0.2
v -1.3 -2.4 0.2
v -0.2 -2.4 0.2
v -0.1 -2.4 0.2
v 0 -2.4 0.2
v 0.4 -2.4 0.2
v 0.5 -2.4 0.2
v 0.6 -2.4 0.2
v 0.9 -2.4 0.2
v 1 -2.4 0.2
v -0.3 -2.3 0.2
v -0.1 -2.3 0.2
v 0.6 -2.3 0.2
v 0.7 -2.3 0.2
v 0.9 -2.3 0.2
v 1 -2.3 0.2
v -1.4 -2.2 0.2
v -1.3 -2.2 0.2
v 0.5 -2.2 0.2
v 0.6 -2.2 0.2
v 0.6 -2.1 0.2
v 0.7 -2.1 0.2
v 0.5 -1.4 0.2
v 0.7 -1.4 0.2
v 0.5 -1.3 0.2
v 0.6 -1.3 0.2
v 0.6 -1.2 0.2
v 0.7 -1.2 0.2
v -0.8 -0.7 0.2
v -0.7 -0.7 0.2
v -0.9 -0.6 0.2
v -0.8 -0.6 0.2
v -1.1 -0.5 0.2
v -1 -0.5 0.2
v -0.9 -0.5 0.2
v -0.8 -0.5 0.2
v -0.7 -0.5 0.2
v -1.1 -0.4 0.2
v -1 -0.4 0.2
v 0.7 -2.8 0.3
v 0.8 -2.8 0.3
v 0.9 -2.8 0.3
v 1 -2.8 0.3
v 1.1 -2.8 0.3
v 1.2 -2.8 0.3
v -0.5 -2.7 0.3
v -0.4 -2.7 0.3
v 0.5 -2.7 0.3
v 0.6 -2.7 0.3
v 0.7 -2.7 0.3
v 0.8 -2.7 0.3
v 0.9 -2.7 0.3
v 1 -2.7 0.3
v 1.1 -2.7 0.3
v 1.2 -2.7 0.3
v -1.2 -2.6 0.3
v -1 -2.6 0.3
v -0.7 -2.6 0.3
v -0.5 -2.6 0.3
v -0.4 -2.6 0.3
v -0.3 -2.6 0.3
v -0.2 -2.6 0.3
v 0.5 -2.6 0.3
v 0.6 -2.6 0.3
v -1.2 -2.5 0.3
v -1 -2.5 0.3
v -0.7 -2.5 0.3
v -0.5 -2.5 0.3
v -0.3 -2.5 0.3
v -0.2 -2.5 0.3
v 0.5 -1.3 0.3
v 0.6 -1.3 0.3
v -1.4 -1.2 0.3
v -1.3 -1.2 0.3
v 0.3 -1.2 0.3
v 0.4 -1.2 0.3
v -1.4 -1.1 0.3
v -1.3 -1.1 0.3
v 0.3 -1.1 0.3
v 0.4 -1.1 0.3
v 0.5 -1.1 0.3
v 0.6 -1.1 0.3
v -1 -0.5 0.3
v -0.8 -0.5 0.3
v -1 -0.3 0.3
v -0.8 -0.3 0.3
v 0.6 -2.8 0.4
v 0.7 -2.8 0.4
v 1 -2.8 0.4
v 1.1 -2.8 0.4
v -1.2 -2.7 0.4
v -1.1 -2.7 0.4
v -0.9 -2.7 0.4
v -0.8 -2.7 0.4
v -0.7 -2.7 0.4
v -0.3 -2.7 0.4
v -0.2 -2.7 0.4
v 0.6 -2.7 0.4
v 0.7 -2.7 0.4
v -1.2 -2.6 0.4
v -1.1 -2.6 0.4
v -0.9 -2.6 0.4
v -0.8 -2.6 0.4
v -0.7 -2.6 0.4
v -0.4 -2.6 0.4
v -0.3 -2.6 0.4
v -0.2 -2.6 0.4
v 0 -2.6 0.4
v 1 -2.6 0.4
v 1.1 -2.6 0.4
v -0.4 -2.5 0.4
v -0.3 -2.5 0.4
v -0.2 -2.5 0.4
v -0.1 -2.5 0.4
v 0 -2.5 0.4
v -0.2 -2.4 0.4
v -0.1 -2.4 0.4
v 0.4 -1.3 0.4
v 0.5 -1.3 0.4
v -1.3 -1.1 0.4
v -1.2 -1.1 0.4
v 0.4 -1.1 0.4
v -1.3 -1 0.4
v -1.2 -1 0.4
v 0.4 -1 0.4
v 0.5 -1 0.4
v -1.1 -2.7 0.5
v -1 -2.7 0.5
v -0.7 -2.7 0.5
v -0.5 -2.7 0.5
v -0.4 -2.7 0.5
v -0.3 -2.7 0.5
v -1.1 -2.6 0.5
v -1 -2.6 0.5
v -0.7 -2.6 0.5
v -0.5 -2.6 0.5
v -0.4 -2.6 0.5
v -0.3 -2.6 0.5
v 0 -2.6 0.5
v 0.2 -2.6 0.5
v 0.7 -2.6 0.5
v 0.8 -2.6 0.5
v 0.9 -2.6 0.5
v 0 -2.5 0.5
v 0.2 -2.5 0.5
v 0.7 -2.5 0.5
v 0.9 -2.5 0.5
v -1.2 -1.3 0.5
v -1.1 -1.3 0.5
v -1.3 -1.2 0.5
v -1.2 -1.2 0.5
v -1.1 -1.2 0.5
v -1 -1.2 0.5
v -1.3 -1.1 0.5
v -1 -1.1 0.5
v 0.1 -1.1 0.5
v 0.2 -1.1 0.5
v 0.3 -1.1 0.5
v 0.1 -1 0.5
v 0.2 -1 0.5
v 0.3 -1 0.5
v 0.4 -1 0.5
v 0.5 -1 0.5
v 0.4 -0.9 0.5
v 0.5 -0.9 0.5
v -0.6 -2.8 0.6
v -0.4 -2.8 0.6
v 0 -2.8 0.6
v 0.1 -2.8 0.6
v 0.9 -2.8 0.6
v 1 -2.8 0.6
v -1 -2.7 0.6
v -0.9 -2.7 0.6
v -0.6 -2.7 0.6
v -0.4 -2.7 0.6
v -0.1 -2.7 0.6
v 0 -2.7 0.6
v 0.1 -2.7 0.6
v 0.3 -2.7 0.6
v 0.6 -2.7 0.6
v 0.8 -2.7 0.6
v -1 -2.6 0.6
v -0.9 -2.6 0.6
v -0.1 -2.6 0.6
v 0.3 -2.6 0.6
v 0.7 -2.6 0.6
v 0.8 -2.6 0.6
v 0.9 -2.6 0.6
v 1 -2.6 0.6
v 0.6 -2.5 0.6
v 0.7 -2.5 0.6
v -1 -1.5 0.6
v -0.9 -1.5 0.6
v -1 -1.4 0.6
v -0.9 -1.4 0.6
v -1.1 -1.3 0.6
v -1 -1.3 0.6
v -0.9 -1.3 0.6
v -1.1 -1.2 0.6
v -0.9 -1.2 0.6
v 0.3 -1.1 0.6
v 0.4 -1.1 0.6
v 0.1 -1 0.6
v 0.2 -1 0.6
v 0.3 -1 0.6
v 0.1 -0.9 0.6
v 0.2 -0.9 0.6
v 0.3 -0.9 0.6
v 0.4 -0.9 0.6
v 0.2 -0.8 0.6
v 0.3 -0.8 0.6
v -1.2 -2.8 0.7
v -1.1 -2.8 0.7
v -0.7 -2.8 0.7
v -0.6 -2.8 0.7
v -0.4 -2.8 0.7
v -0.2 -2.8 0.7
v -1.2 -2.7 0.7
v -1.1 -2.7 0.7
v -0.7 -2.7 0.7
v -0.6 -2.7 0.7
v -0.4 -2.7 0.7
v -0.2 -2.7 0.7
v -0.1 -2.7 0.7
v 0.4 -2.7 0.7
v 0.5 -2.7 0.7
v 0.8 -2.7 0.7
v 0.9 -2.7 0.7
v -0.2 -2.6 0.7
v -0.1 -2.6 0.7
v 0.4 -2.6 0.7
v 0.5 -2.6 0.7
v 0.8 -2.6 0.7
v 0.9 -2.6 0.7
v -0.9 -1.6 0.7
v -0.8 -1.6 0.7
v -0.8 -1.5 0.7
v -0.6 -1.5 0.7
v -1 -1.4 0.7
v -0.9 -1.4 0.7
v -0.8 -1.4 0.7
v -0.7 -1.4 0.7
v -0.6 -1.4 0.7
v -1 -1.3 0.7
v -0.8 -1.3 0.7
v -0.7 -1.3 0.7
v 0.2 -1 0.7
v 0.3 -1 0.7
v 0.2 -0.9 0.7
v 0.3 -0.9 0.7
v -1.1 -2.8 0.8
v -1 -2.8 0.8
v -0.8 -2.8 0.8
v -0.7 -2.8 0.8
v -0.2 -2.8 0.8
v 0 -2.8 0.8
v 0.5 -2.8 0.8
v 0.9 -2.8 0.8
v -1.1 -2.7 0.8
v -1 -2.7 0.8
v -0.9 -2.7 0.8
v -0.8 -2.7 0.8
v -0.7 -2.7 0.8
v -0.2 -2.7 0.8
v 0 -2.7 0.8
v 0.5 -2.7 0.8
v 0.9 -2.7 0.8
v -1 -2.6 0.8
v -0.9 -2.6 0.8
v -0.8 -1.7 0.8
v -0.7 -1.7 0.8
v -0.6 -1.7 0.8
v -0.6 -1.6 0.8
v -0.8 -1.5 0.8
v -0.6 -1.5 0.8
v 0.1 -2.8 0.9
v 0.5 -2.8 0.9
v -1.1 -2.7 0.9
v -1 -2.7 0.9
v 0.1 -2.7 0.9
v 0.5 -2.7 0.9
v -1.1 -2.6 0.9
v -1 -2.6 0.9
v -0.2 -1.8 0.9
v -0.1 -1.8 0.9
v -0.6 -1.7 0.9
v -0.5 -1.7 0.9
v -0.2 -1.7 0.9
v -0.1 -1.7 0.9
v 0 -1.7 0.9
v -0.6 -1.6 0.9
v -0.5 -1.6 0.9
v -0.1 -1.6 0.9
v 0 -1.6 0.9
v 0.1 -1.6 0.9
v 0 -1.5 0.9
v 0.1 -1.5 0.9
v -0.9 -2.7 1
v -0.8 -2.7 1
v -0.9 -2.6 1
v -0.8 -2.6 1
v -0.4 -2 1
v -0.3 -2 1
v -0.4 -1.9 1
v -0.3 -1.9 1
v -0.2 -1.9 1
v -0.7 -1.8 1
v -0.6 -1.8 1
v -0.3 -1.8 1
v -0.2 -1.8 1
v -0.7 -1.7 1
v -0.6 -1.7 1
v -0.2 -1.7 1
v -0.1 -1.7 1
v -0.2 -1.6 1
v -0.1 -1.6 1
v 0 -1.6 1
v -0.1 -1.5 1
v 0 -1.5 1
v 0.3 -1.5 1
v 0 -1.4 1
v 0.3 -1.4 1
v 0.3 -1.1 1
v 0.4 -1.1 1
v 0.6 -1.1 1
v 0.7 -1.1 1
v 0.3 -1 1
v 0.4 -1 1
v 0.5 -1 1
v 0.6 -1 1
v 0.7 -1 1
v 0.5 -0.9 1
v 0.6 -0.9 1
v -0.6 -2.1 1.1
v -0.4 -2.1 1.1
v -0.7 -2 1.1
v -0.6 -2 1.1
v -0.4 -1.9 1.1
v -0.3 -1.9 1.1
v -0.7 -1.8 1.1
v -0.6 -1.8 1.1
v -0.3 -1.8 1.1
v -0.2 -1.8 1.1
v -0.6 -1.7 1.1
v -0.3 -1.7 1.1
v -0.3 -1.6 1.1
v -0.2 -1.6 1.1
v -0.1 -1.6 1.1
v -0.3 -1.5 1.1
v -0.1 -1.5 1.1
v 0 -1.5 1.1
v -0.1 -1.4 1.1
v 0 -1.4 1.1
v 0.3 -1.4 1.1
v 0.4 -1.4 1.1
v 0 -1.3 1.1
v 0.1 -1.3 1.1
v 0.3 -1.3 1.1
v 0.4 -1.3 1.1
v 0.5 -1.3 1.1
v 0.1 -1.2 1.1
v 0.3 -1.2 1.1
v 0.4 -1.2 1.1
v 0.5 -1.2 1.1
v 0.3 -1.1 1.1
v 0.4 -1.1 1.1
v 0.6 -1.1 1.1
v 0.4 -1 1.1
v 0.6 -1 1.1
v -1.4 -2.8 1.2
v -1.3 -2.8 1.2
v -1.4 -2.7 1.2
v -1.3 -2.7 1.2
v -1 -2.3 1.2
v -0.9 -2.3 1.2
v -1 -2.2 1.2
v -0.9 -2.2 1.2
v -0.8 -2.2 1.2
v -0.7 -2.2 1.2
v -0.6 -2.2 1.2
v -0.8 -2.1 1.2
v -0.7 -2.1 1.2
v -0.9 -2 1.2
v -0.6 -2 1.2
v 0.4 -1.2 1.2
v 0.6 -1.2 1.2
v 0.4 -1.1 1.2
v 0.6 -1.1 1.2
v -1.3 -2.7 1.3
v -1.2 -2.7 1.3
v -1.1 -2.7 1.3
v -1.2 -2.6 1.3
v -1.1 -2.6 1.3
v -0.7 -2.6 1.3
v -0.6 -2.6 1.3
v -1.3 -2.5 1.3
v -1.1 -2.5 1.3
v -0.7 -2.5 1.3
v -0.6 -2.5 1.3
v -0.9 -2.3 1.3
v -0.8 -2.3 1.3
v -0.9 -2.2 1.3
v -0.8 -2.2 1.3
v -0.7 -2.2 1.3
v -0.8 -2.1 1.3
v -0.7 -2.1 1.3
v -1.3 -2.8 1.4
v -1.2 -2.8 1.4
v -0.8 -2.8 1.4
v -0.7 -2.8 1.4
v -1.3 -2.7 1.4
v -1.2 -2.7 1.4
v -1.1 -2.7 1.4
v -1 -2.7 1.4
v -0.8 -2.7 1.4
v -0.7 -2.7 1.4
v -1.1 -2.6 1.4
v -1 -2.6 1.4
v -1 -2.4 1.4
v -0.9 -2.4 1.4
v -1.1 -2.3 1.4
v -0.9 -2.3 1.4
v -0.8 -2.3 1.4
v -0.7 -2.3 1.4
v -0.8 -2.2 1.4
v -0.7 -2.2 1.4
v -1.2 -2.8 1.5
v -1.1 -2.8 1.5
v -0.6 -2.8 1.5
v -0.5 -2.8 1.5
v -1.2 -2.7 1.5
v -1.1 -2.7 1.5
v -1 -2.7 1.5
v -0.7 -2.7 1.5
v -0.6 -2.7 1.5
v -0.5 -2.7 1.5
v -1 -2.6 1.5
v -0.7 -2.6 1.5
v -0.6 -2.6 1.5
v -1 -2.4 1.5
v -0.9 -2.4 1.5
v -0.7 -2.4 1.5
v -0.6 -2.4 1.5
v -0.9 -2.3 1.5
v -0.7 -2.3 1.5
v -0.7 -2.2 1.5
v -0.6 -2.2 1.5
v -1.1 -2.8 1.6
v -0.6 -2.8 1.6
v -1.1 -2.7 1.6
v -0.6 -2.7 1.6

# faces
f 4/1/1 2/1/1 1/1/1
f 5/1/1 2/1/1 4/1/1
f 8/2/1 4/2/1 3/2/1
f 8/2/1 5/2/1 4/2/1
f 10/2/1 8/2/1 7/2/1
f 11/2/1 5/2/1 8/2/1
f 11/2/1 8/2/1 10/2/1
f 12/1/1 6/1/1 5/1/1
f 12/2/1 5/2/1 11/2/1
f 13/1/1 6/1/1 12/1/1
f 14/2/1 11/2/1 10/2/1
f 14/2/1 10/2/1 9/2/1
f 15/2/1 11/2/1 14/2/1
f 16/2/1 11/2/1 15/2/1
f 17/2/1 11/2/1 16/2/1
f 18/2/1 16/2/1 15/2/1
f 19/2/1 16/2/1 18/2/1
f 23/10/1 21/10/1 20/10/1
f 23/5/1 22/5/1 21/5/1
f 24/5/1 22/5/1 23/5/1
f 25/10/1 23/10/1 20/10/1
f 26/10/1 23/10/1 25/10/1
f 29/1/1 28/1/1 27/1/1
f 30/1/1 28/1/1 29/1/1
f 33/8/1 32/8/1 31/8/1
f 34/8/1 32/8/1 33/8/1
f 39/10/1 36/10/1 35/10/1
f 40/10/1 36/10/1 39/10/1
f 41/10/1 38/10/1 37/10/1
f 42/10/1 38/10/1 41/10/1
f 44/10/1 43/10/1 42/10/1
f 45/10/1 43/10/1 44/10/1
f 48/8/1 47/8/1 46/8/1
f 50/8/1 48/8/1 46/8/1
f 50/8/1 49/8/1 48/8/1
f 51/8/1 49/8/1 50/8/1
f 56/10/1 53/10/1 52/10/1
f 57/10/1 53/10/1 56/10/1
f 60/5/1 59/5/1 58/5/1
f 64/5/1 60/5/1 58/5/1
f 65/9/1 61/9/1 60/9/1
f 65/5/1 60/5/1 64/5/1
f 66/9/1 61/9/1 65/9/1
f 67/2/1 63/2/1 62/2/1
f 68/2/1 63/2/1 67/2/1
f 69/10/1 55/10/1 54/10/1
f 70/10/1 69/10/1 54/10/1
f 71/10/1 69/10/1 70/10/1
f 74/10/1 73/10/1 72/10/1
f 75/10/1 73/10/1 74/10/1
f 78/1/1 77/1/1 76/1/1
f 79/1/1 77/1/1 78/1/1
f 82/10/1 81/10/1 80/10/1
f 83/10/1 81/10/1 82/10/1
f 88/10/1 85/10/1 84/10/1
f 89/10/1 85/10/1 88/10/1
f 90/8/1 87/8/1 86/8/1
f 91/8/1 87/8/1 90/8/1
f 94/6/1 93/6/1 92/6/1
f 95/6/1 93/6/1 94/6/1
f 96/6/1 94/6/1 92/6/1
f 97/6/1 94/6/1 96/6/1
f 98/6/1 94/6/1 97/6/1
f 101/9/1 100/9/1 99/9/1
f 102/9/1 100/9/1 101/9/1
f 103/9/1 100/9/1 102/9/1
f 111/9/1 103/9/1 102/9/1
f 112/8/1 104/8/1 103/8/1
f 112/9/1 103/9/1 111/9/1
f 113/8/1 104/8/1 112/8/1
f 114/8/1 106/8/1 105/8/1
f 115/2/1 107/2/1 106/2/1
f 115/8/1 106/8/1 114/8/1
f 116/2/1 107/2/1 115/2/1
f 119/2/1 109/2/1 108/2/1
f 120/1/1 110/1/1 109/1/1
f 120/2/1 109/2/1 119/2/1
f 121/1/1 110/1/1 120/1/1
f 122/10/1 97/10/1 96/10/1
f 123/10/1 97/10/1 122/10/1
f 126/2/1 118/2/1 117/2/1
f 127/2/1 118/2/1 126/2/1
f 128/6/1 125/6/1 124/6/1
f 129/6/1 125/6/1 128/6/1
f 133/1/1 131/1/1 130/1/1
f 134/1/1 131/1/1 133/1/1
f 134/1/1 133/1/1 132/1/1
f 135/1/1 131/1/1 134/1/1
f 136/1/1 134/1/1 132/1/1
f 137/1/1 134/1/1 136/1/1
f 140/9/1 139/9/1 138/9/1
f 143/9/1 140/9/1 138/9/1
f 143/9/1 141/9/1 140/9/1
f 144/9/1 141/9/1 143/9/1
f 144/10/1 143/10/1 142/10/1
f 145/9/1 141/9/1 144/9/1
f 146/10/1 144/10/1 142/10/1
f 147/10/1 144/10/1 146/10/1
f 153/8/1 149/8/1 148/8/1
f 155/8/1 153/8/1 148/8/1
f 155/8/1 154/8/1 153/8/1
f 156/8/1 154/8/1 155/8/1
f 157/10/1 151/10/1 150/10/1
f 158/6/1 152/6/1 151/6/1
f 158/10/1 151/10/1 157/10/1
f 159/6/1 152/6/1 158/6/1
f 164/6/1 161/6/1 160/6/1
f 165/6/1 161/6/1 164/6/1
f 166/9/1 163/9/1 162/9/1
f 167/9/1 163/9/1 166/9/1
f 170/9/1 167/9/1 166/9/1
f 171/9/1 167/9/1 170/9/1
f 172/6/1 169/6/1 168/6/1
f 173/6/1 169/6/1 172/6/1
f 175/8/1 174/8/1 173/8/1
f 176/8/1 174/8/1 175/8/1
f 185/2/1 178/2/1 177/2/1
f 186/2/1 178/2/1 185/2/1
f 187/2/1 180/2/1 179/2/1
f 188/2/1 180/2/1 187/2/1
f 189/10/1 182/10/1 181/10/1
f 191/6/1 184/6/1 183/6/1
f 192/6/1 184/6/1 191/6/1
f 193/6/1 190/6/1 189/6/1
f 195/6/1 193/6/1 189/6/1
f 195/6/1 194/6/1 193/6/1
f 196/6/1 194/6/1 195/6/1
f 199/10/1 189/10/1 181/10/1
f 199/6/1 195/6/1 189/6/1
f 200/6/1 195/6/1 199/6/1
f 201/1/1 198/1/1 197/1/1
f 202/1/1 198/1/1 201/1/1
f 203/10/1 199/10/1 181/10/1
f 204/10/1 199/10/1 203/10/1
f 207/9/1 206/9/1 205/9/1
f 208/9/1 206/9/1 207/9/1
f 211/10/1 210/10/1 209/10/1
f 212/10/1 210/10/1 211/10/1
f 215/10/1 214/10/1 213/10/1
f 216/10/1 214/10/1 215/10/1
f 221/10/1 220/10/1 219/10/1
f 222/10/1 220/10/1 221/10/1
f 223/9/1 218/9/1 217/9/1
f 224/9/1 218/9/1 223/9/1
f 227/6/1 226/6/1 225/6/1
f 228/6/1 226/6/1 227/6/1
f 231/4/1 230/4/1 229/4/1
f 232/4/1 230/4/1 231/4/1
f 235/7/1 234/7/1 233/7/1
f 236/7/1 234/7/1 235/7/1
f 241/6/1 238/6/1 237/6/1
f 242/6/1 238/6/1 241/6/1
f 243/1/1 240/1/1 239/1/1
f 244/1/1 240/1/1 243/1/1
f 247/6/1 246/6/1 245/6/1
f 248/6/1 246/6/1 247/6/1
f 251/2/1 250/2/1 249/2/1
f 252/2/1 250/2/1 251/2/1
f 256/10/1 254/10/1 253/10/1
f 257/9/1 255/9/1 254/9/1
f 257/10/1 254/10/1 256/10/1
f 258/9/1 255/9/1 257/9/1
f 259/9/1 255/9/1 258/9/1
f 264/9/1 261/9/1 260/9/1
f 265/9/1 261/9/1 264/9/1
f 267/10/1 263/10/1 262/10/1
f 268/9/1 266/9/1 265/9/1
f 268/10/1 263/10/1 267/10/1
f 268/9/1 264/9/1 263/9/1
f 268/9/1 265/9/1 264/9/1
f 269/9/1 266/9/1 268/9/1
f 272/10/1 271/10/1 270/10/1
f 273/10/1 271/10/1 272/10/1
f 276/9/1 275/9/1 274/9/1
f 277/9/1 275/9/1 276/9/1
f 278/9/1 275/9/1 277/9/1
f 279/9/1 275/9/1 278/9/1
f 282/10/1 281/10/1 280/10/1
f 283/10/1 281/10/1 282/10/1
f 287/10/1 285/10/1 284/10/1
f 288/5/1 286/5/1 285/5/1
f 288/10/1 285/10/1 287/10/1
f 291/5/1 286/5/1 288/5/1
f 292/5/1 286/5/1 291/5/1
f 296/7/1 290/7/1 289/7/1
f 297/7/1 290/7/1 296/7/1
f 300/10/1 295/10/1 294/10/1
f 300/10/1 294/10/1 293/10/1
f 301/10/1 295/10/1 300/10/1
f 302/10/1 295/10/1 301/10/1
f 303/1/1 299/1/1 298/1/1
f 304/1/1 299/1/1 303/1/1
f 307/1/1 305/1/1 304/1/1
f 308/1/1 307/1/1 306/1/1
f 309/1/1 305/1/1 307/1/1
f 309/1/1 307/1/1 308/1/1
f 314/2/1 311/2/1 310/2/1
f 315/2/1 311/2/1 314/2/1
f 316/10/1 313/10/1 312/10/1
f 317/10/1 313/10/1 316/10/1
f 318/8/1 315/8/1 314/8/1
f 319/2/1 311/2/1 315/2/1
f 319/8/1 315/8/1 318/8/1
f 320/2/1 311/2/1 319/2/1
f 321/2/1 320/2/1 319/2/1
f 322/2/1 320/2/1 321/2/1
f 325/10/1 324/10/1 323/10/1
f 326/10/1 324/10/1 325/10/1
f 330/5/1 328/5/1 327/5/1
f 331/5/1 328/5/1 330/5/1
f 332/9/1 330/9/1 329/9/1
f 333/9/1 330/9/1 332/9/1
f 337/10/1 335/10/1 334/10/1
f 338/9/1 336/9/1 335/9/1
f 338/10/1 335/10/1 337/10/1
f 339/9/1 336/9/1 338/9/1
f 342/9/1 341/9/1 340/9/1
f 343/9/1 341/9/1 342/9/1
f 346/9/1 345/9/1 344/9/1
f 347/9/1 345/9/1 346/9/1
f 355/9/1 349/9/1 348/9/1
f 356/9/1 349/9/1 355/9/1
f 357/5/1 351/5/1 350/5/1
f 358/5/1 351/5/1 357/5/1
f 359/9/1 353/9/1 352/9/1
f 360/8/1 354/8/1 353/8/1
f 360/9/1 353/9/1 359/9/1
f 361/8/1 354/8/1 360/8/1
f 366/2/1 363/2/1 362/2/1
f 367/2/1 363/2/1 366/2/1
f 368/2/1 363/2/1 367/2/1
f 369/9/1 365/9/1 364/9/1
f 370/9/1 365/9/1 369/9/1
f 371/2/1 368/2/1 367/2/1
f 372/2/1 368/2/1 371/2/1
f 375/8/1 374/8/1 373/8/1
f 377/8/1 375/8/1 373/8/1
f 377/8/1 376/8/1 375/8/1
f 378/8/1 376/8/1 377/8/1
f 381/9/1 380/9/1 379/9/1
f 382/9/1 380/9/1 381/9/1
f 385/5/1 384/5/1 383/5/1
f 387/5/1 384/5/1 385/5/1
f 388/5/1 384/5/1 387/5/1
f 389/5/1 387/5/1 386/5/1
f 390/5/1 387/5/1 389/5/1
f 393/9/1 392/9/1 391/9/1
f 394/9/1 392/9/1 393/9/1
f 397/9/1 396/9/1 395/9/1
f 398/9/1 396/9/1 397/9/1
f 399/9/1 396/9/1 398/9/1
f 401/9/1 400/9/1 399/9/1
f 401/9/1 399/9/1 398/9/1
f 402/9/1 400/9/1 401/9/1
f 403/9/1 400/9/1 402/9/1
f 404/9/1 400/9/1 403/9/1
f 407/3/1 406/3/1 405/3/1
f 409/3/1 408/3/1 407/3/1
f 411/3/1 407/3/1 405/3/1
f 411/3/1 409/3/1 407/3/1
f 412/3/1 409/3/1 411/3/1
f 413/9/1 410/9/1 409/9/1
f 413/3/1 409/3/1 412/3/1
f 414/9/1 410/9/1 413/9/1
f 419/5/1 416/5/1 415/5/1
f 420/5/1 416/5/1 419/5/1
f 427/9/1 418/9/1 417/9/1
f 428/9/1 418/9/1 427/9/1
f 430/9/1 421/9/1 420/9/1
f 431/9/1 421/9/1 430/9/1
f 432/8/1 423/8/1 422/8/1
f 433/2/1 424/2/1 423/2/1
f 433/8/1 423/8/1 432/8/1
f 434/2/1 424/2/1 433/2/1
f 435/2/1 426/2/1 425/2/1
f 436/2/1 426/2/1 435/2/1
f 439/10/1 429/10/1 428/10/1
f 440/10/1 429/10/1 439/10/1
f 441/2/1 435/2/1 425/2/1
f 442/2/1 435/2/1 441/2/1
f 443/2/1 435/2/1 442/2/1
f 444/10/1 438/10/1 437/10/1
f 445/10/1 438/10/1 444/10/1
f 448/1/1 447/1/1 446/1/1
f 449/1/1 447/1/1 448/1/1
f 452/8/1 451/8/1 450/8/1
f 454/8/1 452/8/1 450/8/1
f 454/8/1 453/8/1 452/8/1
f 455/8/1 453/8/1 454/8/1
f 458/10/1 457/10/1 456/10/1
f 459/10/1 457/10/1 458/10/1
f 463/5/1 461/5/1 460/5/1
f 464/5/1 461/5/1 463/5/1
f 465/5/1 463/5/1 462/5/1
f 466/5/1 463/5/1 465/5/1
f 469/9/1 468/9/1 467/9/1
f 470/9/1 468/9/1 469/9/1
f 473/10/1 472/10/1 471/10/1
f 474/10/1 472/10/1 473/10/1
f 477/9/1 476/9/1 475/9/1
f 478/9/1 476/9/1 477/9/1
f 484/2/1 480/2/1 479/2/1
f 485/2/1 480/2/1 484/2/1
f 487/2/1 482/2/1 481/2/1
f 488/1/1 483/1/1 482/1/1
f 488/2/1 482/2/1 487/2/1
f 489/1/1 483/1/1 488/1/1
f 490/2/1 487/2/1 486/2/1
f 491/2/1 487/2/1 490/2/1
f 492/2/1 487/2/1 491/2/1
f 495/3/1 494/3/1 493/3/1
f 496/3/1 494/3/1 495/3/1
f 497/10/1 496/10/1 495/10/1
f 498/10/1 496/10/1 497/10/1
f 501/10/1 500/10/1 499/10/1
f 502/10/1 500/10/1 501/10/1
f 505/9/1 504/9/1 503/9/1
f 507/9/1 505/9/1 503/9/1
f 508/9/1 507/9/1 506/9/1
f 509/9/1 505/9/1 507/9/1
f 509/9/1 507/9/1 508/9/1
f 510/9/1 505/9/1 509/9/1
f 511/9/1 509/9/1 508/9/1
f 512/9/1 509/9/1 511/9/1
f 517/10/1 514/10/1 513/10/1
f 518/10/1 514/10/1 517/10/1
f 519/5/1 516/5/1 515/5/1
f 520/5/1 516/5/1 519/5/1
f 523/10/1 522/10/1 521/10/1
f 525/10/1 523/10/1 521/10/1
f 525/10/1 524/10/1 523/10/1
f 526/10/1 524/10/1 525/10/1
f 527/10/1 525/10/1 521/10/1
f 529/10/1 527/10/1 521/10/1
f 530/6/1 528/6/1 527/6/1
f 530/10/1 527/10/1 529/10/1
f 531/6/1 528/6/1 530/6/1
f 532/6/1 528/6/1 531/6/1
f 534/6/1 531/6/1 530/6/1
f 535/6/1 531/6/1 534/6/1
f 536/10/1 534/10/1 533/10/1
f 537/10/1 534/10/1 536/10/1
f 540/1/1 539/1/1 538/1/1
f 541/1/1 539/1/1 540/1/1
f 544/3/1 543/3/1 542/3/1
f 545/3/1 543/3/1 544/3/1
f 548/5/1 547/5/1 546/5/1
f 549/5/1 547/5/1 548/5/1
f 554/1/1 551/1/1 550/1/1
f 555/1/1 551/1/1 554/1/1
f 556/10/1 553/10/1 552/10/1
f 557/10/1 553/10/1 556/10/1
f 562/9/1 559/9/1 558/9/1
f 563/9/1 559/9/1 562/9/1
f 564/9/1 561/9/1 560/9/1
f 565/9/1 561/9/1 564/9/1
f 568/9/1 567/9/1 566/9/1
f 569/9/1 567/9/1 568/9/1
f 572/10/1 571/10/1 570/10/1
f 573/10/1 571/10/1 572/10/1
f 576/6/1 574/6/1 573/6/1
f 577/10/1 576/10/1 575/10/1
f 578/6/1 574/6/1 576/6/1
f 578/10/1 576/10/1 577/10/1
f 579/6/1 574/6/1 578/6/1
f 582/10/1 581/10/1 580/10/1
f 583/10/1 581/10/1 582/10/1
f 585/9/1 584/9/1 583/9/1
f 586/9/1 584/9/1 585/9/1
f 589/1/1 588/1/1 587/1/1
f 590/1/1 588/1/1 589/1/1
f 594/1/1 591/1/1 590/1/1
f 595/1/1 591/1/1 594/1/1
f 598/2/1 593/2/1 592/2/1
f 599/1/1 594/1/1 593/1/1
f 599/2/1 593/2/1 598/2/1
f 600/1/1 594/1/1 599/1/1
f 601/6/1 597/6/1 596/6/1
f 602/6/1 597/6/1 601/6/1
f 607/7/1 604/7/1 603/7/1
f 608/7/1 604/7/1 607/7/1
f 610/3/1 606/3/1 605/3/1
f 611/3/1 606/3/1 610/3/1
f 612/10/1 610/10/1 609/10/1
f 613/10/1 610/10/1 612/10/1
f 616/9/1 615/9/1 614/9/1
f 617/9/1 615/9/1 616/9/1
f 620/10/1 619/10/1 618/10/1
f 621/10/1 619/10/1 620/10/1
f 628/6/1 623/6/1 622/6/1
f 629/9/1 624/9/1 623/9/1
f 629/6/1 623/6/1 628/6/1
f 630/9/1 624/9/1 629/9/1
f 631/9/1 624/9/1 630/9/1
f 632/8/1 625/8/1 624/8/1
f 632/9/1 624/9/1 631/9/1
f 633/8/1 625/8/1 632/8/1
f 635/8/1 627/8/1 626/8/1
f 636/8/1 627/8/1 635/8/1
f 637/9/1 631/9/1 630/9/1
f 637/6/1 630/6/1 629/6/1
f 638/8/1 634/8/1 633/8/1
f 638/9/1 631/9/1 637/9/1
f 638/8/1 633/8/1 632/8/1
f 638/8/1 632/8/1 631/8/1
f 639/8/1 634/8/1 638/8/1
f 640/6/1 637/6/1 629/6/1
f 641/6/1 637/6/1 640/6/1
f 645/2/1 643/2/1 642/2/1
f 646/2/1 643/2/1 645/2/1
f 648/2/1 645/2/1 644/2/1
f 649/2/1 645/2/1 648/2/1
f 652/2/1 650/2/1 649/2/1
f 652/2/1 651/2/1 650/2/1
f 652/2/1 649/2/1 648/2/1
f 652/2/1 648/2/1 647/2/1
f 653/2/1 651/2/1 652/2/1
f 656/6/1 655/6/1 654/6/1
f 657/6/1 655/6/1 656/6/1
f 662/9/1 659/9/1 658/9/1
f 663/9/1 659/9/1 662/9/1
f 666/10/1 661/10/1 660/10/1
f 667/10/1 661/10/1 666/10/1
f 668/9/1 665/9/1 664/9/1
f 669/9/1 665/9/1 668/9/1
f 673/10/1 671/10/1 670/10/1
f 674/10/1 671/10/1 673/10/1
f 674/10/1 673/10/1 672/10/1
f 675/10/1 671/10/1 674/10/1
f 676/10/1 674/10/1 672/10/1
f 677/10/1 674/10/1 676/10/1
f 680/10/1 679/10/1 678/10/1
f 681/10/1 679/10/1 680/10/1
f 684/9/1 683/9/1 682/9/1
f 685/9/1 683/9/1 684/9/1
f 688/10/1 687/10/1 686/10/1
f 689/10/1 687/10/1 688/10/1
f 694/8/1 691/8/1 690/8/1
f 695/8/1 691/8/1 694/8/1
f 696/8/1 691/8/1 695/8/1
f 697/8/1 693/8/1 692/8/1
f 698/8/1 693/8/1 697/8/1
f 702/8/1 696/8/1 695/8/1
f 703/8/1 696/8/1 702/8/1
f 704/9/1 701/9/1 700/9/1
f 704/9/1 700/9/1 699/9/1
f 705/8/1 702/8/1 701/8/1
f 705/9/1 701/9/1 704/9/1
f 706/8/1 702/8/1 705/8/1
f 710/2/1 708/2/1 707/2/1
f 711/2/1 708/2/1 710/2/1
f 712/2/1 710/2/1 709/2/1
f 713/2/1 710/2/1 712/2/1
f 718/6/1 714/6/1 713/6/1
f 718/6/1 713/6/1 712/6/1
f 719/2/1 715/2/1 714/2/1
f 719/6/1 714/6/1 718/6/1
f 720/2/1 715/2/1 719/2/1
f 723/8/1 717/8/1 716/8/1
f 724/8/1 717/8/1 723/8/1
f 725/8/1 719/8/1 718/8/1
f 726/8/1 719/8/1 725/8/1
f 727/10/1 722/10/1 721/10/1
f 728/10/1 722/10/1 727/10/1
f 729/6/1 724/6/1 723/6/1
f 730/6/1 724/6/1 729/6/1
f 735/9/1 731/9/1 730/9/1
f 736/9/1 731/9/1 735/9/1
f 739/9/1 733/9/1 732/9/1
f 740/9/1 733/9/1 739/9/1
f 741/8/1 734/8/1 733/8/1
f 741/9/1 733/9/1 740/9/1
f 744/9/1 740/9/1 739/9/1
f 744/9/1 738/9/1 737/9/1
f 744/9/1 739/9/1 738/9/1
f 745/9/1 740/9/1 744/9/1
f 746/8/1 734/8/1 741/8/1
f 747/8/1 734/8/1 746/8/1
f 748/8/1 734/8/1 747/8/1
f 749/10/1 743/10/1 742/10/1
f 750/10/1 743/10/1 749/10/1
f 753/8/1 752/8/1 751/8/1
f 754/8/1 752/8/1 753/8/1
f 755/9/1 754/9/1 753/9/1
f 756/8/1 752/8/1 754/8/1
f 756/9/1 754/9/1 755/9/1
f 757/8/1 752/8/1 756/8/1
f 761/8/1 759/8/1 758/8/1
f 762/8/1 759/8/1 761/8/1
f 763/8/1 761/8/1 760/8/1
f 764/8/1 761/8/1 763/8/1
f 768/6/1 766/6/1 765/6/1
f 769/6/1 766/6/1 768/6/1
f 773/6/1 768/6/1 767/6/1
f 773/6/1 769/6/1 768/6/1
f 774/6/1 769/6/1 773/6/1
f 775/6/1 769/6/1 774/6/1
f 778/10/1 771/10/1 770/10/1
f 779/10/1 771/10/1 778/10/1
f 780/6/1 773/6/1 772/6/1
f 780/6/1 774/6/1 773/6/1
f 781/8/1 775/8/1 774/8/1
f 781/6/1 774/6/1 780/6/1
f 782/8/1 775/8/1 781/8/1
f 785/10/1 777/10/1 776/10/1
f 786/10/1 777/10/1 785/10/1
f 787/8/1 781/8/1 780/8/1
f 788/8/1 781/8/1 787/8/1
f 789/10/1 784/10/1 783/10/1
f 790/10/1 784/10/1 789/10/1
f 794/10/1 792/10/1 791/10/1
f 796/7/1 794/7/1 793/7/1
f 797/10/1 792/10/1 794/10/1
f 797/7/1 794/7/1 796/7/1
f 798/10/1 792/10/1 797/10/1
f 800/10/1 796/10/1 795/10/1
f 801/10/1 796/10/1 800/10/1
f 802/10/1 800/10/1 799/10/1
f 803/10/1 800/10/1 802/10/1
f 807/8/1 805/8/1 804/8/1
f 808/8/1 805/8/1 807/8/1
f 809/8/1 807/8/1 806/8/1
f 810/8/1 807/8/1 809/8/1
f 813/10/1 812/10/1 811/10/1
f 814/10/1 812/10/1 813/10/1
f 818/11/1 815/11/1 814/11/1
f 819/11/1 815/11/1 818/11/1
f 828/10/1 817/10/1 816/10/1
f 829/10/1 817/10/1 828/10/1
f 830/6/1 818/6/1 817/6/1
f 830/10/1 817/10/1 829/10/1
f 831/6/1 818/6/1 830/6/1
f 832/11/1 820/11/1 819/11/1
f 833/11/1 820/11/1 832/11/1
f 834/6/1 822/6/1 821/6/1
f 835/9/1 823/9/1 822/9/1
f 835/6/1 822/6/1 834/6/1
f 836/9/1 823/9/1 835/9/1
f 837/6/1 825/6/1 824/6/1
f 838/6/1 825/6/1 837/6/1
f 840/8/1 827/8/1 826/8/1
f 843/8/1 840/8/1 839/8/1
f 844/8/1 827/8/1 840/8/1
f 844/8/1 840/8/1 843/8/1
f 847/10/1 842/10/1 841/10/1
f 848/10/1 842/10/1 847/10/1
f 849/7/1 846/7/1 845/7/1
f 850/7/1 846/7/1 849/7/1
f 853/7/1 852/7/1 851/7/1
f 854/7/1 852/7/1 853/7/1
f 857/8/1 856/8/1 855/8/1
f 858/8/1 856/8/1 857/8/1
f 862/8/1 860/8/1 859/8/1
f 863/2/1 861/2/1 860/2/1
f 863/8/1 860/8/1 862/8/1
f 865/2/1 861/2/1 863/2/1
f 866/2/1 861/2/1 865/2/1
f 867/2/1 865/2/1 864/2/1
f 868/2/1 865/2/1 867/2/1
f 871/10/1 870/10/1 869/10/1
f 873/10/1 871/10/1 869/10/1
f 873/10/1 872/10/1 871/10/1
f 874/10/1 872/10/1 873/10/1
f 875/10/1 872/10/1 874/10/1
f 876/10/1 872/10/1 875/10/1
f 879/11/1 878/11/1 877/11/1
f 880/11/1 878/11/1 879/11/1
f 883/11/1 882/11/1 881/11/1
f 884/11/1 882/11/1 883/11/1
f 889/10/1 886/10/1 885/10/1
f 890/10/1 886/10/1 889/10/1
f 891/11/1 888/11/1 887/11/1
f 892/11/1 888/11/1 891/11/1
f 895/7/1 894/7/1 893/7/1
f 896/7/1 894/7/1 895/7/1
f 899/8/1 898/8/1 897/8/1
f 900/8/1 898/8/1 899/8/1
f 904/1/1 902/1/1 901/1/1
f 905/1/1 904/1/1 903/1/1
f 906/1/1 902/1/1 904/1/1
f 906/1/1 904/1/1 905/1/1
f 909/9/1 908/9/1 907/9/1
f 910/9/1 908/9/1 909/9/1
f 911/3/1 910/3/1 909/3/1
f 913/3/1 911/3/1 909/3/1
f 913/3/1 912/3/1 911/3/1
f 914/3/1 912/3/1 913/3/1
f 915/3/1 912/3/1 914/3/1
f 917/3/1 916/3/1 915/3/1
f 917/3/1 915/3/1 914/3/1
f 918/3/1 916/3/1 917/3/1
f 921/1/1 920/1/1 919/1/1
f 922/1/1 920/1/1 921/1/1
f 925/1/1 920/1/1 922/1/1
f 926/1/1 920/1/1 925/1/1
f 927/10/1 924/10/1 923/10/1
f 928/10/1 924/10/1 927/10/1
f 931/2/1 930/2/1 929/2/1
f 932/2/1 930/2/1 931/2/1
f 935/1/1 934/1/1 933/1/1
f 936/1/1 934/1/1 935/1/1
f 939/10/1 938/10/1 937/10/1
f 940/10/1 938/10/1 939/10/1
f 943/10/1 942/10/1 941/10/1
f 944/10/1 942/10/1 943/10/1
f 949/11/1 946/11/1 945/11/1
f 950/11/1 946/11/1 949/11/1
f 953/3/1 948/3/1 947/3/1
f 954/3/1 948/3/1 953/3/1
f 955/9/1 952/9/1 951/9/1
f 956/9/1 952/9/1 955/9/1
f 960/1/1 958/1/1 957/1/1
f 961/1/1 958/1/1 960/1/1
f 962/1/1 960/1/1 959/1/1
f 963/1/1 960/1/1 962/1/1
f 969/1/1 965/1/1 964/1/1
f 969/1/1 966/1/1 965/1/1
f 970/10/1 968/10/1 967/10/1
f 971/10/1 968/10/1 970/10/1
f 973/1/1 966/1/1 969/1/1
f 974/1/1 966/1/1 973/1/1
f 975/9/1 972/9/1 971/9/1
f 976/9/1 972/9/1 975/9/1
f 979/3/1 978/3/1 977/3/1
f 980/3/1 978/3/1 979/3/1
f 983/3/1 982/3/1 981/3/1
f 984/3/1 982/3/1 983/3/1
f 986/7/1 985/7/1 984/7/1
f 987/7/1 985/7/1 986/7/1
f 992/2/1 989/2/1 988/2/1
f 993/2/1 989/2/1 992/2/1
f 994/10/1 991/10/1 990/10/1
f 995/10/1 991/10/1 994/10/1
f 998/2/1 997/2/1 996/2/1
f 999/2/1 997/2/1 998/2/1
f 1000/2/1 997/2/1 999/2/1
f 1001/2/1 997/2/1 1000/2/1
f 1004/1/1 1003/1/1 1002/1/1
f 1005/1/1 1003/1/1 1004/1/1
f 1009/2/1 1007/2/1 1006/2/1
f 1009/1/1 1008/1/1 1007/1/1
f 1010/1/1 1008/1/1 1009/1/1
f 1011/2/1 1009/2/1 1006/2/1
f 1012/2/1 1009/2/1 1011/2/1
f 1015/3/1 1014/3/1 1013/3/1
f 1016/3/1 1014/3/1 1015/3/1
f 1020/7/1 1018/7/1 1017/7/1
f 1021/9/1 1019/9/1 1018/9/1
f 1021/7/1 1018/7/1 1020/7/1
f 1022/9/1 1019/9/1 1021/9/1
f 1027/7/1 1021/7/1 1020/7/1
f 1028/7/1 1021/7/1 1027/7/1
f 1034/1/1 1024/1/1 1023/1/1
f 1035/1/1 1024/1/1 1034/1/1
f 1037/7/1 1026/7/1 1025/7/1
f 1042/8/1 1030/8/1 1029/8/1
f 1043/8/1 1030/8/1 1042/8/1
f 1044/8/1 1032/8/1 1031/8/1
f 1045/2/1 1033/2/1 1032/2/1
f 1045/8/1 1032/8/1 1044/8/1
f 1046/2/1 1033/2/1 1045/2/1
f 1047/2/1 1033/2/1 1046/2/1
f 1048/2/1 1036/2/1 1035/2/1
f 1048/2/1 1035/2/1 1034/2/1
f 1049/2/1 1036/2/1 1048/2/1
f 1050/2/1 1036/2/1 1049/2/1
f 1052/7/1 1037/7/1 1025/7/1
f 1053/7/1 1037/7/1 1052/7/1
f 1054/8/1 1039/8/1 1038/8/1
f 1055/8/1 1039/8/1 1054/8/1
f 1056/10/1 1041/10/1 1040/10/1
f 1057/10/1 1041/10/1 1056/10/1
f 1058/2/1 1047/2/1 1046/2/1
f 1058/2/1 1049/2/1 1048/2/1
f 1058/2/1 1048/2/1 1047/2/1
f 1059/2/1 1049/2/1 1058/2/1
f 1060/3/1 1052/3/1 1051/3/1
f 1063/3/1 1052/3/1 1060/3/1
f 1064/3/1 1052/3/1 1063/3/1
f 1067/8/1 1066/8/1 1065/8/1
f 1068/8/1 1066/8/1 1067/8/1
f 1072/2/1 1068/2/1 1067/2/1
f 1072/2/1 1069/2/1 1068/2/1
f 1073/2/1 1069/2/1 1072/2/1
f 1074/1/1 1071/1/1 1070/1/1
f 1075/1/1 1071/1/1 1074/1/1
f 1076/10/1 1062/10/1 1061/10/1
f 1077/10/1 1062/10/1 1076/10/1
f 1081/1/1 1079/1/1 1078/1/1
f 1082/1/1 1079/1/1 1081/1/1
f 1083/1/1 1081/1/1 1080/1/1
f 1084/1/1 1081/1/1 1083/1/1
f 1087/1/1 1086/1/1 1085/1/1
f 1088/1/1 1086/1/1 1087/1/1
f 1091/9/1 1090/9/1 1089/9/1
f 1092/9/1 1090/9/1 1091/9/1
f 1094/9/1 1093/9/1 1092/9/1
f 1095/9/1 1093/9/1 1094/9/1
f 1098/3/1 1097/3/1 1096/3/1
f 1099/3/1 1097/3/1 1098/3/1
f 1101/3/1 1100/3/1 1099/3/1
f 1102/3/1 1100/3/1 1101/3/1
f 1107/7/1 1104/7/1 1103/7/1
f 1108/7/1 1104/7/1 1107/7/1
f 1113/3/1 1106/3/1 1105/3/1
f 1114/3/1 1106/3/1 1113/3/1
f 1116/9/1 1110/9/1 1109/9/1
f 1117/9/1 1110/9/1 1116/9/1
f 1122/11/1 1112/11/1 1111/11/1
f 1123/11/1 1112/11/1 1122/11/1
f 1124/7/1 1115/7/1 1114/7/1
f 1127/1/1 1119/1/1 1118/1/1
f 1128/1/1 1119/1/1 1127/1/1
f 1129/1/1 1121/1/1 1120/1/1
f 1130/1/1 1121/1/1 1129/1/1
f 1135/8/1 1126/8/1 1125/8/1
f 1136/8/1 1126/8/1 1135/8/1
f 1137/8/1 1126/8/1 1136/8/1
f 1139/2/1 1131/2/1 1130/2/1
f 1140/2/1 1131/2/1 1139/2/1
f 1146/7/1 1124/7/1 1114/7/1
f 1147/7/1 1124/7/1 1146/7/1
f 1148/3/1 1133/3/1 1132/3/1
f 1149/8/1 1134/8/1 1133/8/1
f 1149/3/1 1133/3/1 1148/3/1
f 1150/8/1 1134/8/1 1149/8/1
f 1151/8/1 1137/8/1 1136/8/1
f 1152/8/1 1137/8/1 1151/8/1
f 1153/8/1 1137/8/1 1152/8/1
f 1155/2/1 1139/2/1 1138/2/1
f 1156/2/1 1139/2/1 1155/2/1
f 1157/10/1 1142/10/1 1141/10/1
f 1158/10/1 1142/10/1 1157/10/1
f 1159/10/1 1144/10/1 1143/10/1
f 1160/10/1 1144/10/1 1159/10/1
f 1161/3/1 1146/3/1 1145/3/1
f 1162/3/1 1148/3/1 1147/3/1
f 1162/3/1 1149/3/1 1148/3/1
f 1163/3/1 1149/3/1 1162/3/1
f 1164/8/1 1154/8/1 1153/8/1
f 1164/8/1 1153/8/1 1152/8/1
f 1166/10/1 1159/10/1 1158/10/1
f 1167/10/1 1159/10/1 1166/10/1
f 1168/3/1 1161/3/1 1145/3/1
f 1168/3/1 1162/3/1 1161/3/1
f 1169/3/1 1162/3/1 1168/3/1
f 1170/8/1 1165/8/1 1164/8/1
f 1170/8/1 1164/8/1 1152/8/1
f 1171/8/1 1165/8/1 1170/8/1
f 1172/8/1 1165/8/1 1171/8/1
f 1175/1/1 1174/1/1 1173/1/1
f 1176/1/1 1174/1/1 1175/1/1
f 1179/6/1 1178/6/1 1177/6/1
f 1180/6/1 1178/6/1 1179/6/1
f 1181/6/1 1178/6/1 1180/6/1
f 1183/9/1 1182/9/1 1181/9/1
f 1184/9/1 1182/9/1 1183/9/1
f 1187/3/1 1186/3/1 1185/3/1
f 1188/3/1 1186/3/1 1187/3/1
f 1192/9/1 1189/9/1 1188/9/1
f 1193/9/1 1189/9/1 1192/9/1
f 1196/3/1 1191/3/1 1190/3/1
f 1197/3/1 1191/3/1 1196/3/1
f 1202/10/1 1195/10/1 1194/10/1
f 1203/10/1 1195/10/1 1202/10/1
f 1204/6/1 1199/6/1 1198/6/1
f 1205/6/1 1199/6/1 1204/6/1
f 1206/1/1 1201/1/1 1200/1/1
f 1207/1/1 1201/1/1 1206/1/1
f 1211/1/1 1208/1/1 1207/1/1
f 1212/1/1 1208/1/1 1211/1/1
f 1215/8/1 1210/8/1 1209/8/1
f 1216/8/1 1210/8/1 1215/8/1
f 1219/3/1 1214/3/1 1213/3/1
f 1220/3/1 1214/3/1 1219/3/1
f 1222/7/1 1218/7/1 1217/7/1
f 1223/3/1 1221/3/1 1220/3/1
f 1224/3/1 1221/3/1 1223/3/1
f 1226/7/1 1222/7/1 1217/7/1
f 1227/10/1 1226/10/1 1225/10/1
f 1228/7/1 1222/7/1 1226/7/1
f 1228/10/1 1226/10/1 1227/10/1
f 1229/7/1 1228/7/1 1227/7/1
f 1230/7/1 1222/7/1 1228/7/1
f 1230/7/1 1228/7/1 1229/7/1
f 1237/9/1 1232/9/1 1231/9/1
f 1238/10/1 1233/10/1 1232/10/1
f 1238/9/1 1232/9/1 1237/9/1
f 1239/10/1 1233/10/1 1238/10/1
f 1240/10/1 1235/10/1 1234/10/1
f 1241/10/1 1235/10/1 1240/10/1
f 1242/7/1 1237/7/1 1236/7/1
f 1243/9/1 1238/9/1 1237/9/1
f 1243/7/1 1237/7/1 1242/7/1
f 1244/9/1 1238/9/1 1243/9/1
f 1245/10/1 1244/10/1 1243/10/1
f 1246/10/1 1244/10/1 1245/10/1
f 1249/10/1 1248/10/1 1247/10/1
f 1250/10/1 1248/10/1 1249/10/1
f 1253/9/1 1252/9/1 1251/9/1
f 1254/9/1 1252/9/1 1253/9/1
f 1258/11/1 1256/11/1 1255/11/1
f 1259/11/1 1256/11/1 1258/11/1
f 1260/11/1 1258/11/1 1257/11/1
f 1261/11/1 1258/11/1 1260/11/1
f 1262/11/1 1256/11/1 1259/11/1
f 1263/11/1 1256/11/1 1262/11/1
f 1266/10/1 1265/10/1 1264/10/1
f 1267/10/1 1265/10/1 1266/10/1
f 1272/10/1 1269/10/1 1268/10/1
f 1273/10/1 1269/10/1 1272/10/1
f 1274/11/1 1271/11/1 1270/11/1
f 1275/11/1 1271/11/1 1274/11/1
f 1280/10/1 1277/10/1 1276/10/1
f 1281/10/1 1277/10/1 1280/10/1
f 1284/11/1 1279/11/1 1278/11/1
f 1285/11/1 1279/11/1 1284/11/1
f 1286/10/1 1283/10/1 1282/10/1
f 1287/10/1 1283/10/1 1286/10/1
f 1290/10/1 1289/10/1 1288/10/1
f 1291/10/1 1289/10/1 1290/10/1
f 1295/1/1 1293/1/1 1292/1/1
f 1296/1/1 1293/1/1 1295/1/1
f 1297/1/1 1293/1/1 1296/1/1
f 1298/2/1 1295/2/1 1294/2/1
f 1298/2/1 1296/2/1 1295/2/1
f 1299/2/1 1296/2/1 1298/2/1
f 1302/10/1 1301/10/1 1300/10/1
f 1303/10/1 1301/10/1 1302/10/1
f 1308/6/1 1305/6/1 1304/6/1
f 1309/6/1 1305/6/1 1308/6/1
f 1313/1/1 1307/1/1 1306/1/1
f 1314/1/1 1307/1/1 1313/1/1
f 1317/2/1 1311/2/1 1310/2/1
f 1318/2/1 1311/2/1 1317/2/1
f 1320/2/1 1313/2/1 1312/2/1
f 1321/2/1 1313/2/1 1320/2/1
f 1322/10/1 1316/10/1 1315/10/1
f 1323/10/1 1316/10/1 1322/10/1
f 1324/2/1 1319/2/1 1318/2/1
f 1325/2/1 1319/2/1 1324/2/1
f 1328/10/1 1327/10/1 1326/10/1
f 1329/10/1 1327/10/1 1328/10/1
f 1332/9/1 1331/9/1 1330/9/1
f 1333/9/1 1331/9/1 1332/9/1
f 1334/9/1 1331/9/1 1333/9/1
f 1341/8/1 1334/8/1 1333/8/1
f 1342/8/1 1334/8/1 1341/8/1
f 1343/8/1 1336/8/1 1335/8/1
f 1344/2/1 1337/2/1 1336/2/1
f 1344/8/1 1336/8/1 1343/8/1
f 1345/2/1 1337/2/1 1344/2/1
f 1350/2/1 1339/2/1 1338/2/1
f 1351/1/1 1340/1/1 1339/1/1
f 1351/2/1 1339/2/1 1350/2/1
f 1352/1/1 1340/1/1 1351/1/1
f 1353/2/1 1347/2/1 1346/2/1
f 1354/2/1 1347/2/1 1353/2/1
f 1355/2/1 1349/2/1 1348/2/1
f 1356/2/1 1349/2/1 1355/2/1
f 1361/10/1 1358/10/1 1357/10/1
f 1362/10/1 1358/10/1 1361/10/1
f 1363/6/1 1360/6/1 1359/6/1
f 1364/6/1 1360/6/1 1363/6/1
f 1365/6/1 1360/6/1 1364/6/1
f 1368/8/1 1364/8/1 1363/8/1
f 1369/8/1 1364/8/1 1368/8/1
f 1371/10/1 1367/10/1 1366/10/1
f 1372/10/1 1367/10/1 1371/10/1
f 1373/10/1 1371/10/1 1370/10/1
f 1374/10/1 1371/10/1 1373/10/1
f 1377/10/1 1376/10/1 1375/10/1
f 1378/10/1 1376/10/1 1377/10/1
f 1379/2/2 1380/2/2 1381/2/2
f 1381/2/2 1380/2/2 1382/2/2
f 1382/2/2 1383/2/2 1386/2/2
f 1383/1/2 1384/1/2 1387/1/2
f 1386/2/2 1383/2/2 1387/2/2
f 1387/1/2 1384/1/2 1388/1/2
f 1385/2/2 1386/2/2 1389/2/2
f 1389/2/2 1386/2/2 1390/2/2
f 1391/1/2 1392/1/2 1393/1/2
f 1393/1/2 1392/1/2 1394/1/2
f 1394/1/2 1392/1/2 1397/1/2
f 1397/1/2 1392/1/2 1398/1/2
f 1395/2/2 1396/2/2 1399/2/2
f 1399/2/2 1396/2/2 1400/2/2
f 1400/2/2 1396/2/2 1401/2/2
f 1399/8/2 1400/8/2 1402/8/2
f 1402/8/2 1400/8/2 1403/8/2
f 1404/1/2 1405/1/2 1406/1/2
f 1406/1/2 1405/1/2 1407/1/2
f 1408/8/2 1409/8/2 1410/8/2
f 1410/8/2 1409/8/2 1411/8/2
f 1412/8/2 1413/8/2 1414/8/2
f 1414/8/2 1413/8/2 1415/8/2
f 1416/10/2 1417/10/2 1418/10/2
f 1418/10/2 1417/10/2 1419/10/2
f 1419/10/2 1417/10/2 1420/10/2
f 1421/5/2 1422/5/2 1423/5/2
f 1423/5/2 1422/5/2 1424/5/2
f 1425/10/2 1426/10/2 1429/10/2
f 1429/10/2 1426/10/2 1430/10/2
f 1427/10/2 1428/10/2 1431/10/2
f 1428/10/2 1429/10/2 1431/10/2
f 1431/10/2 1429/10/2 1432/10/2
f 1432/10/2 1429/10/2 1433/10/2
f 1431/10/2 1432/10/2 1434/10/2
f 1434/10/2 1432/10/2 1435/10/2
f 1436/10/2 1437/10/2 1438/10/2
f 1438/10/2 1437/10/2 1439/10/2
f 1440/8/2 1441/8/2 1442/8/2
f 1442/8/2 1441/8/2 1443/8/2
f 1443/8/2 1441/8/2 1444/8/2
f 1445/10/2 1446/10/2 1449/10/2
f 1449/10/2 1446/10/2 1450/10/2
f 1447/5/2 1448/5/2 1451/5/2
f 1451/5/2 1448/5/2 1452/5/2
f 1453/1/2 1454/1/2 1458/1/2
f 1458/1/2 1454/1/2 1459/1/2
f 1456/10/2 1457/10/2 1462/10/2
f 1455/10/2 1456/10/2 1462/10/2
f 1462/10/2 1457/10/2 1463/10/2
f 1460/6/2 1461/6/2 1464/6/2
f 1464/6/2 1461/6/2 1465/6/2
f 1466/1/2 1467/1/2 1468/1/2
f 1468/1/2 1467/1/2 1469/1/2
f 1470/8/2 1471/8/2 1472/8/2
f 1472/8/2 1471/8/2 1473/8/2
f 1474/6/2 1475/6/2 1476/6/2
f 1476/6/2 1475/6/2 1477/6/2
f 1478/6/2 1479/6/2 1482/6/2
f 1482/6/2 1479/6/2 1483/6/2
f 1480/9/2 1481/9/2 1486/9/2
f 1484/5/2 1485/5/2 1489/5/2
f 1489/5/2 1485/5/2 1490/5/2
f 1480/9/2 1486/9/2 1491/9/2
f 1491/9/2 1486/9/2 1492/9/2
f 1487/6/2 1488/6/2 1493/6/2
f 1493/6/2 1488/6/2 1494/6/2
f 1490/9/2 1491/9/2 1498/9/2
f 1498/9/2 1491/9/2 1499/9/2
f 1495/2/2 1496/2/2 1500/2/2
f 1500/2/2 1496/2/2 1501/2/2
f 1496/1/2 1497/1/2 1502/1/2
f 1501/2/2 1496/2/2 1502/2/2
f 1502/1/2 1497/1/2 1503/1/2
f 1500/2/2 1501/2/2 1506/2/2
f 1506/2/2 1501/2/2 1507/2/2
f 1504/6/2 1505/6/2 1508/6/2
f 1508/6/2 1505/6/2 1509/6/2
f 1510/1/2 1511/1/2 1512/1/2
f 1512/1/2 1511/1/2 1513/1/2
f 1513/1/2 1511/1/2 1514/1/2
f 1515/9/2 1516/9/2 1517/9/2
f 1517/9/2 1516/9/2 1518/9/2
f 1519/10/2 1520/10/2 1521/10/2
f 1521/10/2 1520/10/2 1522/10/2
f 1523/9/2 1524/9/2 1526/9/2
f 1524/8/2 1525/8/2 1527/8/2
f 1526/9/2 1524/9/2 1527/9/2
f 1526/8/2 1527/8/2 1530/8/2
f 1527/8/2 1525/8/2 1531/8/2
f 1530/8/2 1527/8/2 1531/8/2
f 1528/6/2 1529/6/2 1532/6/2
f 1532/6/2 1529/6/2 1533/6/2
f 1536/9/2 1537/9/2 1539/9/2
f 1539/9/2 1537/9/2 1540/9/2
f 1534/4/2 1535/4/2 1544/4/2
f 1544/4/2 1535/4/2 1545/4/2
f 1538/9/2 1539/9/2 1546/9/2
f 1539/9/2 1540/9/2 1546/9/2
f 1540/8/2 1541/8/2 1547/8/2
f 1546/9/2 1540/9/2 1547/9/2
f 1547/8/2 1541/8/2 1548/8/2
f 1542/2/2 1543/2/2 1549/2/2
f 1549/2/2 1543/2/2 1550/2/2
f 1544/7/2 1545/7/2 1552/7/2
f 1552/7/2 1545/7/2 1553/7/2
f 1551/10/2 1552/10/2 1556/10/2
f 1556/10/2 1552/10/2 1557/10/2
f 1554/6/2 1555/6/2 1558/6/2
f 1558/6/2 1555/6/2 1559/6/2
f 1560/2/2 1561/2/2 1562/2/2
f 1562/2/2 1561/2/2 1563/2/2
f 1563/1/2 1564/1/2 1565/1/2
f 1565/1/2 1564/1/2 1566/1/2
f 1567/9/2 1568/9/2 1569/9/2
f 1569/9/2 1568/9/2 1570/9/2
f 1571/9/2 1572/9/2 1573/9/2
f 1573/9/2 1572/9/2 1574/9/2
f 1575/10/2 1576/10/2 1577/10/2
f 1577/10/2 1576/10/2 1578/10/2
f 1579/6/2 1580/6/2 1581/6/2
f 1581/6/2 1580/6/2 1582/6/2
f 1583/4/2 1584/4/2 1587/4/2
f 1587/4/2 1584/4/2 1588/4/2
f 1585/4/2 1586/4/2 1591/4/2
f 1591/4/2 1586/4/2 1592/4/2
f 1589/8/2 1590/8/2 1595/8/2
f 1595/8/2 1590/8/2 1596/8/2
f 1591/7/2 1592/7/2 1598/7/2
f 1598/7/2 1592/7/2 1599/7/2
f 1593/7/2 1594/7/2 1600/7/2
f 1600/7/2 1594/7/2 1601/7/2
f 1597/10/2 1598/10/2 1602/10/2
f 1602/10/2 1598/10/2 1603/10/2
f 1604/6/2 1605/6/2 1608/6/2
f 1608/6/2 1605/6/2 1609/6/2
f 1606/2/2 1607/2/2 1610/2/2
f 1608/10/2 1609/10/2 1611/10/2
f 1611/10/2 1609/10/2 1612/10/2
f 1610/2/2 1607/2/2 1613/2/2
f 1613/2/2 1607/2/2 1614/2/2
f 1615/9/2 1616/9/2 1617/9/2
f 1617/9/2 1616/9/2 1618/9/2
f 1619/10/2 1620/10/2 1621/10/2
f 1619/10/2 1621/10/2 1623/10/2
f 1621/10/2 1622/10/2 1623/10/2
f 1623/10/2 1622/10/2 1624/10/2
f 1624/10/2 1622/10/2 1625/10/2
f 1626/9/2 1627/9/2 1628/9/2
f 1628/9/2 1627/9/2 1629/9/2
f 1629/9/2 1627/9/2 1632/9/2
f 1632/9/2 1627/9/2 1633/9/2
f 1630/10/2 1631/10/2 1634/10/2
f 1634/10/2 1631/10/2 1635/10/2
f 1636/10/2 1637/10/2 1638/10/2
f 1638/10/2 1637/10/2 1639/10/2
f 1640/2/2 1641/2/2 1644/2/2
f 1644/2/2 1641/2/2 1645/2/2
f 1642/9/2 1643/9/2 1647/9/2
f 1647/9/2 1643/9/2 1648/9/2
f 1644/2/2 1645/2/2 1649/2/2
f 1645/1/2 1646/1/2 1650/1/2
f 1649/2/2 1645/2/2 1650/2/2
f 1649/1/2 1650/1/2 1651/1/2
f 1650/1/2 1646/1/2 1652/1/2
f 1651/1/2 1650/1/2 1652/1/2
f 1653/8/2 1654/8/2 1656/8/2
f 1654/2/2 1655/2/2 1657/2/2
f 1656/8/2 1654/8/2 1657/8/2
f 1657/2/2 1655/2/2 1658/2/2
f 1657/8/2 1658/8/2 1659/8/2
f 1659/8/2 1658/8/2 1660/8/2
f 1661/10/2 1662/10/2 1663/10/2
f 1663/10/2 1662/10/2 1664/10/2
f 1664/9/2 1665/9/2 1666/9/2
f 1666/9/2 1665/9/2 1667/9/2
f 1668/9/2 1669/9/2 1670/9/2
f 1670/9/2 1669/9/2 1671/9/2
f 1672/10/2 1673/10/2 1674/10/2
f 1674/10/2 1673/10/2 1675/10/2
f 1676/10/2 1677/10/2 1678/10/2
f 1678/10/2 1677/10/2 1679/10/2
f 1680/9/2 1681/9/2 1682/9/2
f 1682/9/2 1681/9/2 1683/9/2
f 1684/3/2 1685/3/2 1686/3/2
f 1686/3/2 1685/3/2 1687/3/2
f 1688/9/2 1689/9/2 1690/9/2
f 1690/9/2 1689/9/2 1691/9/2
f 1692/5/2 1693/5/2 1694/5/2
f 1694/5/2 1693/5/2 1695/5/2
f 1696/2/2 1697/2/2 1702/2/2
f 1702/2/2 1697/2/2 1703/2/2
f 1698/10/2 1699/10/2 1704/10/2
f 1704/10/2 1699/10/2 1705/10/2
f 1700/10/2 1701/10/2 1708/10/2
f 1708/10/2 1701/10/2 1709/10/2
f 1706/10/2 1707/10/2 1712/10/2
f 1712/10/2 1707/10/2 1713/10/2
f 1710/2/2 1711/2/2 1715/2/2
f 1715/2/2 1711/2/2 1716/2/2
f 1714/1/2 1715/1/2 1717/1/2
f 1715/1/2 1716/1/2 1717/1/2
f 1717/1/2 1716/1/2 1718/1/2
f 1719/8/2 1720/8/2 1721/8/2
f 1721/8/2 1720/8/2 1722/8/2
f 1722/8/2 1723/8/2 1726/8/2
f 1726/8/2 1723/8/2 1727/8/2
f 1724/10/2 1725/10/2 1728/10/2
f 1728/10/2 1725/10/2 1729/10/2
f 1730/10/2 1731/10/2 1732/10/2
f 1732/10/2 1731/10/2 1733/10/2
f 1734/5/2 1735/5/2 1736/5/2
f 1736/5/2 1735/5/2 1737/5/2
f 1738/5/2 1739/5/2 1744/5/2
f 1744/5/2 1739/5/2 1745/5/2
f 1740/5/2 1741/5/2 1746/5/2
f 1746/5/2 1741/5/2 1747/5/2
f 1742/9/2 1743/9/2 1748/9/2
f 1743/9/2 1744/9/2 1748/9/2
f 1748/9/2 1744/9/2 1749/9/2
f 1750/9/2 1751/9/2 1753/9/2
f 1753/9/2 1751/9/2 1754/9/2
f 1752/9/2 1753/9/2 1756/9/2
f 1754/9/2 1755/9/2 1756/9/2
f 1753/9/2 1754/9/2 1756/9/2
f 1756/9/2 1755/9/2 1757/9/2
f 1757/9/2 1755/9/2 1758/9/2
f 1758/9/2 1755/9/2 1759/9/2
f 1760/3/2 1761/3/2 1762/3/2
f 1762/3/2 1761/3/2 1763/3/2
f 1766/9/2 1767/9/2 1768/9/2
f 1768/9/2 1767/9/2 1769/9/2
f 1764/10/2 1765/10/2 1774/10/2
f 1774/10/2 1765/10/2 1775/10/2
f 1770/9/2 1771/9/2 1776/9/2
f 1776/9/2 1771/9/2 1777/9/2
f 1772/1/2 1773/1/2 1780/1/2
f 1780/1/2 1773/1/2 1781/1/2
f 1778/2/2 1779/2/2 1782/2/2
f 1782/2/2 1779/2/2 1783/2/2
f 1783/2/2 1784/2/2 1787/2/2
f 1787/2/2 1784/2/2 1788/2/2
f 1785/3/2 1786/3/2 1789/3/2
f 1789/3/2 1786/3/2 1790/3/2
f 1791/10/2 1792/10/2 1795/10/2
f 1795/10/2 1792/10/2 1796/10/2
f 1793/8/2 1794/8/2 1798/8/2
f 1798/8/2 1794/8/2 1799/8/2
f 1799/8/2 1794/8/2 1800/8/2
f 1797/9/2 1798/9/2 1801/9/2
f 1798/8/2 1799/8/2 1802/8/2
f 1801/9/2 1798/9/2 1802/9/2
f 1802/8/2 1799/8/2 1803/8/2
f 1803/8/2 1799/8/2 1804/8/2
f 1805/10/2 1806/10/2 1807/10/2
f 1807/10/2 1806/10/2 1808/10/2
f 1808/10/2 1809/10/2 1813/10/2
f 1813/10/2 1809/10/2 1814/10/2
f 1811/5/2 1812/5/2 1816/5/2
f 1810/5/2 1811/5/2 1816/5/2
f 1816/5/2 1812/5/2 1817/5/2
f 1814/9/2 1815/9/2 1818/9/2
f 1813/9/2 1814/9/2 1818/9/2
f 1818/9/2 1815/9/2 1819/9/2
f 1810/5/2 1816/5/2 1821/5/2
f 1813/9/2 1818/9/2 1823/9/2
f 1823/9/2 1818/9/2 1824/9/2
f 1820/5/2 1821/5/2 1825/5/2
f 1821/5/2 1816/5/2 1826/5/2
f 1825/5/2 1821/5/2 1826/5/2
f 1822/10/2 1823/10/2 1827/10/2
f 1827/10/2 1823/10/2 1828/10/2
f 1829/6/2 1830/6/2 1832/6/2
f 1830/6/2 1831/6/2 1832/6/2
f 1832/6/2 1831/6/2 1833/6/2
f 1834/9/2 1835/9/2 1836/9/2
f 1836/9/2 1835/9/2 1837/9/2
f 1838/3/2 1839/3/2 1840/3/2
f 1840/3/2 1839/3/2 1841/3/2
f 1841/9/2 1842/9/2 1845/9/2
f 1845/9/2 1842/9/2 1846/9/2
f 1843/5/2 1844/5/2 1849/5/2
f 1849/5/2 1844/5/2 1850/5/2
f 1847/4/2 1848/4/2 1859/4/2
f 1848/7/2 1849/7/2 1860/7/2
f 1859/4/2 1848/4/2 1860/4/2
f 1860/7/2 1849/7/2 1861/7/2
f 1851/8/2 1852/8/2 1862/8/2
f 1862/8/2 1852/8/2 1863/8/2
f 1853/2/2 1854/2/2 1866/2/2
f 1866/2/2 1854/2/2 1867/2/2
f 1855/1/2 1856/1/2 1868/1/2
f 1868/1/2 1856/1/2 1869/1/2
f 1869/1/2 1856/1/2 1870/1/2
f 1857/10/2 1858/10/2 1871/10/2
f 1871/10/2 1858/10/2 1872/10/2
f 1864/2/2 1865/2/2 1873/2/2
f 1873/2/2 1865/2/2 1874/2/2
f 1866/2/2 1867/2/2 1875/2/2
f 1868/2/2 1869/2/2 1875/2/2
f 1867/2/2 1868/2/2 1875/2/2
f 1875/2/2 1869/2/2 1876/2/2
f 1877/10/2 1878/10/2 1880/10/2
f 1880/10/2 1878/10/2 1881/10/2
f 1879/10/2 1880/10/2 1882/10/2
f 1882/10/2 1880/10/2 1883/10/2
f 1884/9/2 1885/9/2 1888/9/2
f 1888/9/2 1885/9/2 1889/9/2
f 1889/9/2 1885/9/2 1890/9/2
f 1886/9/2 1887/9/2 1891/9/2
f 1891/9/2 1887/9/2 1892/9/2
f 1893/10/2 1894/10/2 1895/10/2
f 1895/10/2 1894/10/2 1896/10/2
f 1897/10/2 1898/10/2 1900/10/2
f 1898/9/2 1899/9/2 1900/9/2
f 1900/9/2 1899/9/2 1901/9/2
f 1897/10/2 1900/10/2 1904/10/2
f 1904/10/2 1900/10/2 1905/10/2
f 1902/1/2 1903/1/2 1907/1/2
f 1907/1/2 1903/1/2 1908/1/2
f 1905/10/2 1906/10/2 1909/10/2
f 1909/10/2 1906/10/2 1910/10/2
f 1911/6/2 1912/6/2 1913/6/2
f 1913/6/2 1912/6/2 1914/6/2
f 1915/9/2 1916/9/2 1921/9/2
f 1921/9/2 1916/9/2 1922/9/2
f 1917/2/2 1918/2/2 1923/2/2
f 1923/2/2 1918/2/2 1924/2/2
f 1919/7/2 1920/7/2 1927/7/2
f 1927/7/2 1920/7/2 1928/7/2
f 1925/3/2 1926/3/2 1929/3/2
f 1929/3/2 1926/3/2 1930/3/2
f 1931/9/2 1932/9/2 1934/9/2
f 1932/9/2 1933/9/2 1934/9/2
f 1934/9/2 1933/9/2 1935/9/2
f 1936/6/2 1937/6/2 1938/6/2
f 1938/6/2 1937/6/2 1939/6/2
f 1940/1/2 1941/1/2 1943/1/2
f 1943/1/2 1941/1/2 1944/1/2
f 1945/6/2 1946/6/2 1947/6/2
f 1947/6/2 1946/6/2 1948/6/2
f 1942/2/2 1943/2/2 1949/2/2
f 1949/2/2 1943/2/2 1950/2/2
f 1951/10/2 1952/10/2 1954/10/2
f 1954/10/2 1952/10/2 1955/10/2
f 1953/10/2 1954/10/2 1956/10/2
f 1956/10/2 1954/10/2 1957/10/2
f 1958/9/2 1959/9/2 1961/9/2
f 1961/9/2 1959/9/2 1962/9/2
f 1960/9/2 1961/9/2 1963/9/2
f 1963/9/2 1961/9/2 1964/9/2
f 1964/9/2 1965/9/2 1966/9/2
f 1966/9/2 1965/9/2 1967/9/2
f 1968/10/2 1969/10/2 1970/10/2
f 1970/10/2 1969/10/2 1971/10/2
f 1972/9/2 1973/9/2 1975/9/2
f 1975/9/2 1973/9/2 1976/9/2
f 1973/8/2 1974/8/2 1977/8/2
f 1976/9/2 1973/9/2 1977/9/2
f 1977/8/2 1974/8/2 1978/8/2
f 1979/9/2 1980/9/2 1985/9/2
f 1980/9/2 1981/9/2 1985/9/2
f 1981/8/2 1982/8/2 1986/8/2
f 1985/9/2 1981/9/2 1986/9/2
f 1986/8/2 1982/8/2 1987/8/2
f 1983/6/2 1984/6/2 1988/6/2
f 1988/6/2 1984/6/2 1989/6/2
f 1990/2/2 1991/2/2 1997/2/2
f 1991/1/2 1992/1/2 1998/1/2
f 1997/2/2 1991/2/2 1998/2/2
f 1998/1/2 1992/1/2 1999/1/2
f 1993/10/2 1994/10/2 2000/10/2
f 2000/10/2 1994/10/2 2001/10/2
f 1995/2/2 1996/2/2 2002/2/2
f 2002/2/2 1996/2/2 2003/2/2
f 2004/2/2 2005/2/2 2008/2/2
f 2006/10/2 2007/10/2 2009/10/2
f 2009/10/2 2007/10/2 2010/10/2
f 2008/2/2 2005/2/2 2014/2/2
f 2014/2/2 2005/2/2 2015/2/2
f 2010/9/2 2011/9/2 2018/9/2
f 2018/9/2 2011/9/2 2019/9/2
f 2012/8/2 2013/8/2 2021/8/2
f 2021/8/2 2013/8/2 2022/8/2
f 2016/10/2 2017/10/2 2023/10/2
f 2023/10/2 2017/10/2 2024/10/2
f 2017/9/2 2018/9/2 2025/9/2
f 2024/10/2 2017/10/2 2025/10/2
f 2025/9/2 2018/9/2 2026/9/2
f 2020/6/2 2021/6/2 2027/6/2
f 2027/6/2 2021/6/2 2028/6/2
f 2029/10/2 2030/10/2 2031/10/2
f 2031/10/2 2030/10/2 2032/10/2
f 2033/10/2 2034/10/2 2035/10/2
f 2035/10/2 2034/10/2 2036/10/2
f 2037/9/2 2038/9/2 2040/9/2
f 2038/9/2 2039/9/2 2040/9/2
f 2040/9/2 2039/9/2 2041/9/2
f 2041/9/2 2039/9/2 2042/9/2
f 2042/9/2 2043/9/2 2044/9/2
f 2041/9/2 2042/9/2 2044/9/2
f 2044/9/2 2043/9/2 2045/9/2
f 2046/10/2 2047/10/2 2048/10/2
f 2048/10/2 2047/10/2 2049/10/2
f 2050/6/2 2051/6/2 2054/6/2
f 2054/6/2 2051/6/2 2055/6/2
f 2055/6/2 2051/6/2 2056/6/2
f 2052/8/2 2053/8/2 2059/8/2
f 2059/8/2 2053/8/2 2060/8/2
f 2055/6/2 2056/6/2 2062/6/2
f 2056/9/2 2057/9/2 2063/9/2
f 2062/6/2 2056/6/2 2063/6/2
f 2063/9/2 2057/9/2 2064/9/2
f 2057/8/2 2058/8/2 2065/8/2
f 2064/9/2 2057/9/2 2065/9/2
f 2065/8/2 2058/8/2 2066/8/2
f 2061/6/2 2062/6/2 2070/6/2
f 2063/9/2 2064/9/2 2071/9/2
f 2062/9/2 2063/9/2 2071/9/2
f 2070/6/2 2062/6/2 2071/6/2
f 2071/9/2 2064/9/2 2072/9/2
f 2067/8/2 2068/8/2 2073/8/2
f 2073/8/2 2068/8/2 2074/8/2
f 2069/10/2 2070/10/2 2075/10/2
f 2075/10/2 2070/10/2 2076/10/2
f 2077/2/2 2078/2/2 2080/2/2
f 2080/2/2 2078/2/2 2081/2/2
f 2081/2/2 2078/2/2 2082/2/2
f 2079/6/2 2080/6/2 2083/6/2
f 2083/6/2 2080/6/2 2084/6/2
f 2080/2/2 2081/2/2 2085/2/2
f 2084/6/2 2080/6/2 2085/6/2
f 2085/2/2 2081/2/2 2086/2/2
f 2085/8/2 2086/8/2 2088/8/2
f 2088/8/2 2086/8/2 2089/8/2
f 2087/8/2 2088/8/2 2092/8/2
f 2092/8/2 2088/8/2 2093/8/2
f 2090/10/2 2091/10/2 2094/10/2
f 2094/10/2 2091/10/2 2095/10/2
f 2096/10/2 2097/10/2 2103/10/2
f 2097/9/2 2098/9/2 2104/9/2
f 2103/10/2 2097/10/2 2104/10/2
f 2098/9/2 2099/9/2 2104/9/2
f 2099/8/2 2100/8/2 2105/8/2
f 2104/9/2 2099/9/2 2105/9/2
f 2105/8/2 2100/8/2 2106/8/2
f 2101/10/2 2102/10/2 2108/10/2
f 2108/10/2 2102/10/2 2109/10/2
f 2105/8/2 2106/8/2 2110/8/2
f 2110/8/2 2106/8/2 2111/8/2
f 2107/10/2 2108/10/2 2113/10/2
f 2113/10/2 2108/10/2 2114/10/2
f 2112/10/2 2113/10/2 2115/10/2
f 2115/10/2 2113/10/2 2116/10/2
f 2117/10/2 2118/10/2 2119/10/2
f 2119/10/2 2118/10/2 2120/10/2
f 2121/8/2 2122/8/2 2123/8/2
f 2123/8/2 2122/8/2 2124/8/2
f 2124/8/2 2125/8/2 2126/8/2
f 2126/8/2 2125/8/2 2127/8/2
f 2127/8/2 2128/8/2 2129/8/2
f 2129/8/2 2128/8/2 2130/8/2
f 2131/10/2 2132/10/2 2133/10/2
f 2133/10/2 2132/10/2 2134/10/2
f 2134/6/2 2135/6/2 2139/6/2
f 2139/6/2 2135/6/2 2140/6/2
f 2136/8/2 2137/8/2 2141/8/2
f 2141/8/2 2137/8/2 2142/8/2
f 2138/10/2 2139/10/2 2145/10/2
f 2145/10/2 2139/10/2 2146/10/2
f 2142/8/2 2143/8/2 2147/8/2
f 2147/8/2 2143/8/2 2148/8/2
f 2144/10/2 2145/10/2 2149/10/2
f 2149/10/2 2145/10/2 2150/10/2
f 2151/10/2 2152/10/2 2156/10/2
f 2153/6/2 2154/6/2 2158/6/2
f 2158/6/2 2154/6/2 2159/6/2
f 2154/8/2 2155/8/2 2160/8/2
f 2159/6/2 2154/6/2 2160/6/2
f 2160/8/2 2155/8/2 2161/8/2
f 2151/10/2 2156/10/2 2162/10/2
f 2156/11/2 2157/11/2 2163/11/2
f 2162/10/2 2156/10/2 2163/10/2
f 2163/11/2 2157/11/2 2164/11/2
f 2163/10/2 2164/10/2 2167/10/2
f 2167/10/2 2164/10/2 2168/10/2
f 2165/6/2 2166/6/2 2169/6/2
f 2169/6/2 2166/6/2 2170/6/2
f 2170/6/2 2166/6/2 2171/6/2
f 2169/8/2 2170/8/2 2172/8/2
f 2172/8/2 2170/8/2 2173/8/2
f 2174/10/2 2175/10/2 2177/10/2
f 2177/10/2 2175/10/2 2178/10/2
f 2176/10/2 2177/10/2 2179/10/2
f 2179/10/2 2177/10/2 2180/10/2
f 2181/10/2 2182/10/2 2183/10/2
f 2183/10/2 2182/10/2 2184/10/2
f 2185/8/2 2186/8/2 2187/8/2
f 2187/8/2 2186/8/2 2188/8/2
f 2188/8/2 2189/8/2 2190/8/2
f 2190/8/2 2189/8/2 2191/8/2
f 2191/8/2 2192/8/2 2193/8/2
f 2193/8/2 2192/8/2 2194/8/2
f 2195/10/2 2196/10/2 2199/10/2
f 2199/10/2 2196/10/2 2200/10/2
f 2197/8/2 2198/8/2 2203/8/2
f 2203/8/2 2198/8/2 2204/8/2
f 2200/10/2 2201/10/2 2206/10/2
f 2206/10/2 2201/10/2 2207/10/2
f 2202/8/2 2203/8/2 2208/8/2
f 2208/8/2 2203/8/2 2209/8/2
f 2205/10/2 2206/10/2 2210/10/2
f 2210/10/2 2206/10/2 2211/10/2
f 2212/10/2 2213/10/2 2214/10/2
f 2214/10/2 2213/10/2 2215/10/2
f 2219/10/2 2220/10/2 2223/10/2
f 2223/10/2 2220/10/2 2224/10/2
f 2221/11/2 2222/11/2 2225/11/2
f 2225/11/2 2222/11/2 2226/11/2
f 2216/6/2 2217/6/2 2228/6/2
f 2217/8/2 2218/8/2 2229/8/2
f 2228/6/2 2217/6/2 2229/6/2
f 2227/8/2 2228/8/2 2234/8/2
f 2234/8/2 2228/8/2 2235/8/2
f 2235/8/2 2228/8/2 2236/8/2
f 2229/8/2 2218/8/2 2238/8/2
f 2238/8/2 2218/8/2 2239/8/2
f 2230/11/2 2231/11/2 2240/11/2
f 2240/11/2 2231/11/2 2241/11/2
f 2232/11/2 2233/11/2 2242/11/2
f 2242/11/2 2233/11/2 2243/11/2
f 2236/8/2 2237/8/2 2244/8/2
f 2235/8/2 2236/8/2 2244/8/2
f 2244/8/2 2237/8/2 2245/8/2
f 2246/8/2 2247/8/2 2250/8/2
f 2250/8/2 2247/8/2 2251/8/2
f 2248/8/2 2249/8/2 2252/8/2
f 2252/8/2 2249/8/2 2253/8/2
f 2254/2/2 2255/2/2 2259/2/2
f 2259/2/2 2255/2/2 2260/2/2
f 2256/10/2 2257/10/2 2261/10/2
f 2261/10/2 2257/10/2 2262/10/2
f 2258/2/2 2259/2/2 2263/2/2
f 2263/2/2 2259/2/2 2264/2/2
f 2265/3/2 2266/3/2 2267/3/2
f 2267/3/2 2266/3/2 2268/3/2
f 2269/3/2 2270/3/2 2273/3/2
f 2273/3/2 2270/3/2 2274/3/2
f 2271/11/2 2272/11/2 2275/11/2
f 2275/11/2 2272/11/2 2276/11/2
f 2274/3/2 2275/3/2 2277/3/2
f 2275/10/2 2276/10/2 2278/10/2
f 2277/3/2 2275/3/2 2278/3/2
f 2278/10/2 2276/10/2 2279/10/2
f 2280/9/2 2281/9/2 2290/9/2
f 2290/9/2 2281/9/2 2291/9/2
f 2282/8/2 2283/8/2 2292/8/2
f 2292/8/2 2283/8/2 2293/8/2
f 2284/3/2 2285/3/2 2295/3/2
f 2295/3/2 2285/3/2 2296/3/2
f 2286/11/2 2287/11/2 2297/11/2
f 2297/11/2 2287/11/2 2298/11/2
f 2288/11/2 2289/11/2 2299/11/2
f 2299/11/2 2289/11/2 2300/11/2
f 2294/3/2 2295/3/2 2301/3/2
f 2301/3/2 2295/3/2 2302/3/2
f 2303/7/2 2304/7/2 2305/7/2
f 2305/7/2 2304/7/2 2306/7/2
f 2306/7/2 2304/7/2 2307/7/2
f 2308/8/2 2309/8/2 2310/8/2
f 2310/8/2 2309/8/2 2311/8/2
f 2312/2/2 2313/2/2 2316/2/2
f 2313/1/2 2314/1/2 2317/1/2
f 2316/2/2 2313/2/2 2317/2/2
f 2317/1/2 2314/1/2 2318/1/2
f 2315/2/2 2316/2/2 2319/2/2
f 2319/2/2 2316/2/2 2320/2/2
f 2321/11/2 2322/11/2 2323/11/2
f 2323/11/2 2322/11/2 2324/11/2
f 2323/10/2 2324/10/2 2327/10/2
f 2327/10/2 2324/10/2 2328/10/2
f 2325/8/2 2326/8/2 2329/8/2
f 2329/8/2 2326/8/2 2330/8/2
f 2331/10/2 2332/10/2 2333/10/2
f 2333/10/2 2332/10/2 2334/10/2
f 2335/3/2 2336/3/2 2338/3/2
f 2336/3/2 2337/3/2 2338/3/2
f 2338/3/2 2337/3/2 2339/3/2
f 2335/3/2 2338/3/2 2340/3/2
f 2340/3/2 2338/3/2 2341/3/2
f 2342/1/2 2343/1/2 2344/1/2
f 2340/10/2 2341/10/2 2345/10/2
f 2345/10/2 2341/10/2 2346/10/2
f 2344/1/2 2343/1/2 2348/1/2
f 2348/1/2 2343/1/2 2349/1/2
f 2347/1/2 2348/1/2 2350/1/2
f 2350/1/2 2348/1/2 2351/1/2
f 2352/8/2 2353/8/2 2354/8/2
f 2354/8/2 2353/8/2 2355/8/2
f 2356/1/2 2357/1/2 2360/1/2
f 2360/1/2 2357/1/2 2361/1/2
f 2358/10/2 2359/10/2 2362/10/2
f 2362/10/2 2359/10/2 2363/10/2
f 2363/9/2 2364/9/2 2365/9/2
f 2365/9/2 2364/9/2 2366/9/2
f 2367/10/2 2368/10/2 2370/10/2
f 2368/9/2 2369/9/2 2371/9/2
f 2370/10/2 2368/10/2 2371/10/2
f 2371/9/2 2369/9/2 2372/9/2
f 2372/9/2 2369/9/2 2373/9/2
f 2374/3/2 2375/3/2 2378/3/2
f 2378/3/2 2375/3/2 2379/3/2
f 2376/7/2 2377/7/2 2380/7/2
f 2380/7/2 2377/7/2 2381/7/2
f 2380/8/2 2381/8/2 2382/8/2
f 2382/8/2 2381/8/2 2383/8/2
f 2384/10/2 2385/10/2 2390/10/2
f 2390/10/2 2385/10/2 2391/10/2
f 2386/10/2 2387/10/2 2392/10/2
f 2392/10/2 2387/10/2 2393/10/2
f 2388/3/2 2389/3/2 2394/3/2
f 2394/3/2 2389/3/2 2395/3/2
f 2396/2/2 2397/2/2 2398/2/2
f 2398/2/2 2397/2/2 2399/2/2
f 2398/1/2 2399/1/2 2401/1/2
f 2399/1/2 2400/1/2 2401/1/2
f 2401/1/2 2400/1/2 2402/1/2
f 2403/2/2 2404/2/2 2405/2/2
f 2405/2/2 2404/2/2 2406/2/2
f 2407/1/2 2408/1/2 2409/1/2
f 2410/1/2 2411/1/2 2412/1/2
f 2412/1/2 2411/1/2 2413/1/2
f 2407/1/2 2409/1/2 2414/1/2
f 2414/1/2 2409/1/2 2415/1/2
f 2416/3/2 2417/3/2 2418/3/2
f 2418/3/2 2417/3/2 2419/3/2
f 2420/2/2 2421/2/2 2422/2/2
f 2422/2/2 2421/2/2 2423/2/2
f 2424/2/2 2425/2/2 2429/2/2
f 2429/2/2 2425/2/2 2430/2/2
f 2428/2/2 2429/2/2 2432/2/2
f 2429/2/2 2430/2/2 2432/2/2
f 2430/1/2 2431/1/2 2433/1/2
f 2432/2/2 2430/2/2 2433/2/2
f 2433/1/2 2431/1/2 2434/1/2
f 2434/1/2 2431/1/2 2435/1/2
f 2426/10/2 2427/10/2 2436/10/2
f 2436/10/2 2427/10/2 2437/10/2
f 2438/10/2 2439/10/2 2440/10/2
f 2440/10/2 2439/10/2 2441/10/2
f 2442/2/2 2443/2/2 2444/2/2
f 2444/2/2 2443/2/2 2445/2/2
f 2446/1/2 2447/1/2 2448/1/2
f 2446/1/2 2448/1/2 2451/1/2
f 2451/1/2 2448/1/2 2452/1/2
f 2449/1/2 2450/1/2 2453/1/2
f 2453/1/2 2450/1/2 2454/1/2
f 2455/9/2 2456/9/2 2458/9/2
f 2456/9/2 2457/9/2 2458/9/2
f 2458/9/2 2457/9/2 2459/9/2
f 2460/6/2 2461/6/2 2465/6/2
f 2465/6/2 2461/6/2 2466/6/2
f 2463/3/2 2464/3/2 2467/3/2
f 2462/3/2 2463/3/2 2467/3/2
f 2467/3/2 2464/3/2 2468/3/2
f 2468/3/2 2464/3/2 2471/3/2
f 2471/3/2 2464/3/2 2472/3/2
f 2469/1/2 2470/1/2 2474/1/2
f 2474/1/2 2470/1/2 2475/1/2
f 2475/1/2 2470/1/2 2476/1/2
f 2473/2/2 2474/2/2 2479/2/2
f 2474/2/2 2475/2/2 2479/2/2
f 2479/2/2 2475/2/2 2480/2/2
f 2480/2/2 2475/2/2 2481/2/2
f 2477/10/2 2478/10/2 2487/10/2
f 2487/10/2 2478/10/2 2488/10/2
f 2480/2/2 2481/2/2 2489/2/2
f 2481/2/2 2482/2/2 2489/2/2
f 2489/2/2 2482/2/2 2490/2/2
f 2483/3/2 2484/3/2 2491/3/2
f 2485/3/2 2486/3/2 2492/3/2
f 2492/3/2 2486/3/2 2493/3/2
f 2491/3/2 2484/3/2 2496/3/2
f 2496/3/2 2484/3/2 2497/3/2
f 2494/8/2 2495/8/2 2499/8/2
f 2498/8/2 2499/8/2 2500/8/2
f 2499/8/2 2495/8/2 2501/8/2
f 2500/8/2 2499/8/2 2501/8/2
f 2502/10/2 2503/10/2 2504/10/2
f 2504/10/2 2503/10/2 2505/10/2
f 2506/1/2 2507/1/2 2510/1/2
f 2508/1/2 2509/1/2 2511/1/2
f 2511/1/2 2509/1/2 2512/1/2
f 2506/1/2 2510/1/2 2513/1/2
f 2510/1/2 2511/1/2 2513/1/2
f 2513/1/2 2511/1/2 2514/1/2
f 2506/1/2 2513/1/2 2515/1/2
f 2515/1/2 2513/1/2 2516/1/2
f 2517/1/2 2518/1/2 2521/1/2
f 2521/1/2 2518/1/2 2522/1/2
f 2519/10/2 2520/10/2 2523/10/2
f 2523/10/2 2520/10/2 2524/10/2
f 2524/9/2 2525/9/2 2526/9/2
f 2526/9/2 2525/9/2 2527/9/2
f 2528/6/2 2529/6/2 2530/6/2
f 2528/6/2 2530/6/2 2532/6/2
f 2530/9/2 2531/9/2 2533/9/2
f 2532/6/2 2530/6/2 2533/6/2
f 2533/9/2 2531/9/2 2534/9/2
f 2535/3/2 2536/3/2 2537/3/2
f 2537/3/2 2536/3/2 2538/3/2
f 2538/9/2 2539/9/2 2540/9/2
f 2540/9/2 2539/9/2 2541/9/2
f 2542/1/2 2543/1/2 2549/1/2
f 2549/1/2 2543/1/2 2550/1/2
f 2544/8/2 2545/8/2 2556/8/2
f 2545/2/2 2546/2/2 2557/2/2
f 2556/8/2 2545/8/2 2557/8/2
f 2557/2/2 2546/2/2 2558/2/2
f 2547/2/2 2548/2/2 2559/2/2
f 2548/2/2 2549/2/2 2559/2/2
f 2559/2/2 2549/2/2 2560/2/2
f 2551/1/2 2552/1/2 2561/1/2
f 2561/1/2 2552/1/2 2562/1/2
f 2553/10/2 2554/10/2 2565/10/2
f 2565/10/2 2554/10/2 2566/10/2
f 2555/8/2 2556/8/2 2567/8/2
f 2567/8/2 2556/8/2 2568/8/2
f 2568/8/2 2556/8/2 2569/8/2
f 2563/3/2 2564/3/2 2571/3/2
f 2571/3/2 2564/3/2 2572/3/2
f 2571/3/2 2572/3/2 2574/3/2
f 2572/3/2 2573/3/2 2574/3/2
f 2574/3/2 2573/3/2 2575/3/2
f 2569/8/2 2570/8/2 2576/8/2
f 2568/8/2 2569/8/2 2576/8/2
f 2576/8/2 2570/8/2 2577/8/2
f 2578/10/2 2579/10/2 2580/10/2
f 2580/10/2 2579/10/2 2581/10/2
f 2582/7/2 2583/7/2 2584/7/2
f 2584/7/2 2583/7/2 2585/7/2
f 2586/1/2 2587/1/2 2588/1/2
f 2588/1/2 2587/1/2 2589/1/2
f 2590/10/2 2591/10/2 2592/10/2
f 2592/10/2 2591/10/2 2593/10/2
f 2594/7/2 2595/7/2 2597/7/2
f 2595/9/2 2596/9/2 2598/9/2
f 2597/7/2 2595/7/2 2598/7/2
f 2598/9/2 2596/9/2 2599/9/2
f 2600/10/2 2601/10/2 2603/10/2
f 2601/7/2 2602/7/2 2604/7/2
f 2603/10/2 2601/10/2 2604/10/2
f 2604/7/2 2602/7/2 2605/7/2
f 2604/7/2 2605/7/2 2610/7/2
f 2605/7/2 2606/7/2 2610/7/2
f 2610/7/2 2606/7/2 2611/7/2
f 2606/9/2 2607/9/2 2612/9/2
f 2611/7/2 2606/7/2 2612/7/2
f 2612/9/2 2607/9/2 2613/9/2
f 2608/10/2 2609/10/2 2618/10/2
f 2618/10/2 2609/10/2 2619/10/2
f 2614/6/2 2615/6/2 2620/6/2
f 2620/6/2 2615/6/2 2621/6/2
f 2621/6/2 2615/6/2 2622/6/2
f 2616/1/2 2617/1/2 2624/1/2
f 2624/1/2 2617/1/2 2625/1/2
f 2622/8/2 2623/8/2 2630/8/2
f 2621/8/2 2622/8/2 2630/8/2
f 2630/8/2 2623/8/2 2631/8/2
f 2625/1/2 2626/1/2 2632/1/2
f 2632/1/2 2626/1/2 2633/1/2
f 2629/8/2 2630/8/2 2638/8/2
f 2638/8/2 2630/8/2 2639/8/2
f 2627/10/2 2628/10/2 2640/10/2
f 2640/10/2 2628/10/2 2641/10/2
f 2634/10/2 2635/10/2 2642/10/2
f 2642/10/2 2635/10/2 2643/10/2
f 2636/3/2 2637/3/2 2644/3/2
f 2644/3/2 2637/3/2 2645/3/2
f 2646/10/2 2647/10/2 2648/10/2
f 2648/10/2 2647/10/2 2649/10/2
f 2650/10/2 2651/10/2 2652/10/2
f 2652/10/2 2651/10/2 2653/10/2
f 2653/9/2 2654/9/2 2655/9/2
f 2655/9/2 2654/9/2 2656/9/2
f 2656/9/2 2657/9/2 2658/9/2
f 2658/9/2 2657/9/2 2659/9/2
f 2660/7/2 2661/7/2 2664/7/2
f 2664/7/2 2661/7/2 2665/7/2
f 2662/7/2 2663/7/2 2666/7/2
f 2666/7/2 2663/7/2 2667/7/2
f 2668/11/2 2669/11/2 2671/11/2
f 2671/11/2 2669/11/2 2672/11/2
f 2669/6/2 2670/6/2 2673/6/2
f 2672/11/2 2669/11/2 2673/11/2
f 2673/6/2 2670/6/2 2674/6/2
f 2674/8/2 2675/8/2 2679/8/2
f 2679/8/2 2675/8/2 2680/8/2
f 2677/11/2 2678/11/2 2682/11/2
f 2676/11/2 2677/11/2 2682/11/2
f 2682/11/2 2678/11/2 2683/11/2
f 2681/11/2 2682/11/2 2686/11/2
f 2686/11/2 2682/11/2 2687/11/2
f 2683/11/2 2678/11/2 2688/11/2
f 2688/11/2 2678/11/2 2689/11/2
f 2684/7/2 2685/7/2 2691/7/2
f 2691/7/2 2685/7/2 2692/7/2
f 2690/7/2 2691/7/2 2693/7/2
f 2693/7/2 2691/7/2 2694/7/2
f 2695/10/2 2696/10/2 2697/10/2
f 2697/10/2 2696/10/2 2698/10/2
f 2695/10/2 2697/10/2 2699/10/2
f 2699/10/2 2697/10/2 2700/10/2
f 2701/10/2 2702/10/2 2703/10/2
f 2703/10/2 2702/10/2 2704/10/2
f 2705/9/2 2706/9/2 2708/9/2
f 2708/9/2 2706/9/2 2709/9/2
f 2707/11/2 2708/11/2 2711/11/2
f 2708/9/2 2709/9/2 2712/9/2
f 2711/11/2 2708/11/2 2712/11/2
f 2709/10/2 2710/10/2 2713/10/2
f 2712/9/2 2709/9/2 2713/9/2
f 2713/10/2 2710/10/2 2714/10/2
f 2714/10/2 2715/10/2 2716/10/2
f 2716/10/2 2715/10/2 2717/10/2
f 2718/8/2 2719/8/2 2722/8/2
f 2722/8/2 2719/8/2 2723/8/2
f 2720/7/2 2721/7/2 2725/7/2
f 2725/7/2 2721/7/2 2726/7/2
f 2724/7/2 2725/7/2 2728/7/2
f 2725/7/2 2726/7/2 2728/7/2
f 2726/11/2 2727/11/2 2729/11/2
f 2728/7/2 2726/7/2 2729/7/2
f 2724/7/2 2728/7/2 2730/7/2
f 2730/7/2 2728/7/2 2731/7/2
f 2729/11/2 2727/11/2 2732/11/2
f 2732/11/2 2727/11/2 2733/11/2
f 2734/10/2 2735/10/2 2736/10/2
f 2736/10/2 2735/10/2 2737/10/2
f 2738/10/2 2739/10/2 2741/10/2
f 2739/9/2 2740/9/2 2742/9/2
f 2741/10/2 2739/10/2 2742/10/2
f 2742/9/2 2740/9/2 2743/9/2
f 2744/9/2 2745/9/2 2748/9/2
f 2748/9/2 2745/9/2 2749/9/2
f 2746/6/2 2747/6/2 2750/6/2
f 2747/9/2 2748/9/2 2751/9/2
f 2750/6/2 2747/6/2 2751/6/2
f 2751/9/2 2748/9/2 2752/9/2
f 2753/1/2 2754/1/2 2757/1/2
f 2757/1/2 2754/1/2 2758/1/2
f 2755/8/2 2756/8/2 2762/8/2
f 2762/8/2 2756/8/2 2763/8/2
f 2760/10/2 2761/10/2 2764/10/2
f 2759/10/2 2760/10/2 2764/10/2
f 2764/10/2 2761/10/2 2765/10/2
f 2766/10/2 2767/10/2 2769/10/2
f 2768/10/2 2769/10/2 2770/10/2
f 2769/10/2 2767/10/2 2771/10/2
f 2770/10/2 2769/10/2 2771/10/2
f 2772/9/2 2773/9/2 2774/9/2
f 2774/9/2 2773/9/2 2775/9/2
f 2776/10/2 2777/10/2 2782/10/2
f 2782/10/2 2777/10/2 2783/10/2
f 2778/1/2 2779/1/2 2784/1/2
f 2784/1/2 2779/1/2 2785/1/2
f 2780/1/2 2781/1/2 2786/1/2
f 2786/1/2 2781/1/2 2787/1/2
f 2788/10/2 2789/10/2 2792/10/2
f 2792/10/2 2789/10/2 2793/10/2
f 2790/10/2 2791/10/2 2794/10/2
f 2790/10/2 2794/10/2 2795/10/2
f 2795/10/2 2794/10/2 2796/10/2
f 2797/10/2 2798/10/2 2799/10/2
f 2800/1/2 2801/1/2 2803/1/2
f 2803/1/2 2801/1/2 2804/1/2
f 2802/2/2 2803/2/2 2806/2/2
f 2803/2/2 2804/2/2 2806/2/2
f 2806/2/2 2804/2/2 2807/2/2
f 2804/1/2 2801/1/2 2808/1/2
f 2807/2/2 2804/2/2 2808/2/2
f 2808/1/2 2801/1/2 2809/1/2
f 2797/10/2 2799/10/2 2810/10/2
f 2810/10/2 2799/10/2 2811/10/2
f 2806/2/2 2807/2/2 2813/2/2
f 2805/2/2 2806/2/2 2813/2/2
f 2813/2/2 2807/2/2 2814/2/2
f 2811/10/2 2812/10/2 2815/10/2
f 2815/10/2 2812/10/2 2816/10/2
f 2819/6/2 2820/6/2 2821/6/2
f 2821/6/2 2820/6/2 2822/6/2
f 2823/8/2 2824/8/2 2826/8/2
f 2824/2/2 2825/2/2 2827/2/2
f 2826/8/2 2824/8/2 2827/8/2
f 2827/2/2 2825/2/2 2828/2/2
f 2817/10/2 2818/10/2 2829/10/2
f 2829/10/2 2818/10/2 2830/10/2
f 2830/10/2 2831/10/2 2832/10/2
f 2832/10/2 2831/10/2 2833/10/2
f 2834/10/2 2835/10/2 2836/10/2
f 2836/10/2 2837/10/2 2843/10/2
f 2838/6/2 2839/6/2 2844/6/2
f 2844/6/2 2839/6/2 2845/6/2
f 2840/9/2 2841/9/2 2846/9/2
f 2846/9/2 2841/9/2 2847/9/2
f 2841/6/2 2842/6/2 2848/6/2
f 2847/9/2 2841/9/2 2848/9/2
f 2848/6/2 2842/6/2 2849/6/2
f 2849/6/2 2842/6/2 2850/6/2
f 2836/10/2 2843/10/2 2852/10/2
f 2846/9/2 2847/9/2 2853/9/2
f 2845/9/2 2846/9/2 2853/9/2
f 2847/8/2 2848/8/2 2854/8/2
f 2853/9/2 2847/9/2 2854/9/2
f 2854/8/2 2848/8/2 2855/8/2
f 2850/8/2 2851/8/2 2856/8/2
f 2849/8/2 2850/8/2 2856/8/2
f 2856/8/2 2851/8/2 2857/8/2
f 2834/10/2 2836/10/2 2858/10/2
f 2836/10/2 2852/10/2 2858/10/2
f 2858/10/2 2852/10/2 2859/10/2
f 2860/10/2 2861/10/2 2864/10/2
f 2864/10/2 2861/10/2 2865/10/2
f 2862/8/2 2863/8/2 2866/8/2
f 2866/8/2 2863/8/2 2867/8/2
f 2875/10/3 2869/10/3 2868/10/3
f 2876/10/3 2869/10/3 2875/10/3
f 2877/10/3 2869/10/3 2876/10/3
f 2879/10/3 2871/10/3 2870/10/3
f 2880/6/3 2873/6/3 2872/6/3
f 2881/10/3 2874/10/3 2873/10/3
f 2883/10/3 2878/10/3 2877/10/3
f 2883/10/3 2877/10/3 2876/10/3
f 2886/10/3 2880/10/3 2879/10/3
f 2886/10/3 2879/10/3 2870/10/3
f 2887/6/3 2873/6/3 2880/6/3
f 2887/10/3 2880/10/3 2886/10/3
f 2888/6/3 2873/6/3 2887/6/3
f 2889/10/3 2882/10/3 2881/10/3
f 2889/6/3 2873/6/3 2888/6/3
f 2889/10/3 2881/10/3 2873/10/3
f 2890/10/3 2882/10/3 2889/10/3
f 2892/10/3 2884/10/3 2883/10/3
f 2894/10/3 2887/10/3 2886/10/3
f 2894/10/3 2886/10/3 2885/10/3
f 2895/10/3 2887/10/3 2894/10/3
f 2896/10/3 2887/10/3 2895/10/3
f 2897/10/3 2891/10/3 2890/10/3
f 2897/10/3 2890/10/3 2889/10/3
f 2897/10/3 2889/10/3 2888/10/3
f 2898/10/3 2891/10/3 2897/10/3
f 2899/10/3 2893/10/3 2892/10/3
f 2899/10/3 2883/10/3 2876/10/3
f 2899/10/3 2892/10/3 2883/10/3
f 2900/10/3 2896/10/3 2895/10/3
f 2900/10/3 2899/10/3 2898/10/3
f 2900/10/3 2898/10/3 2897/10/3
f 2900/10/3 2897/10/3 2896/10/3
f 2901/10/3 2893/10/3 2899/10/3
f 2901/10/3 2899/10/3 2900/10/3
f 2902/10/3 2893/10/3 2901/10/3
f 2903/10/3 2893/10/3 2902/10/3
f 2904/10/3 2900/10/3 2895/10/3
f 2905/10/3 2900/10/3 2904/10/3
f 2906/10/3 2900/10/3 2905/10/3
f 2907/10/3 2900/10/3 2906/10/3
f 2908/10/3 2900/10/3 2907/10/3
f 2909/10/3 2900/10/3 2908/10/3
f 2910/10/3 2902/10/3 2901/10/3
f 2911/10/3 2902/10/3 2910/10/3
f 2912/10/3 2902/10/3 2911/10/3
f 2913/10/3 2893/10/3 2903/10/3
f 2917/10/3 2906/10/3 2905/10/3
f 2918/10/3 2906/10/3 2917/10/3
f 2919/10/3 2906/10/3 2918/10/3
f 2920/10/3 2908/10/3 2907/10/3
f 2921/10/3 2908/10/3 2920/10/3
f 2922/10/3 2908/10/3 2921/10/3
f 2923/10/3 2912/10/3 2911/10/3
f 2923/10/3 2913/10/3 2912/10/3
f 2924/10/3 2913/10/3 2923/10/3
f 2925/10/3 2893/10/3 2913/10/3
f 2925/10/3 2913/10/3 2924/10/3
f 2926/10/3 2893/10/3 2925/10/3
f 2927/10/3 2915/10/3 2914/10/3
f 2928/10/3 2917/10/3 2916/10/3
f 2928/10/3 2918/10/3 2917/10/3
f 2929/10/3 2921/10/3 2920/10/3
f 2929/10/3 2920/10/3 2919/10/3
f 2930/10/3 2921/10/3 2929/10/3
f 2931/10/3 2925/10/3 2924/10/3
f 2932/10/3 2925/10/3 2931/10/3
f 2934/10/3 2928/10/3 2927/10/3
f 2934/10/3 2927/10/3 2914/10/3
f 2935/10/3 2918/10/3 2928/10/3
f 2935/10/3 2928/10/3 2934/10/3
f 2936/10/3 2918/10/3 2935/10/3
f 2937/10/3 2921/10/3 2930/10/3
f 2939/10/3 2918/10/3 2936/10/3
f 2941/10/3 2939/10/3 2936/10/3
f 2941/10/3 2940/10/3 2939/10/3
f 2942/10/3 2940/10/3 2941/10/3
f 2943/10/3 2938/10/3 2937/10/3
f 2943/10/3 2937/10/3 2930/10/3
f 2944/10/3 2938/10/3 2943/10/3
f 2946/10/3 2934/10/3 2933/10/3
f 2946/10/3 2935/10/3 2934/10/3
f 2947/10/3 2935/10/3 2946/10/3
f 2948/10/3 2941/10/3 2936/10/3
f 2949/10/3 2945/10/3 2944/10/3
f 2949/10/3 2944/10/3 2943/10/3
f 2949/10/3 2943/10/3 2942/10/3
f 2950/10/3 2935/10/3 2947/10/3
f 2951/10/3 2935/10/3 2950/10/3
f 2952/10/3 2948/10/3 2936/10/3
f 2952/10/3 2949/10/3 2948/10/3
f 2953/10/3 2945/10/3 2949/10/3
f 2953/10/3 2949/10/3 2952/10/3
f 2954/10/3 2945/10/3 2953/10/3
f 2955/10/3 2950/10/3 2947/10/3
f 2956/10/3 2950/10/3 2955/10/3
f 2957/10/3 2950/10/3 2956/10/3
f 2958/10/3 2950/10/3 2957/10/3
f 2959/10/3 2953/10/3 2952/10/3
f 2959/10/3 2952/10/3 2951/10/3
f 2961/10/3 2957/10/3 2956/10/3
f 2962/10/3 2957/10/3 2961/10/3
f 2964/10/3 2959/10/3 2951/10/3
f 2964/10/3 2960/10/3 2959/10/3
f 2966/10/3 2964/10/3 2963/10/3
f 2967/10/3 2966/10/3 2965/10/3
f 2968/10/3 2964/10/3 2966/10/3
f 2968/10/3 2966/10/3 2967/10/3
f 2969/10/3 2960/10/3 2964/10/3
f 2969/10/3 2964/10/3 2968/10/3
f 2970/10/3 2960/10/3 2969/10/3
f 2971/10/3 2969/10/3 2968/10/3
f 2972/10/3 2960/10/3 2970/10/3
f 2973/10/3 2960/10/3 2972/10/3
f 2974/10/3 2960/10/3 2973/10/3
f 2975/10/3 2972/10/3 2971/10/3
f 2975/10/3 2973/10/3 2972/10/3
f 2976/10/3 2973/10/3 2975/10/3
f 2977/10/3 2971/10/3 2968/10/3
f 2977/10/3 2975/10/3 2971/10/3
f 2978/10/3 2975/10/3 2977/10/3
f 2979/10/3 2975/10/3 2978/10/3
f 2980/10/3 2975/10/3 2979/10/3
f 2981/10/3 2979/10/3 2978/10/3
f 2982/10/3 2979/10/3 2981/10/3
f 2983/10/3 2979/10/3 2982/10/3
f 2984/10/3 2979/10/3 2983/10/3
f 2985/10/3 2983/10/3 2982/10/3
f 2986/10/3 2983/10/3 2985/10/3
f 2987/10/3 2983/10/3 2986/10/3
f 2990/10/3 2973/10/3 2976/10/3
f 2991/10/3 2973/10/3 2990/10/3
f 2992/10/3 2973/10/3 2991/10/3
f 2993/10/3 2987/10/3 2986/10/3
f 2993/10/3 2988/10/3 2987/10/3
f 2994/10/3 2988/10/3 2993/10/3
f 2995/10/3 2988/10/3 2994/10/3
f 2996/10/3 2991/10/3 2990/10/3
f 2996/10/3 2990/10/3 2989/10/3
f 2997/10/3 2991/10/3 2996/10/3
f 2998/10/3 2995/10/3 2994/10/3
f 2998/10/3 2996/10/3 2995/10/3
f 2999/10/3 2996/10/3 2998/10/3
f 3000/10/3 2996/10/3 2999/10/3
f 3001/10/3 2996/10/3 3000/10/3
f 3002/10/3 3000/10/3 2999/10/3
f 3003/10/3 3000/10/3 3002/10/3
f 3004/10/3 3002/10/3 2999/10/3
f 3005/10/3 3002/10/3 3004/10/3
f 3008/10/3 3007/10/3 3006/10/3
f 3009/10/3 3007/10/3 3008/10/3
f 3010/10/3 3007/10/3 3009/10/3
f 3011/10/3 3007/10/3 3010/10/3
f 3016/6/3 3013/6/3 3012/6/3
f 3017/6/3 3013/6/3 3016/6/3
f 3018/9/3 3015/9/3 3014/9/3
f 3019/9/3 3015/9/3 3018/9/3
f 3024/10/3 3021/10/3 3020/10/3
f 3025/10/3 3021/10/3 3024/10/3
f 3029/10/3 3023/10/3 3022/10/3
f 3030/10/3 3023/10/3 3029/10/3
f 3031/6/3 3027/6/3 3026/6/3
f 3032/6/3 3027/6/3 3031/6/3
f 3033/10/3 3029/10/3 3028/10/3
f 3035/10/3 3034/10/3 3033/10/3
f 3035/10/3 3033/10/3 3028/10/3
f 3036/10/3 3034/10/3 3035/10/3
f 3037/10/3 3034/10/3 3036/10/3
f 3038/10/3 3034/10/3 3037/10/3
f 3041/10/3 3040/10/3 3039/10/3
f 3042/10/3 3040/10/3 3041/10/3
f 3046/7/3 3044/7/3 3043/7/3
f 3048/10/3 3046/10/3 3045/10/3
f 3049/7/3 3044/7/3 3046/7/3
f 3049/10/3 3046/10/3 3048/10/3
f 3050/7/3 3044/7/3 3049/7/3
f 3051/10/3 3048/10/3 3047/10/3
f 3051/10/3 3049/10/3 3048/10/3
f 3051/10/3 3050/10/3 3049/10/3
f 3052/10/3 3050/10/3 3051/10/3
f 3053/10/3 3050/10/3 3052/10/3
f 3054/10/3 3050/10/3 3053/10/3
f 3055/10/3 3053/10/3 3052/10/3
f 3056/10/3 3053/10/3 3055/10/3
f 3060/10/3 3058/10/3 3057/10/3
f 3061/10/3 3058/10/3 3060/10/3
f 3062/10/3 3060/10/3 3059/10/3
f 3063/10/3 3060/10/3 3062/10/3
f 3066/10/3 3065/10/3 3064/10/3
f 3067/10/3 3065/10/3 3066/10/3
f 3070/9/3 3069/9/3 3068/9/3
f 3071/9/3 3069/9/3 3070/9/3
f 3073/6/3 3071/6/3 3070/6/3
f 3074/9/3 3072/9/3 3071/9/3
f 3074/6/3 3071/6/3 3073/6/3
f 3075/9/3 3072/9/3 3074/9/3
f 3078/7/3 3077/7/3 3076/7/3
f 3079/7/3 3077/7/3 3078/7/3
f 3082/6/3 3081/6/3 3080/6/3
f 3083/6/3 3081/6/3 3082/6/3
f 3086/7/3 3085/7/3 3084/7/3
f 3087/7/3 3085/7/3 3086/7/3
f 3091/10/3 3089/10/3 3088/10/3
f 3092/10/3 3089/10/3 3091/10/3
f 3093/10/3 3091/10/3 3090/10/3
f 3094/10/3 3091/10/3 3093/10/3
f 3097/10/3 3096/10/3 3095/10/3
f 3098/10/3 3096/10/3 3097/10/3
f 3102/10/3 3101/10/3 3100/10/3
f 3103/10/3 3101/10/3 3102/10/3
f 3104/10/3 3099/10/3 3098/10/3
f 3105/10/3 3099/10/3 3104/10/3
f 3108/9/3 3107/9/3 3106/9/3
f 3109/9/3 3107/9/3 3108/9/3
f 3114/11/3 3111/11/3 3110/11/3
f 3115/11/3 3111/11/3 3114/11/3
f 3116/10/3 3113/10/3 3112/10/3
f 3117/10/3 3113/10/3 3116/10/3
f 3120/3/3 3119/3/3 3118/3/3
f 3121/3/3 3119/3/3 3120/3/3
f 3127/3/3 3123/3/3 3122/3/3
f 3128/3/3 3123/3/3 3127/3/3
f 3129/3/3 3126/3/3 3125/3/3
f 3129/3/3 3125/3/3 3124/3/3
f 3130/3/3 3126/3/3 3129/3/3
f 3131/3/3 3126/3/3 3130/3/3
f 3132/3/3 3126/3/3 3131/3/3
f 3135/9/3 3134/9/3 3133/9/3
f 3136/9/3 3135/9/3 3133/9/3
f 3137/9/3 3135/9/3 3136/9/3
f 3140/10/3 3139/10/3 3138/10/3
f 3141/10/3 3139/10/3 3140/10/3
f 3144/10/3 3143/10/3 3142/10/3
f 3145/10/3 3143/10/3 3144/10/3
f 3148/6/3 3147/6/3 3146/6/3
f 3149/6/3 3147/6/3 3148/6/3
f 3150/10/3 3149/10/3 3148/10/3
f 3151/10/3 3149/10/3 3150/10/3
f 3154/9/3 3153/9/3 3152/9/3
f 3155/9/3 3153/9/3 3154/9/3
f 3160/5/3 3159/5/3 3158/5/3
f 3161/5/3 3159/5/3 3160/5/3
f 3163/9/3 3157/9/3 3156/9/3
f 3164/9/3 3157/9/3 3163/9/3
f 3165/5/3 3162/5/3 3161/5/3
f 3166/5/3 3162/5/3 3165/5/3
f 3169/3/3 3168/3/3 3167/3/3
f 3170/3/3 3168/3/3 3169/3/3
f 3175/11/3 3172/11/3 3171/11/3
f 3176/11/3 3172/11/3 3175/11/3
f 3177/10/3 3174/10/3 3173/10/3
f 3178/10/3 3174/10/3 3177/10/3
f 3181/10/3 3180/10/3 3179/10/3
f 3182/10/3 3180/10/3 3181/10/3
f 3187/9/3 3184/9/3 3183/9/3
f 3188/9/3 3184/9/3 3187/9/3
f 3192/9/3 3188/9/3 3187/9/3
f 3192/9/3 3189/9/3 3188/9/3
f 3193/9/3 3189/9/3 3192/9/3
f 3194/9/3 3191/9/3 3190/9/3
f 3195/9/3 3191/9/3 3194/9/3
f 3197/5/3 3186/5/3 3185/5/3
f 3198/10/3 3196/10/3 3195/10/3
f 3199/10/3 3196/10/3 3198/10/3
f 3200/5/3 3197/5/3 3185/5/3
f 3202/5/3 3200/5/3 3185/5/3
f 3202/5/3 3201/5/3 3200/5/3
f 3203/5/3 3201/5/3 3202/5/3
f 3206/7/3 3205/7/3 3204/7/3
f 3207/7/3 3205/7/3 3206/7/3
f 3211/11/3 3209/11/3 3208/11/3
f 3211/10/3 3210/10/3 3209/10/3
f 3212/10/3 3210/10/3 3211/10/3
f 3213/11/3 3211/11/3 3208/11/3
f 3214/11/3 3211/11/3 3213/11/3
f 3217/8/3 3216/8/3 3215/8/3
f 3218/8/3 3216/8/3 3217/8/3
f 3223/3/3 3220/3/3 3219/3/3
f 3224/3/3 3220/3/3 3223/3/3
f 3225/3/3 3220/3/3 3224/3/3
f 3226/3/3 3222/3/3 3221/3/3
f 3227/3/3 3222/3/3 3226/3/3
f 3228/3/3 3222/3/3 3227/3/3
f 3231/10/3 3230/10/3 3229/10/3
f 3232/10/3 3230/10/3 3231/10/3
f 3235/6/3 3234/6/3 3233/6/3
f 3236/6/3 3234/6/3 3235/6/3
f 3239/5/3 3238/5/3 3237/5/3
f 3240/5/3 3238/5/3 3239/5/3
f 3246/9/3 3242/9/3 3241/9/3
f 3247/9/3 3242/9/3 3246/9/3
f 3248/4/3 3244/4/3 3243/4/3
f 3249/7/3 3245/7/3 3244/7/3
f 3249/4/3 3244/4/3 3248/4/3
f 3250/7/3 3245/7/3 3249/7/3
f 3253/5/3 3252/5/3 3251/5/3
f 3254/5/3 3252/5/3 3253/5/3
f 3257/8/3 3256/8/3 3255/8/3
f 3258/8/3 3256/8/3 3257/8/3
f 3260/9/3 3259/9/3 3258/9/3
f 3261/9/3 3259/9/3 3260/9/3
f 3267/11/3 3263/11/3 3262/11/3
f 3268/11/3 3263/11/3 3267/11/3
f 3269/11/3 3265/11/3 3264/11/3
f 3270/10/3 3266/10/3 3265/10/3
f 3270/11/3 3265/11/3 3269/11/3
f 3271/10/3 3266/10/3 3270/10/3
f 3278/7/3 3274/7/3 3273/7/3
f 3278/7/3 3273/7/3 3272/7/3
f 3279/7/3 3274/7/3 3278/7/3
f 3280/8/3 3276/8/3 3275/8/3
f 3280/7/3 3274/7/3 3279/7/3
f 3280/8/3 3275/8/3 3274/8/3
f 3281/8/3 3276/8/3 3280/8/3
f 3283/7/3 3279/7/3 3278/7/3
f 3283/7/3 3278/7/3 3277/7/3
f 3284/7/3 3279/7/3 3283/7/3
f 3285/7/3 3279/7/3 3284/7/3
f 3286/3/3 3282/3/3 3281/3/3
f 3287/3/3 3282/3/3 3286/3/3
f 3288/3/3 3284/3/3 3283/3/3
f 3289/3/3 3284/3/3 3288/3/3
f 3292/3/3 3291/3/3 3290/3/3
f 3293/3/3 3291/3/3 3292/3/3
f 3296/9/3 3295/9/3 3294/9/3
f 3297/9/3 3295/9/3 3296/9/3
f 3300/10/3 3299/10/3 3298/10/3
f 3301/10/3 3299/10/3 3300/10/3
f 3305/5/3 3303/5/3 3302/5/3
f 3306/5/3 3303/5/3 3305/5/3
f 3307/9/3 3305/9/3 3304/9/3
f 3307/9/3 3306/9/3 3305/9/3
f 3308/9/3 3306/9/3 3307/9/3
f 3309/9/3 3306/9/3 3308/9/3
f 3310/9/3 3306/9/3 3309/9/3
f 3313/8/3 3312/8/3 3311/8/3
f 3314/8/3 3312/8/3 3313/8/3
f 3317/10/3 3316/10/3 3315/10/3
f 3318/10/3 3316/10/3 3317/10/3
f 3321/3/3 3320/3/3 3319/3/3
f 3322/3/3 3320/3/3 3321/3/3
f 3327/7/3 3324/7/3 3323/7/3
f 3328/7/3 3324/7/3 3327/7/3
f 3329/11/3 3326/11/3 3325/11/3
f 3330/11/3 3326/11/3 3329/11/3
f 3333/8/3 3332/8/3 3331/8/3
f 3334/8/3 3332/8/3 3333/8/3
f 3335/8/3 3332/8/3 3334/8/3
f 3336/8/3 3332/8/3 3335/8/3
f 3339/5/3 3338/5/3 3337/5/3
f 3340/5/3 3338/5/3 3339/5/3
f 3343/9/3 3342/9/3 3341/9/3
f 3344/9/3 3342/9/3 3343/9/3
f 3349/9/3 3346/9/3 3345/9/3
f 3350/9/3 3348/9/3 3347/9/3
f 3351/9/3 3348/9/3 3350/9/3
f 3352/9/3 3349/9/3 3345/9/3
f 3353/9/3 3349/9/3 3352/9/3
f 3356/8/3 3355/8/3 3354/8/3
f 3357/8/3 3355/8/3 3356/8/3
f 3362/10/3 3359/10/3 3358/10/3
f 3363/10/3 3359/10/3 3362/10/3
f 3364/10/3 3361/10/3 3360/10/3
f 3365/10/3 3361/10/3 3364/10/3
f 3368/9/3 3367/9/3 3366/9/3
f 3369/9/3 3367/9/3 3368/9/3
f 3372/8/3 3371/8/3 3370/8/3
f 3374/8/3 3372/8/3 3370/8/3
f 3374/8/3 3373/8/3 3372/8/3
f 3375/8/3 3373/8/3 3374/8/3
f 3376/8/3 3373/8/3 3375/8/3
f 3379/5/3 3378/5/3 3377/5/3
f 3380/5/3 3378/5/3 3379/5/3
f 3384/7/3 3381/7/3 3380/7/3
f 3385/7/3 3381/7/3 3384/7/3
f 3390/9/3 3383/9/3 3382/9/3
f 3391/9/3 3383/9/3 3390/9/3
f 3392/9/3 3387/9/3 3386/9/3
f 3393/9/3 3387/9/3 3392/9/3
f 3398/9/3 3389/9/3 3388/9/3
f 3399/9/3 3389/9/3 3398/9/3
f 3400/9/3 3392/9/3 3391/9/3
f 3401/9/3 3392/9/3 3400/9/3
f 3402/8/3 3395/8/3 3394/8/3
f 3403/8/3 3395/8/3 3402/8/3
f 3406/10/3 3397/10/3 3396/10/3
f 3407/10/3 3397/10/3 3406/10/3
f 3409/8/3 3405/8/3 3404/8/3
f 3410/8/3 3405/8/3 3409/8/3
f 3411/10/3 3399/10/3 3398/10/3
f 3412/10/3 3399/10/3 3411/10/3
f 3413/8/3 3409/8/3 3408/8/3
f 3414/8/3 3409/8/3 3413/8/3
f 3417/10/3 3416/10/3 3415/10/3
f 3418/10/3 3416/10/3 3417/10/3
f 3421/11/3 3420/11/3 3419/11/3
f 3422/11/3 3420/11/3 3421/11/3
f 3426/9/3 3424/9/3 3423/9/3
f 3426/9/3 3425/9/3 3424/9/3
f 3427/9/3 3425/9/3 3426/9/3
f 3429/9/3 3428/9/3 3427/9/3
f 3430/9/3 3428/9/3 3429/9/3
f 3433/9/3 3432/9/3 3431/9/3
f 3434/9/3 3432/9/3 3433/9/3
f 3435/9/3 3432/9/3 3434/9/3
f 3436/9/3 3432/9/3 3435/9/3
f 3439/8/3 3438/8/3 3437/8/3
f 3440/8/3 3438/8/3 3439/8/3
f 3445/9/3 3442/9/3 3441/9/3
f 3446/9/3 3442/9/3 3445/9/3
f 3447/9/3 3444/9/3 3443/9/3
f 3448/9/3 3444/9/3 3447/9/3
f 3449/8/3 3446/8/3 3445/8/3
f 3450/8/3 3446/8/3 3449/8/3
f 3453/8/3 3452/8/3 3451/8/3
f 3454/8/3 3452/8/3 3453/8/3
f 3457/2/3 3456/2/3 3455/2/3
f 3458/2/3 3456/2/3 3457/2/3
f 3460/8/3 3458/8/3 3457/8/3
f 3460/8/3 3459/8/3 3458/8/3
f 3461/8/3 3459/8/3 3460/8/3
f 3462/8/3 3460/8/3 3457/8/3
f 3463/8/3 3460/8/3 3462/8/3
f 3466/9/3 3465/9/3 3464/9/3
f 3467/9/3 3465/9/3 3466/9/3
f 3470/9/3 3469/9/3 3468/9/3
f 3471/9/3 3469/9/3 3470/9/3
f 3474/9/3 3473/9/3 3472/9/3
f 3475/9/3 3473/9/3 3474/9/3
f 3478/8/3 3477/8/3 3476/8/3
f 3479/8/3 3477/8/3 3478/8/3
f 3480/8/3 3478/8/3 3476/8/3
f 3481/8/3 3478/8/3 3480/8/3
f 3487/8/3 3483/8/3 3482/8/3
f 3488/8/3 3483/8/3 3487/8/3
f 3491/8/3 3487/8/3 3486/8/3
f 3492/8/3 3487/8/3 3491/8/3
f 3493/8/3 3485/8/3 3484/8/3
f 3494/8/3 3485/8/3 3493/8/3
f 3495/8/3 3490/8/3 3489/8/3
f 3496/8/3 3490/8/3 3495/8/3
f 3497/2/3 3495/2/3 3494/2/3
f 3497/2/3 3496/2/3 3495/2/3
f 3498/2/3 3496/2/3 3497/2/3
f 3503/2/3 3500/2/3 3499/2/3
f 3504/2/3 3502/2/3 3501/2/3
f 3505/2/3 3502/2/3 3504/2/3
f 3506/2/3 3503/2/3 3499/2/3
f 3507/2/3 3503/2/3 3506/2/3
f 3510/8/3 3509/8/3 3508/8/3
f 3511/8/3 3509/8/3 3510/8/3
f 3512/8/3 3510/8/3 3508/8/3
f 3513/8/3 3510/8/3 3512/8/3
f 3516/9/3 3515/9/3 3514/9/3
f 3517/9/3 3515/9/3 3516/9/3
f 3523/8/3 3519/8/3 3518/8/3
f 3524/8/3 3519/8/3 3523/8/3
f 3525/6/3 3521/6/3 3520/6/3
f 3526/6/3 3521/6/3 3525/6/3
f 3528/8/3 3523/8/3 3522/8/3
f 3529/8/3 3523/8/3 3528/8/3
f 3532/8/3 3528/8/3 3527/8/3
f 3533/8/3 3528/8/3 3532/8/3
f 3534/2/3 3531/2/3 3530/2/3
f 3535/2/3 3531/2/3 3534/2/3
f 3537/2/3 3536/2/3 3535/2/3
f 3538/2/3 3536/2/3 3537/2/3
f 3541/8/3 3540/8/3 3539/8/3
f 3542/8/3 3540/8/3 3541/8/3
f 3545/8/3 3544/8/3 3543/8/3
f 3546/8/3 3544/8/3 3545/8/3
f 3549/2/3 3548/2/3 3547/2/3
f 3550/2/3 3548/2/3 3549/2/3
f 3554/2/3 3552/2/3 3551/2/3
f 3555/8/3 3553/8/3 3552/8/3
f 3555/2/3 3552/2/3 3554/2/3
f 3556/8/3 3553/8/3 3555/8/3
f 3557/8/3 3555/8/3 3554/8/3
f 3558/8/3 3555/8/3 3557/8/3
f 3561/8/3 3560/8/3 3559/8/3
f 3562/8/3 3560/8/3 3561/8/3
f 3565/8/3 3564/8/3 3563/8/3
f 3566/8/3 3564/8/3 3565/8/3
f 3572/8/3 3568/8/3 3567/8/3
f 3573/8/3 3568/8/3 3572/8/3
f 3574/8/3 3570/8/3 3569/8/3
f 3575/8/3 3570/8/3 3574/8/3
f 3577/8/3 3572/8/3 3571/8/3
f 3580/8/3 3577/8/3 3576/8/3
f 3581/8/3 3572/8/3 3577/8/3
f 3581/8/3 3577/8/3 3580/8/3
f 3582/2/3 3579/2/3 3578/2/3
f 3583/2/3 3579/2/3 3582/2/3
f 3585/8/3 3572/8/3 3581/8/3
f 3586/8/3 3572/8/3 3585/8/3
f 3587/1/3 3584/1/3 3583/1/3
f 3588/1/3 3584/1/3 3587/1/3
f 3591/8/3 3590/8/3 3589/8/3
f 3592/8/3 3590/8/3 3591/8/3
f 3595/1/3 3594/1/3 3593/1/3
f 3597/1/3 3595/1/3 3593/1/3
f 3597/1/3 3596/1/3 3595/1/3
f 3598/1/3 3596/1/3 3597/1/3
f 3599/1/3 3596/1/3 3598/1/3
f 3600/1/3 3599/1/3 3598/1/3
f 3601/1/3 3599/1/3 3600/1/3
f 3604/2/3 3603/2/3 3602/2/3
f 3605/2/3 3603/2/3 3604/2/3
f 3608/6/3 3607/6/3 3606/6/3
f 3609/6/3 3607/6/3 3608/6/3
f 3614/8/3 3611/8/3 3610/8/3
f 3615/8/3 3611/8/3 3614/8/3
f 3617/8/3 3613/8/3 3612/8/3
f 3618/8/3 3613/8/3 3617/8/3
f 3619/2/3 3617/2/3 3616/2/3
f 3619/2/3 3618/2/3 3617/2/3
f 3620/2/3 3618/2/3 3619/2/3
f 3623/8/3 3622/8/3 3621/8/3
f 3624/8/3 3622/8/3 3623/8/3
f 3627/1/3 3626/1/3 3625/1/3
f 3628/1/3 3626/1/3 3627/1/3
f 3632/2/3 3628/2/3 3627/2/3
f 3632/2/3 3629/2/3 3628/2/3
f 3633/2/3 3629/2/3 3632/2/3
f 3634/2/3 3629/2/3 3633/2/3
f 3635/8/3 3631/8/3 3630/8/3
f 3636/8/3 3631/8/3 3635/8/3
f 3639/6/3 3638/6/3 3637/6/3
f 3641/6/3 3639/6/3 3637/6/3
f 3641/6/3 3640/6/3 3639/6/3
f 3642/6/3 3640/6/3 3641/6/3
f 3644/8/3 3643/8/3 3642/8/3
f 3645/8/3 3643/8/3 3644/8/3
f 3649/1/3 3647/1/3 3646/1/3
f 3657/1/3 3649/1/3 3648/1/3
f 3658/1/3 3647/1/3 3649/1/3
f 3658/1/3 3649/1/3 3657/1/3
f 3659/8/3 3651/8/3 3650/8/3
f 3660/8/3 3651/8/3 3659/8/3
f 3661/8/3 3653/8/3 3652/8/3
f 3662/2/3 3654/2/3 3653/2/3
f 3662/8/3 3653/8/3 3661/8/3
f 3663/2/3 3654/2/3 3662/2/3
f 3664/2/3 3656/2/3 3655/2/3
f 3665/2/3 3656/2/3 3664/2/3
f 3666/8/3 3662/8/3 3661/8/3
f 3667/8/3 3662/8/3 3666/8/3
f 3670/2/3 3669/2/3 3668/2/3
f 3671/2/3 3669/2/3 3670/2/3
f 3674/1/3 3673/1/3 3672/1/3
f 3676/1/3 3674/1/3 3672/1/3
f 3676/1/3 3675/1/3 3674/1/3
f 3677/1/3 3675/1/3 3676/1/3
f 3678/1/3 3676/1/3 3672/1/3
f 3679/1/3 3676/1/3 3678/1/3
f 3682/6/3 3681/6/3 3680/6/3
f 3683/6/3 3681/6/3 3682/6/3
f 3686/2/3 3685/2/3 3684/2/3
f 3687/2/3 3685/2/3 3686/2/3
f 3693/1/3 3689/1/3 3688/1/3
f 3694/1/3 3691/1/3 3690/1/3
f 3695/1/3 3691/1/3 3694/1/3
f 3696/1/3 3693/1/3 3692/1/3
f 3697/1/3 3689/1/3 3693/1/3
f 3697/1/3 3693/1/3 3696/1/3
f 3700/8/3 3699/8/3 3698/8/3
f 3701/8/3 3699/8/3 3700/8/3
f 3704/2/3 3703/2/3 3702/2/3
f 3705/2/3 3703/2/3 3704/2/3
f 3710/2/3 3707/2/3 3706/2/3
f 3711/6/3 3708/6/3 3707/6/3
f 3711/2/3 3707/2/3 3710/2/3
f 3712/8/3 3709/8/3 3708/8/3
f 3712/6/3 3708/6/3 3711/6/3
f 3713/8/3 3709/8/3 3712/8/3
f 3714/6/3 3711/6/3 3710/6/3
f 3715/6/3 3711/6/3 3714/6/3
f 3718/1/3 3717/1/3 3716/1/3
f 3719/1/3 3717/1/3 3718/1/3
f 3721/2/3 3719/2/3 3718/2/3
f 3722/2/3 3719/2/3 3721/2/3
f 3726/2/3 3722/2/3 3721/2/3
f 3726/2/3 3721/2/3 3720/2/3
f 3727/2/3 3722/2/3 3726/2/3
f 3728/1/3 3723/1/3 3722/1/3
f 3728/2/3 3722/2/3 3727/2/3
f 3729/1/3 3723/1/3 3728/1/3
f 3730/2/3 3725/2/3 3724/2/3
f 3731/2/3 3725/2/3 3730/2/3
f 3736/1/3 3733/1/3 3732/1/3
f 3737/1/3 3733/1/3 3736/1/3
f 3738/1/3 3735/1/3 3734/1/3
f 3739/1/3 3735/1/3 3738/1/3
f 3742/2/3 3741/2/3 3740/2/3
f 3743/2/3 3741/2/3 3742/2/3
f 3747/2/3 3745/2/3 3744/2/3
f 3748/2/3 3745/2/3 3747/2/3
f 3749/2/3 3747/2/3 3746/2/3
f 3750/2/3 3747/2/3 3749/2/3
f 3753/1/3 3752/1/3 3751/1/3
f 3754/1/3 3752/1/3 3753/1/3
f 3758/2/3 3754/2/3 3753/2/3
f 3759/1/3 3755/1/3 3754/1/3
f 3759/2/3 3754/2/3 3758/2/3
f 3760/1/3 3755/1/3 3759/1/3
f 3761/2/3 3757/2/3 3756/2/3
f 3762/2/3 3757/2/3 3761/2/3
f 3765/1/3 3764/1/3 3763/1/3
f 3766/1/3 3764/1/3 3765/1/3
f 3769/2/3 3768/2/3 3767/2/3
f 3770/2/3 3768/2/3 3769/2/3
f 3772/2/3 3771/2/3 3770/2/3
f 3773/2/3 3771/2/3 3772/2/3
f 3776/2/3 3775/2/3 3774/2/3
f 3777/2/3 3775/2/3 3776/2/3
f 3780/2/3 3779/2/3 3778/2/3
f 3781/2/3 3779/2/3 3780/2/3
f 3784/2/3 3783/2/3 3782/2/3
f 3785/2/3 3783/2/3 3784/2/3
f 3786/2/3 3783/2/3 3785/2/3
f 3787/2/3 3783/2/3 3786/2/3
f 3790/2/3 3789/2/3 3788/2/3
f 3791/2/3 3789/2/3 3790/2/3
f 3794/2/3 3793/2/3 3792/2/3
f 3795/2/3 3793/2/3 3794/2/3
f 3800/1/3 3797/1/3 3796/1/3
f 3801/1/3 3797/1/3 3800/1/3
f 3802/2/3 3799/2/3 3798/2/3
f 3803/2/3 3799/2/3 3802/2/3
f 3806/1/3 3805/1/3 3804/1/3
f 3807/1/3 3805/1/3 3806/1/3
f 3810/2/3 3809/2/3 3808/2/3
f 3811/2/3 3809/2/3 3810/2/3
f 3815/2/3 3813/2/3 3812/2/3
f 3816/2/3 3813/2/3 3815/2/3
f 3817/2/3 3815/2/3 3814/2/3
f 3818/2/3 3815/2/3 3817/2/3
f 3821/1/3 3820/1/3 3819/1/3
f 3822/1/3 3820/1/3 3821/1/3
f 3825/2/3 3824/2/3 3823/2/3
f 3826/2/3 3824/2/3 3825/2/3
f 3829/1/3 3828/1/3 3827/1/3
f 3830/1/3 3828/1/3 3829/1/3
f 3833/2/3 3832/2/3 3831/2/3
f 3834/2/3 3832/2/3 3833/2/3
f 3836/2/3 3834/2/3 3833/2/3
f 3836/1/3 3835/1/3 3834/1/3
f 3837/1/3 3835/1/3 3836/1/3
f 3841/2/3 3836/2/3 3833/2/3
f 3842/2/3 3836/2/3 3841/2/3
f 3844/1/3 3839/1/3 3838/1/3
f 3845/1/3 3839/1/3 3844/1/3
f 3846/2/3 3841/2/3 3840/2/3
f 3847/2/3 3841/2/3 3846/2/3
f 3848/1/3 3845/1/3 3844/1/3
f 3848/1/3 3844/1/3 3843/1/3
f 3849/1/3 3845/1/3 3848/1/3
f 3850/1/3 3845/1/3 3849/1/3
f 3853/1/3 3852/1/3 3851/1/3
f 3854/1/3 3853/1/3 3851/1/3
f 3855/1/3 3853/1/3 3854/1/3
f 3858/1/3 3857/1/3 3856/1/3
f 3859/1/3 3857/1/3 3858/1/3
f 3862/2/3 3861/2/3 3860/2/3
f 3863/2/3 3861/2/3 3862/2/3
f 3866/1/3 3865/1/3 3864/1/3
f 3867/1/3 3865/1/3 3866/1/3
f 3871/1/3 3869/1/3 3868/1/3
f 3872/1/3 3869/1/3 3871/1/3
f 3874/1/3 3871/1/3 3870/1/3
f 3875/2/3 3872/2/3 3871/2/3
f 3875/1/3 3871/1/3 3874/1/3
f 3876/1/3 3873/1/3 3872/1/3
f 3876/2/3 3872/2/3 3875/2/3
f 3877/1/3 3873/1/3 3876/1/3
f 3878/1/3 3873/1/3 3877/1/3
f 3881/1/3 3880/1/3 3879/1/3
f 3882/1/3 3880/1/3 3881/1/3
f 3885/1/3 3884/1/3 3883/1/3
f 3886/1/3 3884/1/3 3885/1/3
f 3887/10/4 3888/10/4 3891/10/4
f 3891/10/4 3888/10/4 3892/10/4
f 3892/10/4 3888/10/4 3893/10/4
f 3893/10/4 3888/10/4 3894/10/4
f 3889/10/4 3890/10/4 3897/10/4
f 3892/10/4 3893/10/4 3900/10/4
f 3895/10/4 3896/10/4 3901/10/4
f 3901/10/4 3896/10/4 3902/10/4
f 3889/10/4 3897/10/4 3905/10/4
f 3905/10/4 3897/10/4 3906/10/4
f 3906/10/4 3897/10/4 3907/10/4
f 3898/10/4 3899/10/4 3908/10/4
f 3908/10/4 3899/10/4 3909/10/4
f 3909/10/4 3899/10/4 3910/10/4
f 3892/10/4 3900/10/4 3911/10/4
f 3902/10/4 3903/10/4 3912/10/4
f 3901/10/4 3902/10/4 3912/10/4
f 3912/10/4 3903/10/4 3913/10/4
f 3913/10/4 3903/10/4 3914/10/4
f 3904/10/4 3905/10/4 3916/10/4
f 3905/10/4 3906/10/4 3916/10/4
f 3916/10/4 3906/10/4 3917/10/4
f 3909/10/4 3910/10/4 3918/10/4
f 3918/10/4 3910/10/4 3919/10/4
f 3911/10/4 3900/10/4 3921/10/4
f 3914/10/4 3915/10/4 3922/10/4
f 3913/10/4 3914/10/4 3922/10/4
f 3922/10/4 3915/10/4 3923/10/4
f 3917/10/4 3906/10/4 3924/10/4
f 3919/10/4 3910/10/4 3928/10/4
f 3928/10/4 3910/10/4 3929/10/4
f 3920/10/4 3921/10/4 3930/10/4
f 3921/10/4 3900/10/4 3931/10/4
f 3930/10/4 3921/10/4 3931/10/4
f 3931/10/4 3900/10/4 3932/10/4
f 3924/10/4 3925/10/4 3934/10/4
f 3928/10/4 3929/10/4 3936/10/4
f 3926/10/4 3927/10/4 3936/10/4
f 3929/10/4 3930/10/4 3936/10/4
f 3930/10/4 3931/10/4 3936/10/4
f 3927/10/4 3928/10/4 3936/10/4
f 3936/10/4 3931/10/4 3937/10/4
f 3937/10/4 3931/10/4 3938/10/4
f 3932/10/4 3933/10/4 3939/10/4
f 3939/10/4 3933/10/4 3940/10/4
f 3940/10/4 3933/10/4 3941/10/4
f 3934/10/4 3935/10/4 3942/10/4
f 3924/10/4 3934/10/4 3942/10/4
f 3917/10/4 3924/10/4 3942/10/4
f 3942/10/4 3935/10/4 3943/10/4
f 3943/10/4 3935/10/4 3944/10/4
f 3944/10/4 3935/10/4 3945/10/4
f 3936/10/4 3937/10/4 3946/10/4
f 3946/10/4 3937/10/4 3947/10/4
f 3947/10/4 3937/10/4 3948/10/4
f 3948/10/4 3937/10/4 3949/10/4
f 3939/10/4 3940/10/4 3950/10/4
f 3938/10/4 3939/10/4 3950/10/4
f 3950/10/4 3940/10/4 3951/10/4
f 3923/10/4 3915/10/4 3952/10/4
f 3943/10/4 3944/10/4 3958/10/4
f 3947/10/4 3948/10/4 3959/10/4
f 3959/10/4 3948/10/4 3960/10/4
f 3951/10/4 3940/10/4 3961/10/4
f 3961/10/4 3940/10/4 3962/10/4
f 3952/10/4 3915/10/4 3964/10/4
f 3964/10/4 3915/10/4 3965/10/4
f 3953/10/4 3954/10/4 3966/10/4
f 3966/10/4 3954/10/4 3967/10/4
f 3955/10/4 3956/10/4 3968/10/4
f 3968/10/4 3956/10/4 3969/10/4
f 3957/10/4 3958/10/4 3970/10/4
f 3958/10/4 3944/10/4 3971/10/4
f 3970/10/4 3958/10/4 3971/10/4
f 3947/10/4 3959/10/4 3973/10/4
f 3962/10/4 3963/10/4 3974/10/4
f 3963/10/4 3964/10/4 3974/10/4
f 3974/10/4 3964/10/4 3975/10/4
f 3971/10/4 3944/10/4 3978/10/4
f 3978/10/4 3944/10/4 3979/10/4
f 3972/10/4 3973/10/4 3981/10/4
f 3973/10/4 3959/10/4 3982/10/4
f 3981/10/4 3973/10/4 3982/10/4
f 3982/10/4 3959/10/4 3983/10/4
f 3976/10/4 3977/10/4 3985/10/4
f 3985/10/4 3977/10/4 3986/10/4
f 3983/10/4 3984/10/4 3990/10/4
f 3982/10/4 3983/10/4 3990/10/4
f 3979/10/4 3980/10/4 3993/10/4
f 3989/10/4 3990/10/4 3997/10/4
f 3990/10/4 3984/10/4 3998/10/4
f 3997/10/4 3990/10/4 3998/10/4
f 3991/10/4 3992/10/4 4000/10/4
f 4000/10/4 3992/10/4 4001/10/4
f 3987/10/4 3988/10/4 4003/10/4
f 3995/10/4 3996/10/4 4004/10/4
f 4004/10/4 3996/10/4 4005/10/4
f 3998/10/4 3999/10/4 4007/10/4
f 4002/10/4 4003/10/4 4011/10/4
f 4003/10/4 3988/10/4 4012/10/4
f 4011/10/4 4003/10/4 4012/10/4
f 3979/10/4 3993/10/4 4014/10/4
f 3993/10/4 3994/10/4 4014/10/4
f 4014/10/4 3994/10/4 4015/10/4
f 4006/10/4 4007/10/4 4016/10/4
f 4007/10/4 3999/10/4 4017/10/4
f 4016/10/4 4007/10/4 4017/10/4
f 4008/10/4 4009/10/4 4018/10/4
f 4018/10/4 4009/10/4 4019/10/4
f 4010/10/4 4011/10/4 4020/10/4
f 4020/10/4 4011/10/4 4021/10/4
f 4012/10/4 4013/10/4 4022/10/4
f 4019/10/4 4020/10/4 4026/10/4
f 4026/10/4 4020/10/4 4027/10/4
f 4022/10/4 4023/10/4 4029/10/4
f 4012/10/4 4022/10/4 4029/10/4
f 4029/10/4 4023/10/4 4030/10/4
f 4030/10/4 4023/10/4 4031/10/4
f 4028/10/4 4029/10/4 4033/10/4
f 4029/10/4 4030/10/4 4033/10/4
f 4033/10/4 4030/10/4 4034/10/4
f 4024/10/4 4025/10/4 4037/10/4
f 4032/10/4 4033/10/4 4038/10/4
f 4038/10/4 4033/10/4 4039/10/4
f 4036/10/4 4037/10/4 4043/10/4
f 4035/10/4 4036/10/4 4043/10/4
f 4043/10/4 4037/10/4 4044/10/4
f 4037/10/4 4025/10/4 4045/10/4
f 4044/10/4 4037/10/4 4045/10/4
f 4039/10/4 4040/10/4 4046/10/4
f 4046/10/4 4040/10/4 4047/10/4
f 4043/10/4 4044/10/4 4048/10/4
f 4048/10/4 4044/10/4 4049/10/4
f 4045/10/4 4025/10/4 4051/10/4
f 4051/10/4 4025/10/4 4052/10/4
f 4052/10/4 4025/10/4 4053/10/4
f 4041/10/4 4042/10/4 4055/10/4
f 4055/10/4 4042/10/4 4056/10/4
f 4050/10/4 4051/10/4 4059/10/4
f 4051/10/4 4052/10/4 4059/10/4
f 4059/10/4 4052/10/4 4060/10/4
f 4060/10/4 4052/10/4 4061/10/4
f 4039/10/4 4046/10/4 4062/10/4
f 4062/10/4 4046/10/4 4063/10/4
f 4054/10/4 4055/10/4 4064/10/4
f 4064/10/4 4055/10/4 4065/10/4
f 4057/10/4 4058/10/4 4066/10/4
f 4066/10/4 4058/10/4 4067/10/4
f 4064/10/4 4065/10/4 4068/10/4
f 4063/10/4 4064/10/4 4068/10/4
f 4068/10/4 4065/10/4 4069/10/4
f 4069/10/4 4065/10/4 4070/10/4
f 4061/10/4 4052/10/4 4073/10/4
f 4073/10/4 4052/10/4 4074/10/4
f 4069/10/4 4070/10/4 4075/10/4
f 4075/10/4 4070/10/4 4076/10/4
f 4071/10/4 4072/10/4 4078/10/4
f 4078/10/4 4072/10/4 4079/10/4
f 4074/10/4 4052/10/4 4080/10/4
f 4080/10/4 4052/10/4 4081/10/4
f 4076/10/4 4077/10/4 4082/10/4
f 4082/10/4 4077/10/4 4083/10/4
f 4084/10/4 4085/10/4 4089/10/4
f 4089/10/4 4085/10/4 4090/10/4
f 4086/10/4 4087/10/4 4091/10/4
f 4091/10/4 4087/10/4 4092/10/4
f 4088/10/4 4089/10/4 4093/10/4
f 4093/10/4 4089/10/4 4094/10/4
f 4095/10/4 4096/10/4 4099/10/4
f 4099/10/4 4096/10/4 4100/10/4
f 4097/6/4 4098/6/4 4105/6/4
f 4105/6/4 4098/6/4 4106/6/4
f 4101/9/4 4102/9/4 4111/9/4
f 4111/9/4 4102/9/4 4112/9/4
f 4103/6/4 4104/6/4 4114/6/4
f 4114/6/4 4104/6/4 4115/6/4
f 4115/6/4 4104/6/4 4116/6/4
f 4107/6/4 4108/6/4 4120/6/4
f 4120/6/4 4108/6/4 4121/6/4
f 4109/6/4 4110/6/4 4122/6/4
f 4113/10/4 4114/10/4 4128/10/4
f 4114/10/4 4115/10/4 4128/10/4
f 4117/6/4 4118/6/4 4130/6/4
f 4119/6/4 4120/6/4 4131/6/4
f 4131/6/4 4120/6/4 4132/6/4
f 4122/6/4 4123/6/4 4133/6/4
f 4109/6/4 4122/6/4 4133/6/4
f 4133/6/4 4123/6/4 4134/6/4
f 4124/9/4 4125/9/4 4136/9/4
f 4136/9/4 4125/9/4 4137/9/4
f 4128/10/4 4129/10/4 4138/10/4
f 4113/10/4 4128/10/4 4138/10/4
f 4138/10/4 4129/10/4 4139/10/4
f 4139/10/4 4129/10/4 4140/10/4
f 4117/6/4 4130/6/4 4141/6/4
f 4141/6/4 4130/6/4 4142/6/4
f 4133/6/4 4134/6/4 4143/6/4
f 4132/6/4 4133/6/4 4143/6/4
f 4143/6/4 4134/6/4 4144/6/4
f 4144/6/4 4134/6/4 4145/6/4
f 4134/10/4 4135/10/4 4146/10/4
f 4145/6/4 4134/6/4 4146/6/4
f 4146/10/4 4135/10/4 4147/10/4
f 4124/9/4 4136/9/4 4148/9/4
f 4148/9/4 4136/9/4 4149/9/4
f 4126/10/4 4127/10/4 4151/10/4
f 4151/10/4 4127/10/4 4152/10/4
f 4139/10/4 4140/10/4 4153/10/4
f 4141/10/4 4142/10/4 4153/10/4
f 4140/10/4 4141/10/4 4153/10/4
f 4153/10/4 4142/10/4 4154/10/4
f 4154/10/4 4142/10/4 4155/10/4
f 4144/10/4 4145/10/4 4157/10/4
f 4157/10/4 4145/10/4 4158/10/4
f 4150/9/4 4151/9/4 4159/9/4
f 4159/9/4 4151/9/4 4160/9/4
f 4156/3/4 4157/3/4 4165/3/4
f 4157/3/4 4158/3/4 4165/3/4
f 4165/3/4 4158/3/4 4166/3/4
f 4166/3/4 4158/3/4 4167/3/4
f 4167/3/4 4158/3/4 4168/3/4
f 4163/10/4 4164/10/4 4174/10/4
f 4161/10/4 4162/10/4 4179/10/4
f 4179/10/4 4162/10/4 4180/10/4
f 4170/9/4 4171/9/4 4181/9/4
f 4181/9/4 4171/9/4 4182/9/4
f 4172/10/4 4173/10/4 4184/10/4
f 4184/10/4 4173/10/4 4185/10/4
f 4163/10/4 4174/10/4 4189/10/4
f 4175/10/4 4176/10/4 4190/10/4
f 4190/10/4 4176/10/4 4191/10/4
f 4177/10/4 4178/10/4 4192/10/4
f 4192/10/4 4178/10/4 4193/10/4
f 4168/10/4 4169/10/4 4194/10/4
f 4167/10/4 4168/10/4 4194/10/4
f 4194/10/4 4169/10/4 4195/10/4
f 4183/10/4 4184/10/4 4196/10/4
f 4196/10/4 4184/10/4 4197/10/4
f 4187/9/4 4188/9/4 4198/9/4
f 4186/6/4 4187/6/4 4198/6/4
f 4198/9/4 4188/9/4 4199/9/4
f 4163/10/4 4189/10/4 4200/10/4
f 4189/10/4 4190/10/4 4200/10/4
f 4200/10/4 4190/10/4 4201/10/4
f 4193/10/4 4194/10/4 4202/10/4
f 4202/10/4 4194/10/4 4203/10/4
f 4186/6/4 4198/6/4 4208/6/4
f 4208/6/4 4198/6/4 4209/6/4
f 4201/10/4 4190/10/4 4210/10/4
f 4204/10/4 4205/10/4 4213/10/4
f 4213/10/4 4205/10/4 4214/10/4
f 4206/10/4 4207/10/4 4215/10/4
f 4215/10/4 4207/10/4 4216/10/4
f 4210/10/4 4211/10/4 4219/10/4
f 4201/10/4 4210/10/4 4219/10/4
f 4219/10/4 4211/10/4 4220/10/4
f 4220/10/4 4211/10/4 4221/10/4
f 4212/10/4 4213/10/4 4224/10/4
f 4224/10/4 4213/10/4 4225/10/4
f 4217/10/4 4218/10/4 4230/10/4
f 4230/10/4 4218/10/4 4231/10/4
f 4221/10/4 4222/10/4 4232/10/4
f 4220/10/4 4221/10/4 4232/10/4
f 4232/10/4 4222/10/4 4233/10/4
f 4223/10/4 4224/10/4 4234/10/4
f 4234/10/4 4224/10/4 4235/10/4
f 4225/10/4 4226/10/4 4236/10/4
f 4236/10/4 4226/10/4 4237/10/4
f 4227/10/4 4228/10/4 4238/10/4
f 4238/10/4 4228/10/4 4239/10/4
f 4229/10/4 4230/10/4 4240/10/4
f 4240/10/4 4230/10/4 4241/10/4
f 4220/10/4 4232/10/4 4243/10/4
f 4243/10/4 4232/10/4 4244/10/4
f 4225/10/4 4236/10/4 4246/10/4
f 4246/10/4 4236/10/4 4247/10/4
f 4239/10/4 4240/10/4 4248/10/4
f 4248/10/4 4240/10/4 4249/10/4
f 4244/10/4 4245/10/4 4250/10/4
f 4243/10/4 4244/10/4 4250/10/4
f 4242/10/4 4243/10/4 4250/10/4
f 4250/10/4 4245/10/4 4251/10/4
f 4251/10/4 4245/10/4 4252/10/4
f 4252/10/4 4245/10/4 4253/10/4
f 4253/10/4 4254/10/4 4259/10/4
f 4259/10/4 4254/10/4 4260/10/4
f 4247/10/4 4236/10/4 4263/10/4
f 4255/10/4 4256/10/4 4265/10/4
f 4257/10/4 4258/10/4 4266/10/4
f 4266/10/4 4258/10/4 4267/10/4
f 4261/3/4 4262/3/4 4268/3/4
f 4262/10/4 4263/10/4 4269/10/4
f 4268/3/4 4262/3/4 4269/3/4
f 4263/10/4 4236/10/4 4270/10/4
f 4269/10/4 4263/10/4 4270/10/4
f 4264/9/4 4265/9/4 4271/9/4
f 4265/10/4 4256/10/4 4272/10/4
f 4271/9/4 4265/9/4 4272/9/4
f 4272/10/4 4256/10/4 4273/10/4
f 4272/9/4 4273/9/4 4283/9/4
f 4283/9/4 4273/9/4 4284/9/4
f 4274/6/4 4275/6/4 4285/6/4
f 4285/6/4 4275/6/4 4286/6/4
f 4276/10/4 4277/10/4 4287/10/4
f 4287/10/4 4277/10/4 4288/10/4
f 4278/10/4 4279/10/4 4289/10/4
f 4289/10/4 4279/10/4 4290/10/4
f 4280/10/4 4281/10/4 4291/10/4
f 4291/10/4 4281/10/4 4292/10/4
f 4292/10/4 4281/10/4 4293/10/4
f 4282/9/4 4283/9/4 4294/9/4
f 4291/10/4 4292/10/4 4295/10/4
f 4290/10/4 4291/10/4 4295/10/4
f 4295/10/4 4292/10/4 4296/10/4
f 4282/9/4 4294/9/4 4297/9/4
f 4297/9/4 4294/9/4 4298/9/4
f 4299/10/4 4300/10/4 4303/10/4
f 4303/10/4 4300/10/4 4304/10/4
f 4304/10/4 4300/10/4 4305/10/4
f 4301/7/4 4302/7/4 4307/7/4
f 4307/7/4 4302/7/4 4308/7/4
f 4303/9/4 4304/9/4 4310/9/4
f 4310/9/4 4304/9/4 4311/9/4
f 4305/6/4 4306/6/4 4312/6/4
f 4312/6/4 4306/6/4 4313/6/4
f 4308/10/4 4309/10/4 4316/10/4
f 4307/10/4 4308/10/4 4316/10/4
f 4316/10/4 4309/10/4 4317/10/4
f 4317/10/4 4309/10/4 4318/10/4
f 4313/6/4 4314/6/4 4319/6/4
f 4312/6/4 4313/6/4 4319/6/4
f 4311/9/4 4312/9/4 4319/9/4
f 4319/6/4 4314/6/4 4320/6/4
f 4320/6/4 4314/6/4 4321/6/4
f 4316/10/4 4317/10/4 4323/10/4
f 4315/10/4 4316/10/4 4323/10/4
f 4323/10/4 4317/10/4 4324/10/4
f 4324/10/4 4317/10/4 4325/10/4
f 4319/9/4 4320/9/4 4326/9/4
f 4311/9/4 4319/9/4 4326/9/4
f 4320/6/4 4321/6/4 4327/6/4
f 4326/9/4 4320/9/4 4327/9/4
f 4327/6/4 4321/6/4 4328/6/4
f 4323/10/4 4324/10/4 4329/10/4
f 4322/10/4 4323/10/4 4329/10/4
f 4329/10/4 4324/10/4 4330/10/4
f 4330/10/4 4324/10/4 4331/10/4
f 4327/9/4 4328/9/4 4332/9/4
f 4332/9/4 4328/9/4 4333/9/4
f 4329/10/4 4330/10/4 4335/10/4
f 4335/10/4 4330/10/4 4336/10/4
f 4333/10/4 4334/10/4 4337/10/4
f 4337/10/4 4334/10/4 4338/10/4
f 4339/6/4 4340/6/4 4343/6/4
f 4341/9/4 4342/9/4 4350/9/4
f 4339/6/4 4343/6/4 4352/6/4
f 4343/6/4 4344/6/4 4352/6/4
f 4352/6/4 4344/6/4 4353/6/4
f 4353/6/4 4344/6/4 4354/6/4
f 4345/6/4 4346/6/4 4355/6/4
f 4355/6/4 4346/6/4 4356/6/4
f 4347/6/4 4348/6/4 4357/6/4
f 4349/9/4 4350/9/4 4358/9/4
f 4350/9/4 4342/9/4 4359/9/4
f 4358/9/4 4350/9/4 4359/9/4
f 4359/9/4 4342/9/4 4360/9/4
f 4351/6/4 4352/6/4 4361/6/4
f 4352/6/4 4353/6/4 4361/6/4
f 4361/6/4 4353/6/4 4362/6/4
f 4356/6/4 4357/6/4 4363/6/4
f 4357/6/4 4348/6/4 4364/6/4
f 4363/6/4 4357/6/4 4364/6/4
f 4362/6/4 4353/6/4 4367/6/4
f 4367/6/4 4353/6/4 4368/6/4
f 4365/10/4 4366/10/4 4372/10/4
f 4372/10/4 4366/10/4 4373/10/4
f 4370/9/4 4371/9/4 4376/9/4
f 4369/9/4 4370/9/4 4376/9/4
f 4376/9/4 4371/9/4 4377/9/4
f 4377/9/4 4371/9/4 4378/9/4
f 4374/3/4 4375/3/4 4381/3/4
f 4379/9/4 4380/9/4 4387/9/4
f 4374/3/4 4381/3/4 4390/3/4
f 4381/3/4 4382/3/4 4390/3/4
f 4390/3/4 4382/3/4 4391/3/4
f 4391/3/4 4382/3/4 4392/3/4
f 4383/3/4 4384/3/4 4393/3/4
f 4384/3/4 4385/3/4 4393/3/4
f 4393/3/4 4385/3/4 4394/3/4
f 4385/10/4 4386/10/4 4395/10/4
f 4394/3/4 4385/3/4 4395/3/4
f 4379/9/4 4387/9/4 4396/9/4
f 4396/9/4 4387/9/4 4397/9/4
f 4388/6/4 4389/6/4 4399/6/4
f 4399/6/4 4389/6/4 4400/6/4
f 4390/9/4 4391/9/4 4401/9/4
f 4401/9/4 4391/9/4 4402/9/4
f 4393/10/4 4394/10/4 4404/10/4
f 4404/10/4 4394/10/4 4405/10/4
f 4395/10/4 4386/10/4 4406/10/4
f 4406/10/4 4386/10/4 4407/10/4
f 4399/6/4 4400/6/4 4408/6/4
f 4398/6/4 4399/6/4 4408/6/4
f 4408/6/4 4400/6/4 4409/6/4
f 4402/6/4 4403/6/4 4410/6/4
f 4405/10/4 4406/10/4 4413/10/4
f 4413/10/4 4406/10/4 4414/10/4
f 4410/6/4 4411/6/4 4416/6/4
f 4402/6/4 4410/6/4 4416/6/4
f 4416/6/4 4411/6/4 4417/6/4
f 4417/6/4 4411/6/4 4418/6/4
f 4413/10/4 4414/10/4 4419/10/4
f 4414/10/4 4415/10/4 4419/10/4
f 4412/10/4 4413/10/4 4419/10/4
f 4419/10/4 4415/10/4 4420/10/4
f 4420/10/4 4415/10/4 4421/10/4
f 4421/10/4 4415/10/4 4422/10/4
f 4409/6/4 4400/6/4 4423/6/4
f 4423/6/4 4400/6/4 4424/6/4
f 4417/10/4 4418/10/4 4425/10/4
f 4425/10/4 4418/10/4 4426/10/4
f 4420/10/4 4421/10/4 4428/10/4
f 4428/10/4 4421/10/4 4429/10/4
f 4426/10/4 4427/10/4 4433/10/4
f 4433/10/4 4427/10/4 4434/10/4
f 4430/6/4 4431/6/4 4437/6/4
f 4437/6/4 4431/6/4 4438/6/4
f 4432/10/4 4433/10/4 4439/10/4
f 4439/10/4 4433/10/4 4440/10/4
f 4435/7/4 4436/7/4 4444/7/4
f 4444/7/4 4436/7/4 4445/7/4
f 4441/10/4 4442/10/4 4450/10/4
f 4450/10/4 4442/10/4 4451/10/4
f 4444/7/4 4445/7/4 4452/7/4
f 4445/7/4 4446/7/4 4452/7/4
f 4443/7/4 4444/7/4 4452/7/4
f 4448/3/4 4449/3/4 4453/3/4
f 4447/9/4 4448/9/4 4453/9/4
f 4453/3/4 4449/3/4 4454/3/4
f 4454/3/4 4449/3/4 4455/3/4
f 4452/7/4 4446/7/4 4458/7/4
f 4458/7/4 4446/7/4 4459/7/4
f 4459/7/4 4446/7/4 4460/7/4
f 4447/9/4 4453/9/4 4461/9/4
f 4455/3/4 4456/3/4 4462/3/4
f 4454/3/4 4455/3/4 4462/3/4
f 4462/3/4 4456/3/4 4463/3/4
f 4463/3/4 4456/3/4 4464/3/4
f 4458/3/4 4459/3/4 4465/3/4
f 4457/3/4 4458/3/4 4465/3/4
f 4465/3/4 4459/3/4 4466/3/4
f 4466/3/4 4459/3/4 4467/3/4
f 4447/9/4 4461/9/4 4468/9/4
f 4462/3/4 4463/3/4 4469/3/4
f 4468/9/4 4461/9/4 4469/9/4
f 4461/3/4 4462/3/4 4469/3/4
f 4469/3/4 4463/3/4 4470/3/4
f 4470/3/4 4463/3/4 4471/3/4
f 4465/3/4 4466/3/4 4472/3/4
f 4472/3/4 4466/3/4 4473/3/4
f 4469/3/4 4470/3/4 4477/3/4
f 4477/3/4 4470/3/4 4478/3/4
f 4474/9/4 4475/9/4 4481/9/4
f 4481/9/4 4475/9/4 4482/9/4
f 4476/3/4 4477/3/4 4483/3/4
f 4483/3/4 4477/3/4 4484/3/4
f 4479/11/4 4480/11/4 4486/11/4
f 4486/11/4 4480/11/4 4487/11/4
f 4482/6/4 4483/6/4 4490/6/4
f 4490/6/4 4483/6/4 4491/6/4
f 4485/6/4 4486/6/4 4492/6/4
f 4492/6/4 4486/6/4 4493/6/4
f 4488/7/4 4489/7/4 4494/7/4
f 4494/7/4 4489/7/4 4495/7/4
f 4496/9/4 4497/9/4 4498/9/4
f 4498/9/4 4497/9/4 4499/9/4
f 4488/7/4 4494/7/4 4501/7/4
f 4501/7/4 4494/7/4 4502/7/4
f 4500/7/4 4501/7/4 4507/7/4
f 4507/7/4 4501/7/4 4508/7/4
f 4503/9/4 4504/9/4 4509/9/4
f 4509/9/4 4504/9/4 4510/9/4
f 4505/11/4 4506/11/4 4511/11/4
f 4511/11/4 4506/11/4 4512/11/4
f 4513/10/4 4514/10/4 4517/10/4
f 4517/10/4 4514/10/4 4518/10/4
f 4515/10/4 4516/10/4 4519/10/4
f 4519/10/4 4516/10/4 4520/10/4
f 4520/10/4 4521/10/4 4524/10/4
f 4524/10/4 4521/10/4 4525/10/4
f 4522/10/4 4523/10/4 4526/10/4
f 4526/10/4 4523/10/4 4527/10/4
f 4528/6/4 4529/6/4 4530/6/4
f 4530/6/4 4529/6/4 4531/6/4
f 4532/9/4 4533/9/4 4536/9/4
f 4536/9/4 4533/9/4 4537/9/4
f 4537/9/4 4533/9/4 4538/9/4
f 4534/10/4 4535/10/4 4543/10/4
f 4543/10/4 4535/10/4 4544/10/4
f 4539/9/4 4540/9/4 4545/9/4
f 4545/9/4 4540/9/4 4546/9/4
f 4541/4/4 4542/4/4 4549/4/4
f 4542/7/4 4543/7/4 4550/7/4
f 4549/4/4 4542/4/4 4550/4/4
f 4550/7/4 4543/7/4 4551/7/4
f 4547/3/4 4548/3/4 4553/3/4
f 4553/3/4 4548/3/4 4554/3/4
f 4554/3/4 4548/3/4 4555/3/4
f 4551/10/4 4552/10/4 4557/10/4
f 4550/10/4 4551/10/4 4557/10/4
f 4557/10/4 4552/10/4 4558/10/4
f 4558/10/4 4552/10/4 4559/10/4
f 4555/10/4 4556/10/4 4562/10/4
f 4554/3/4 4555/3/4 4562/3/4
f 4562/10/4 4556/10/4 4563/10/4
f 4560/6/4 4561/6/4 4564/6/4
f 4564/6/4 4561/6/4 4565/6/4
f 4554/3/4 4562/3/4 4566/3/4
f 4566/3/4 4562/3/4 4567/3/4
f 4557/10/4 4558/10/4 4569/10/4
f 4569/10/4 4558/10/4 4570/10/4
f 4567/6/4 4568/6/4 4574/6/4
f 4566/6/4 4567/6/4 4574/6/4
f 4574/6/4 4568/6/4 4575/6/4
f 4569/10/4 4570/10/4 4576/10/4
f 4570/3/4 4571/3/4 4577/3/4
f 4576/10/4 4570/10/4 4577/10/4
f 4577/3/4 4571/3/4 4578/3/4
f 4572/6/4 4573/6/4 4579/6/4
f 4579/6/4 4573/6/4 4580/6/4
f 4575/6/4 4568/6/4 4581/6/4
f 4581/6/4 4568/6/4 4582/6/4
f 4581/9/4 4582/9/4 4585/9/4
f 4585/9/4 4582/9/4 4586/9/4
f 4583/6/4 4584/6/4 4589/6/4
f 4589/6/4 4584/6/4 4590/6/4
f 4587/10/4 4588/10/4 4592/10/4
f 4592/10/4 4588/10/4 4593/10/4
f 4591/10/4 4592/10/4 4595/10/4
f 4595/10/4 4592/10/4 4596/10/4
f 4594/7/4 4595/7/4 4599/7/4
f 4599/7/4 4595/7/4 4600/7/4
f 4597/3/4 4598/3/4 4601/3/4
f 4601/3/4 4598/3/4 4602/3/4
f 4599/3/4 4600/3/4 4605/3/4
f 4605/3/4 4600/3/4 4606/3/4
f 4602/7/4 4603/7/4 4608/7/4
f 4608/7/4 4603/7/4 4609/7/4
f 4604/8/4 4605/8/4 4610/8/4
f 4610/8/4 4605/8/4 4611/8/4
f 4607/3/4 4608/3/4 4613/3/4
f 4610/7/4 4611/7/4 4614/7/4
f 4609/7/4 4610/7/4 4614/7/4
f 4614/7/4 4611/7/4 4615/7/4
f 4612/3/4 4613/3/4 4618/3/4
f 4613/3/4 4608/3/4 4619/3/4
f 4618/3/4 4613/3/4 4619/3/4
f 4619/3/4 4608/3/4 4620/3/4
f 4615/3/4 4616/3/4 4621/3/4
f 4621/3/4 4616/3/4 4622/3/4
f 4617/3/4 4618/3/4 4624/3/4
f 4618/3/4 4619/3/4 4624/3/4
f 4624/3/4 4619/3/4 4625/3/4
f 4623/9/4 4624/9/4 4631/9/4
f 4624/9/4 4625/9/4 4631/9/4
f 4631/9/4 4625/9/4 4632/9/4
f 4632/9/4 4625/9/4 4633/9/4
f 4633/9/4 4625/9/4 4634/9/4
f 4626/10/4 4627/10/4 4635/10/4
f 4635/10/4 4627/10/4 4636/10/4
f 4628/10/4 4629/10/4 4637/10/4
f 4629/7/4 4630/7/4 4638/7/4
f 4637/10/4 4629/10/4 4638/10/4
f 4632/9/4 4633/9/4 4639/9/4
f 4639/9/4 4633/9/4 4640/9/4
f 4638/7/4 4630/7/4 4644/7/4
f 4641/6/4 4642/6/4 4645/6/4
f 4645/6/4 4642/6/4 4646/6/4
f 4643/7/4 4644/7/4 4647/7/4
f 4644/7/4 4630/7/4 4648/7/4
f 4647/7/4 4644/7/4 4648/7/4
f 4649/9/4 4650/9/4 4651/9/4
f 4651/9/4 4650/9/4 4652/9/4
f 4653/10/4 4654/10/4 4657/10/4
f 4657/10/4 4654/10/4 4658/10/4
f 4655/10/4 4656/10/4 4659/10/4
f 4659/10/4 4656/10/4 4660/10/4
f 4661/10/4 4662/10/4 4666/10/4
f 4666/10/4 4662/10/4 4667/10/4
f 4663/10/4 4664/10/4 4668/10/4
f 4664/6/4 4665/6/4 4669/6/4
f 4668/10/4 4664/10/4 4669/10/4
f 4669/6/4 4665/6/4 4670/6/4
f 4669/10/4 4670/10/4 4675/10/4
f 4675/10/4 4670/10/4 4676/10/4
f 4671/9/4 4672/9/4 4678/9/4
f 4673/4/4 4674/4/4 4681/4/4
f 4674/7/4 4675/7/4 4682/7/4
f 4681/4/4 4674/4/4 4682/4/4
f 4682/7/4 4675/7/4 4683/7/4
f 4677/9/4 4678/9/4 4684/9/4
f 4678/9/4 4672/9/4 4685/9/4
f 4684/9/4 4678/9/4 4685/9/4
f 4685/9/4 4672/9/4 4686/9/4
f 4686/9/4 4687/9/4 4690/9/4
f 4685/9/4 4686/9/4 4690/9/4
f 4690/9/4 4687/9/4 4691/9/4
f 4688/9/4 4689/9/4 4692/9/4
f 4692/9/4 4689/9/4 4693/9/4
f 4691/9/4 4687/9/4 4694/9/4
f 4694/9/4 4687/9/4 4695/9/4
f 4679/9/4 4680/9/4 4696/9/4
f 4696/9/4 4680/9/4 4697/9/4
f 4698/3/4 4699/3/4 4700/3/4
f 4700/3/4 4699/3/4 4701/3/4
f 4701/9/4 4702/9/4 4703/9/4
f 4703/9/4 4702/9/4 4704/9/4
f 4705/10/4 4706/10/4 4707/10/4
f 4705/10/4 4707/10/4 4713/10/4
f 4707/10/4 4708/10/4 4713/10/4
f 4713/10/4 4708/10/4 4714/10/4
f 4709/9/4 4710/9/4 4715/9/4
f 4715/9/4 4710/9/4 4716/9/4
f 4711/11/4 4712/11/4 4718/11/4
f 4718/11/4 4712/11/4 4719/11/4
f 4714/10/4 4708/10/4 4721/10/4
f 4721/10/4 4708/10/4 4722/10/4
f 4717/11/4 4718/11/4 4723/11/4
f 4723/11/4 4718/11/4 4724/11/4
f 4720/10/4 4721/10/4 4725/10/4
f 4725/10/4 4721/10/4 4726/10/4
f 4727/3/4 4728/3/4 4729/3/4
f 4729/3/4 4728/3/4 4730/3/4
f 4731/7/4 4732/7/4 4736/7/4
f 4733/7/4 4734/7/4 4736/7/4
f 4732/7/4 4733/7/4 4736/7/4
f 4736/7/4 4734/7/4 4737/7/4
f 4735/3/4 4736/3/4 4739/3/4
f 4739/3/4 4736/3/4 4740/3/4
f 4737/3/4 4738/3/4 4741/3/4
f 4741/3/4 4738/3/4 4742/3/4
f 4743/10/4 4744/10/4 4747/10/4
f 4747/10/4 4744/10/4 4748/10/4
f 4745/9/4 4746/9/4 4751/9/4
f 4751/9/4 4746/9/4 4752/9/4
f 4749/11/4 4750/11/4 4753/11/4
f 4753/11/4 4750/11/4 4754/11/4
f 4755/10/4 4756/10/4 4757/10/4
f 4757/10/4 4756/10/4 4758/10/4
f 4759/10/4 4760/10/4 4761/10/4
f 4761/10/4 4760/10/4 4762/10/4
f 4763/7/4 4764/7/4 4765/7/4
f 4765/7/4 4764/7/4 4766/7/4
f 4767/5/4 4768/5/4 4771/5/4
f 4771/5/4 4768/5/4 4772/5/4
f 4772/5/4 4773/5/4 4778/5/4
f 4778/5/4 4773/5/4 4779/5/4
f 4774/9/4 4775/9/4 4781/9/4
f 4769/9/4 4770/9/4 4783/9/4
f 4783/9/4 4770/9/4 4784/9/4
f 4776/10/4 4777/10/4 4785/10/4
f 4785/10/4 4777/10/4 4786/10/4
f 4779/5/4 4780/5/4 4788/5/4
f 4788/5/4 4780/5/4 4789/5/4
f 4781/9/4 4782/9/4 4791/9/4
f 4774/9/4 4781/9/4 4791/9/4
f 4791/9/4 4782/9/4 4792/9/4
f 4789/5/4 4790/5/4 4795/5/4
f 4788/5/4 4789/5/4 4795/5/4
f 4787/5/4 4788/5/4 4795/5/4
f 4795/5/4 4790/5/4 4796/5/4
f 4793/9/4 4794/9/4 4797/9/4
f 4797/9/4 4794/9/4 4798/9/4
f 4799/7/4 4800/7/4 4803/7/4
f 4803/7/4 4800/7/4 4804/7/4
f 4801/6/4 4802/6/4 4805/6/4
f 4805/6/4 4802/6/4 4806/6/4
f 4807/10/4 4808/10/4 4809/10/4
f 4809/10/4 4808/10/4 4810/10/4
f 4810/10/4 4808/10/4 4811/10/4
f 4812/11/4 4813/11/4 4814/11/4
f 4814/11/4 4813/11/4 4815/11/4
f 4816/7/4 4817/7/4 4818/7/4
f 4818/7/4 4817/7/4 4819/7/4
f 4820/3/4 4821/3/4 4822/3/4
f 4822/3/4 4821/3/4 4823/3/4
f 4824/10/4 4825/10/4 4826/10/4
f 4826/10/4 4825/10/4 4827/10/4
f 4828/10/4 4829/10/4 4832/10/4
f 4832/10/4 4829/10/4 4833/10/4
f 4830/10/4 4831/10/4 4835/10/4
f 4835/10/4 4831/10/4 4836/10/4
f 4834/10/4 4835/10/4 4837/10/4
f 4837/10/4 4835/10/4 4838/10/4
f 4839/10/4 4840/10/4 4841/10/4
f 4841/10/4 4840/10/4 4842/10/4
f 4843/7/4 4844/7/4 4845/7/4
f 4845/7/4 4844/7/4 4846/7/4
f 4847/9/4 4848/9/4 4851/9/4
f 4851/9/4 4848/9/4 4852/9/4
f 4849/5/4 4850/5/4 4855/5/4
f 4855/5/4 4850/5/4 4856/5/4
f 4853/9/4 4854/9/4 4857/9/4
f 4857/9/4 4854/9/4 4858/9/4
f 4859/9/4 4860/9/4 4863/9/4
f 4863/9/4 4860/9/4 4864/9/4
f 4861/8/4 4862/8/4 4865/8/4
f 4862/6/4 4863/6/4 4866/6/4
f 4865/8/4 4862/8/4 4866/8/4
f 4866/6/4 4863/6/4 4867/6/4
f 4866/9/4 4867/9/4 4868/9/4
f 4868/9/4 4867/9/4 4869/9/4
f 4870/10/4 4871/10/4 4872/10/4
f 4872/10/4 4871/10/4 4873/10/4
f 4874/8/4 4875/8/4 4876/8/4
f 4876/8/4 4875/8/4 4877/8/4
f 4878/3/4 4879/3/4 4881/3/4
f 4879/3/4 4880/3/4 4881/3/4
f 4881/3/4 4880/3/4 4882/3/4
f 4882/3/4 4880/3/4 4883/3/4
f 4881/3/4 4882/3/4 4884/3/4
f 4884/3/4 4882/3/4 4885/3/4
f 4886/10/4 4887/10/4 4888/10/4
f 4888/10/4 4887/10/4 4889/10/4
f 4889/10/4 4890/10/4 4891/10/4
f 4891/10/4 4890/10/4 4892/10/4
f 4893/6/4 4894/6/4 4895/6/4
f 4895/6/4 4894/6/4 4896/6/4
f 4896/10/4 4897/10/4 4898/10/4
f 4898/10/4 4897/10/4 4899/10/4
f 4900/10/4 4901/10/4 4902/10/4
f 4902/10/4 4901/10/4 4903/10/4
f 4904/5/4 4905/5/4 4906/5/4
f 4906/5/4 4905/5/4 4907/5/4
f 4907/5/4 4908/5/4 4911/5/4
f 4911/5/4 4908/5/4 4912/5/4
f 4909/9/4 4910/9/4 4915/9/4
f 4915/9/4 4910/9/4 4916/9/4
f 4913/5/4 4914/5/4 4917/5/4
f 4917/5/4 4914/5/4 4918/5/4
f 4918/5/4 4914/5/4 4919/5/4
f 4919/5/4 4914/5/4 4920/5/4
f 4921/8/4 4922/8/4 4923/8/4
f 4923/8/4 4922/8/4 4924/8/4
f 4925/11/4 4926/11/4 4929/11/4
f 4929/11/4 4926/11/4 4930/11/4
f 4927/10/4 4928/10/4 4931/10/4
f 4931/10/4 4928/10/4 4932/10/4
f 4933/7/4 4934/7/4 4938/7/4
f 4938/7/4 4934/7/4 4939/7/4
f 4935/3/4 4936/3/4 4940/3/4
f 4940/3/4 4936/3/4 4941/3/4
f 4937/3/4 4938/3/4 4942/3/4
f 4942/3/4 4938/3/4 4943/3/4
f 4943/7/4 4944/7/4 4947/7/4
f 4945/10/4 4946/10/4 4948/10/4
f 4948/10/4 4946/10/4 4949/10/4
f 4943/7/4 4947/7/4 4951/7/4
f 4951/7/4 4947/7/4 4952/7/4
f 4949/11/4 4950/11/4 4956/11/4
f 4956/11/4 4950/11/4 4957/11/4
f 4953/10/4 4954/10/4 4958/10/4
f 4958/10/4 4954/10/4 4959/10/4
f 4955/10/4 4956/10/4 4960/10/4
f 4960/10/4 4956/10/4 4963/10/4
f 4963/10/4 4956/10/4 4964/10/4
f 4961/6/4 4962/6/4 4965/6/4
f 4965/6/4 4962/6/4 4966/6/4
f 4967/5/4 4968/5/4 4969/5/4
f 4969/5/4 4968/5/4 4970/5/4
f 4967/5/4 4969/5/4 4971/5/4
f 4971/5/4 4969/5/4 4972/5/4
f 4973/8/4 4974/8/4 4975/8/4
f 4975/8/4 4974/8/4 4976/8/4
f 4976/8/4 4977/8/4 4978/8/4
f 4978/8/4 4977/8/4 4979/8/4
f 4980/10/4 4981/10/4 4984/10/4
f 4984/10/4 4981/10/4 4985/10/4
f 4982/9/4 4983/9/4 4986/9/4
f 4986/9/4 4983/9/4 4987/9/4
f 4988/9/4 4989/9/4 4992/9/4
f 4992/9/4 4989/9/4 4993/9/4
f 4990/10/4 4991/10/4 4994/10/4
f 4994/10/4 4991/10/4 4995/10/4
f 4996/8/4 4997/8/4 4998/8/4
f 4998/8/4 4997/8/4 4999/8/4
f 5000/5/4 5001/5/4 5002/5/4
f 5002/5/4 5001/5/4 5003/5/4
f 5004/5/4 5005/5/4 5008/5/4
f 5008/5/4 5005/5/4 5009/5/4
f 5006/8/4 5007/8/4 5011/8/4
f 5010/8/4 5011/8/4 5012/8/4
f 5011/8/4 5007/8/4 5013/8/4
f 5012/8/4 5011/8/4 5013/8/4
f 5014/5/4 5015/5/4 5017/5/4
f 5017/5/4 5015/5/4 5018/5/4
f 5016/5/4 5017/5/4 5021/5/4
f 5021/5/4 5017/5/4 5022/5/4
f 5019/9/4 5020/9/4 5023/9/4
f 5023/9/4 5020/9/4 5024/9/4
f 5025/9/4 5026/9/4 5027/9/4
f 5027/9/4 5026/9/4 5028/9/4
f 5029/8/4 5030/8/4 5031/8/4
f 5031/8/4 5030/8/4 5032/8/4
f 5032/8/4 5033/8/4 5034/8/4
f 5034/8/4 5033/8/4 5035/8/4
f 5036/10/4 5037/10/4 5040/10/4
f 5040/10/4 5037/10/4 5041/10/4
f 5038/10/4 5039/10/4 5042/10/4
f 5042/10/4 5039/10/4 5043/10/4
f 5044/11/4 5045/11/4 5048/11/4
f 5048/11/4 5045/11/4 5049/11/4
f 5046/11/4 5047/11/4 5050/11/4
f 5050/11/4 5047/11/4 5051/11/4
f 5052/10/4 5053/10/4 5056/10/4
f 5056/10/4 5053/10/4 5057/10/4
f 5054/9/4 5055/9/4 5058/9/4
f 5058/9/4 5055/9/4 5059/9/4
f 5060/11/4 5061/11/4 5062/11/4
f 5062/11/4 5061/11/4 5063/11/4
f 5064/8/4 5065/8/4 5066/8/4
f 5066/8/4 5065/8/4 5067/8/4
f 5068/9/4 5069/9/4 5071/9/4
f 5069/8/4 5070/8/4 5072/8/4
f 5071/9/4 5069/9/4 5072/9/4
f 5072/8/4 5070/8/4 5073/8/4
f 5074/5/4 5075/5/4 5079/5/4
f 5079/5/4 5075/5/4 5080/5/4
f 5077/8/4 5078/8/4 5081/8/4
f 5076/8/4 5077/8/4 5081/8/4
f 5081/8/4 5078/8/4 5084/8/4
f 5084/8/4 5078/8/4 5085/8/4
f 5082/9/4 5083/9/4 5086/9/4
f 5086/9/4 5083/9/4 5087/9/4
f 5088/9/4 5089/9/4 5092/9/4
f 5092/9/4 5089/9/4 5093/9/4
f 5093/9/4 5089/9/4 5094/9/4
f 5090/5/4 5091/5/4 5096/5/4
f 5096/5/4 5091/5/4 5097/5/4
f 5094/9/4 5095/9/4 5098/9/4
f 5093/9/4 5094/9/4 5098/9/4
f 5098/9/4 5095/9/4 5104/9/4
f 5099/8/4 5100/8/4 5105/8/4
f 5105/8/4 5100/8/4 5106/8/4
f 5101/5/4 5102/5/4 5107/5/4
f 5107/5/4 5102/5/4 5108/5/4
f 5103/9/4 5104/9/4 5109/9/4
f 5104/9/4 5095/9/4 5110/9/4
f 5109/9/4 5104/9/4 5110/9/4
f 5110/9/4 5095/9/4 5111/9/4
f 5112/10/4 5113/10/4 5114/10/4
f 5114/10/4 5113/10/4 5115/10/4
f 5116/11/4 5117/11/4 5120/11/4
f 5120/11/4 5117/11/4 5121/11/4
f 5118/11/4 5119/11/4 5122/11/4
f 5122/11/4 5119/11/4 5123/11/4
f 5124/9/4 5125/9/4 5127/9/4
f 5125/9/4 5126/9/4 5127/9/4
f 5127/9/4 5126/9/4 5128/9/4
f 5124/9/4 5127/9/4 5129/9/4
f 5129/9/4 5127/9/4 5130/9/4
f 5131/8/4 5132/8/4 5136/8/4
f 5132/8/4 5133/8/4 5136/8/4
f 5136/8/4 5133/8/4 5137/8/4
f 5137/8/4 5133/8/4 5138/8/4
f 5138/8/4 5133/8/4 5139/8/4
f 5134/9/4 5135/9/4 5140/9/4
f 5140/9/4 5135/9/4 5141/9/4
f 5137/8/4 5138/8/4 5142/8/4
f 5142/8/4 5138/8/4 5143/8/4
f 5144/9/4 5145/9/4 5146/9/4
f 5146/9/4 5145/9/4 5147/9/4
f 5150/9/4 5151/9/4 5152/9/4
f 5152/9/4 5151/9/4 5153/9/4
f 5148/9/4 5149/9/4 5154/9/4
f 5154/9/4 5149/9/4 5155/9/4
f 5156/8/4 5157/8/4 5158/8/4
f 5156/8/4 5158/8/4 5160/8/4
f 5158/8/4 5159/8/4 5160/8/4
f 5160/8/4 5159/8/4 5161/8/4
f 5156/8/4 5160/8/4 5163/8/4
f 5163/8/4 5160/8/4 5164/8/4
f 5161/8/4 5162/8/4 5165/8/4
f 5165/8/4 5162/8/4 5166/8/4
f 5167/9/4 5168/9/4 5169/9/4
f 5169/9/4 5168/9/4 5170/9/4
f 5171/8/4 5172/8/4 5173/8/4
f 5173/8/4 5172/8/4 5174/8/4
f 5175/6/4 5176/6/4 5177/6/4
f 5177/6/4 5176/6/4 5178/6/4
f 5178/8/4 5179/8/4 5180/8/4
f 5180/8/4 5179/8/4 5181/8/4
f 5182/2/4 5183/2/4 5185/2/4
f 5185/2/4 5183/2/4 5186/2/4
f 5184/8/4 5185/8/4 5187/8/4
f 5185/8/4 5186/8/4 5187/8/4
f 5187/8/4 5186/8/4 5188/8/4
f 5189/9/4 5190/9/4 5191/9/4
f 5191/9/4 5190/9/4 5192/9/4
f 5193/8/4 5194/8/4 5195/8/4
f 5195/8/4 5194/8/4 5196/8/4
f 5197/9/4 5198/9/4 5199/9/4
f 5199/9/4 5198/9/4 5200/9/4
f 5201/8/4 5202/8/4 5205/8/4
f 5205/8/4 5202/8/4 5206/8/4
f 5203/8/4 5204/8/4 5207/8/4
f 5207/8/4 5204/8/4 5208/8/4
f 5208/2/4 5209/2/4 5210/2/4
f 5210/2/4 5209/2/4 5211/2/4
f 5212/8/4 5213/8/4 5215/8/4
f 5215/8/4 5213/8/4 5216/8/4
f 5214/8/4 5215/8/4 5217/8/4
f 5217/8/4 5215/8/4 5218/8/4
f 5219/8/4 5220/8/4 5221/8/4
f 5221/8/4 5220/8/4 5222/8/4
f 5223/2/4 5224/2/4 5226/2/4
f 5226/2/4 5224/2/4 5227/2/4
f 5225/2/4 5226/2/4 5228/2/4
f 5228/2/4 5226/2/4 5229/2/4
f 5230/8/4 5231/8/4 5232/8/4
f 5232/8/4 5231/8/4 5233/8/4
f 5234/8/4 5235/8/4 5236/8/4
f 5236/8/4 5235/8/4 5237/8/4
f 5237/8/4 5238/8/4 5239/8/4
f 5239/8/4 5238/8/4 5240/8/4
f 5241/8/4 5242/8/4 5243/8/4
f 5243/8/4 5242/8/4 5244/8/4
f 5244/8/4 5242/8/4 5245/8/4
f 5245/8/4 5242/8/4 5246/8/4
f 5247/8/4 5248/8/4 5251/8/4
f 5251/8/4 5248/8/4 5252/8/4
f 5249/2/4 5250/2/4 5253/2/4
f 5253/2/4 5250/2/4 5254/2/4
f 5255/8/4 5256/8/4 5257/8/4
f 5257/8/4 5256/8/4 5258/8/4
f 5259/6/4 5260/6/4 5261/6/4
f 5261/6/4 5260/6/4 5262/6/4
f 5263/6/4 5264/6/4 5265/6/4
f 5265/6/4 5264/6/4 5266/6/4
f 5267/1/4 5268/1/4 5269/1/4
f 5269/1/4 5268/1/4 5270/1/4
f 5271/1/4 5272/1/4 5273/1/4
f 5273/1/4 5272/1/4 5274/1/4
f 5275/8/4 5276/8/4 5278/8/4
f 5278/8/4 5276/8/4 5279/8/4
f 5277/6/4 5278/6/4 5280/6/4
f 5280/6/4 5278/6/4 5281/6/4
f 5282/2/4 5283/2/4 5286/2/4
f 5284/2/4 5285/2/4 5287/2/4
f 5285/8/4 5286/8/4 5288/8/4
f 5287/2/4 5285/2/4 5288/2/4
f 5286/2/4 5283/2/4 5289/2/4
f 5288/8/4 5286/8/4 5289/8/4
f 5289/2/4 5283/2/4 5290/2/4
f 5289/8/4 5290/8/4 5291/8/4
f 5291/8/4 5290/8/4 5292/8/4
f 5293/8/4 5294/8/4 5297/8/4
f 5297/8/4 5294/8/4 5298/8/4
f 5298/8/4 5294/8/4 5299/8/4
f 5295/1/4 5296/1/4 5300/1/4
f 5300/1/4 5296/1/4 5301/1/4
f 5295/1/4 5300/1/4 5302/1/4
f 5302/1/4 5300/1/4 5303/1/4
f 5301/1/4 5296/1/4 5304/1/4
f 5304/1/4 5296/1/4 5305/1/4
f 5306/8/4 5307/8/4 5309/8/4
f 5309/8/4 5307/8/4 5310/8/4
f 5308/8/4 5309/8/4 5311/8/4
f 5311/8/4 5309/8/4 5312/8/4
f 5313/8/4 5314/8/4 5315/8/4
f 5315/8/4 5314/8/4 5316/8/4
f 5317/1/4 5318/1/4 5320/1/4
f 5320/1/4 5318/1/4 5321/1/4
f 5321/1/4 5318/1/4 5322/1/4
f 5319/1/4 5320/1/4 5323/1/4
f 5320/1/4 5321/1/4 5323/1/4
f 5323/1/4 5321/1/4 5324/1/4
f 5325/2/4 5326/2/4 5329/2/4
f 5329/2/4 5326/2/4 5330/2/4
f 5327/2/4 5328/2/4 5331/2/4
f 5330/2/4 5331/2/4 5332/2/4
f 5331/2/4 5328/2/4 5333/2/4
f 5332/2/4 5331/2/4 5333/2/4
f 5334/8/4 5335/8/4 5336/8/4
f 5336/8/4 5335/8/4 5337/8/4
f 5337/8/4 5335/8/4 5338/8/4
f 5338/8/4 5335/8/4 5339/8/4
f 5342/1/4 5343/1/4 5344/1/4
f 5340/2/4 5341/2/4 5345/2/4
f 5345/2/4 5341/2/4 5346/2/4
f 5342/1/4 5344/1/4 5347/1/4
f 5347/1/4 5344/1/4 5348/1/4
f 5349/8/4 5350/8/4 5351/8/4
f 5349/8/4 5351/8/4 5353/8/4
f 5351/8/4 5352/8/4 5353/8/4
f 5353/8/4 5352/8/4 5354/8/4
f 5355/1/4 5356/1/4 5357/1/4
f 5357/1/4 5356/1/4 5358/1/4
f 5359/1/4 5360/1/4 5362/1/4
f 5361/1/4 5362/1/4 5363/1/4
f 5362/1/4 5360/1/4 5364/1/4
f 5363/1/4 5362/1/4 5364/1/4
f 5364/1/4 5360/1/4 5367/1/4
f 5367/1/4 5360/1/4 5368/1/4
f 5365/8/4 5366/8/4 5369/8/4
f 5369/8/4 5366/8/4 5370/8/4
f 5371/8/4 5372/8/4 5373/8/4
f 5373/8/4 5372/8/4 5374/8/4
f 5375/8/4 5376/8/4 5377/8/4
f 5377/8/4 5376/8/4 5378/8/4
f 5379/2/4 5380/2/4 5381/2/4
f 5381/2/4 5380/2/4 5382/2/4
f 5384/1/4 5385/1/4 5389/1/4
f 5389/1/4 5385/1/4 5390/1/4
f 5387/8/4 5388/8/4 5391/8/4
f 5386/8/4 5387/8/4 5391/8/4
f 5391/8/4 5388/8/4 5392/8/4
f 5382/1/4 5383/1/4 5393/1/4
f 5393/1/4 5383/1/4 5394/1/4
f 5395/1/4 5396/1/4 5397/1/4
f 5397/1/4 5396/1/4 5398/1/4
f 5399/2/4 5400/2/4 5401/2/4
f 5401/2/4 5400/2/4 5402/2/4
f 5403/8/4 5404/8/4 5406/8/4
f 5404/8/4 5405/8/4 5406/8/4
f 5406/8/4 5405/8/4 5407/8/4
f 5407/8/4 5405/8/4 5408/8/4
f 5411/2/4 5412/2/4 5415/2/4
f 5415/2/4 5412/2/4 5416/2/4
f 5413/1/4 5414/1/4 5417/1/4
f 5409/1/4 5410/1/4 5419/1/4
f 5419/1/4 5410/1/4 5420/1/4
f 5420/1/4 5410/1/4 5421/1/4
f 5411/2/4 5415/2/4 5422/2/4
f 5422/2/4 5415/2/4 5423/2/4
f 5417/1/4 5418/1/4 5424/1/4
f 5413/1/4 5417/1/4 5424/1/4
f 5424/1/4 5418/1/4 5425/1/4
f 5425/1/4 5418/1/4 5431/1/4
f 5431/1/4 5418/1/4 5432/1/4
f 5426/1/4 5427/1/4 5433/1/4
f 5433/1/4 5427/1/4 5434/1/4
f 5428/2/4 5429/2/4 5435/2/4
f 5435/2/4 5429/2/4 5436/2/4
f 5430/1/4 5431/1/4 5437/1/4
f 5437/1/4 5431/1/4 5438/1/4
f 5439/2/4 5440/2/4 5441/2/4
f 5441/2/4 5440/2/4 5442/2/4
f 5443/2/4 5444/2/4 5445/2/4
f 5445/2/4 5444/2/4 5446/2/4
f 5447/8/4 5448/8/4 5449/8/4
f 5449/8/4 5448/8/4 5451/8/4
f 5451/8/4 5448/8/4 5452/8/4
f 5450/8/4 5451/8/4 5453/8/4
f 5453/8/4 5451/8/4 5454/8/4
f 5455/1/4 5456/1/4 5457/1/4
f 5457/1/4 5456/1/4 5458/1/4
f 5458/1/4 5459/1/4 5462/1/4
f 5462/1/4 5459/1/4 5463/1/4
f 5460/2/4 5461/2/4 5465/2/4
f 5461/1/4 5462/1/4 5466/1/4
f 5465/2/4 5461/2/4 5466/2/4
f 5466/1/4 5462/1/4 5467/1/4
f 5464/1/4 5465/1/4 5470/1/4
f 5465/1/4 5466/1/4 5470/1/4
f 5470/1/4 5466/1/4 5471/1/4
f 5468/1/4 5469/1/4 5474/1/4
f 5474/1/4 5469/1/4 5475/1/4
f 5472/1/4 5473/1/4 5476/1/4
f 5476/1/4 5473/1/4 5477/1/4
f 5478/2/4 5479/2/4 5480/2/4
f 5480/2/4 5479/2/4 5481/2/4
f 5482/2/4 5483/2/4 5484/2/4
f 5484/2/4 5483/2/4 5485/2/4
f 5486/2/4 5487/2/4 5489/2/4
f 5487/8/4 5488/8/4 5490/8/4
f 5489/2/4 5487/2/4 5490/2/4
f 5490/8/4 5488/8/4 5491/8/4
f 5492/1/4 5493/1/4 5496/1/4
f 5496/1/4 5493/1/4 5497/1/4
f 5494/2/4 5495/2/4 5498/2/4
f 5498/2/4 5495/2/4 5499/2/4
f 5500/2/4 5501/2/4 5502/2/4
f 5502/2/4 5501/2/4 5503/2/4
f 5504/2/4 5505/2/4 5506/2/4
f 5506/2/4 5505/2/4 5507/2/4
f 5508/2/4 5509/2/4 5510/2/4
f 5510/2/4 5509/2/4 5511/2/4
f 5512/2/4 5513/2/4 5514/2/4
f 5514/2/4 5513/2/4 5515/2/4
f 5516/2/4 5517/2/4 5519/2/4
f 5517/2/4 5518/2/4 5519/2/4
f 5519/2/4 5518/2/4 5520/2/4
f 5520/2/4 5518/2/4 5521/2/4
f 5519/2/4 5520/2/4 5522/2/4
f 5522/2/4 5520/2/4 5523/2/4
f 5524/1/4 5525/1/4 5528/1/4
f 5528/1/4 5525/1/4 5529/1/4
f 5526/2/4 5527/2/4 5530/2/4
f 5530/2/4 5527/2/4 5531/2/4
f 5532/1/4 5533/1/4 5534/1/4
f 5534/1/4 5533/1/4 5535/1/4
f 5535/2/4 5536/2/4 5537/2/4
f 5537/2/4 5536/2/4 5538/2/4
f 5539/2/4 5540/2/4 5541/2/4
f 5541/2/4 5540/2/4 5542/2/4
f 5543/2/4 5544/2/4 5545/2/4
f 5545/2/4 5544/2/4 5546/2/4
f 5547/2/4 5548/2/4 5550/2/4
f 5550/2/4 5548/2/4 5551/2/4
f 5551/2/4 5552/2/4 5555/2/4
f 5555/2/4 5552/2/4 5556/2/4
f 5553/1/4 5554/1/4 5558/1/4
f 5558/1/4 5554/1/4 5559/1/4
f 5549/2/4 5550/2/4 5561/2/4
f 5561/2/4 5550/2/4 5562/2/4
f 5557/1/4 5558/1/4 5563/1/4
f 5563/1/4 5558/1/4 5564/1/4
f 5559/1/4 5560/1/4 5565/1/4
f 5565/1/4 5560/1/4 5566/1/4
f 5566/2/4 5567/2/4 5569/2/4
f 5565/2/4 5566/2/4 5569/2/4
f 5569/2/4 5567/2/4 5570/2/4
f 5568/1/4 5569/1/4 5571/1/4
f 5571/1/4 5569/1/4 5572/1/4
f 5573/2/4 5574/2/4 5576/2/4
f 5576/2/4 5574/2/4 5577/2/4
f 5575/1/4 5576/1/4 5579/1/4
f 5579/1/4 5576/1/4 5580/1/4
f 5577/2/4 5578/2/4 5581/2/4
f 5581/2/4 5578/2/4 5582/2/4
f 5583/1/4 5584/1/4 5585/1/4
f 5585/1/4 5584/1/4 5586/1/4
f 5587/2/4 5588/2/4 5590/2/4
f 5588/1/4 5589/1/4 5591/1/4
f 5590/2/4 5588/2/4 5591/2/4
f 5591/1/4 5589/1/4 5592/1/4
f 5593/1/4 5594/1/4 5595/1/4
f 5595/1/4 5594/1/4 5596/1/4
f 5597/2/4 5598/2/4 5600/2/4
f 5600/2/4 5598/2/4 5601/2/4
f 5599/1/4 5600/1/4 5602/1/4
f 5602/1/4 5600/1/4 5603/1/4
f 5604/1/4 5605/1/4 5607/1/4
f 5605/1/4 5606/1/4 5607/1/4
f 5607/1/4 5606/1/4 5608/1/4
f 5609/1/4 5610/1/4 5611/1/4
f 5611/1/4 5610/1/4 5612/1/4
f 5613/1/4 5614/1/4 5616/1/4
f 5616/1/4 5614/1/4 5617/1/4
f 5615/1/4 5616/1/4 5618/1/4
f 5618/1/4 5616/1/4 5619/1/4
f 5618/2/4 5619/2/4 5620/2/4
f 5620/2/4 5619/2/4 5621/2/4
f 5622/1/4 5623/1/4 5624/1/4
f 5624/1/4 5623/1/4 5625/1/4
f 5626/1/4 5627/1/4 5628/1/4
f 5628/1/4 5627/1/4 5629/1/4
f 5630/1/4 5631/1/4 5632/1/4
f 5632/1/4 5631/1/4 5633/1/4
f 5634/1/4 5635/1/4 5638/1/4
f 5638/1/4 5635/1/4 5639/1/4
f 5636/2/4 5637/2/4 5640/2/4
f 5640/2/4 5637/2/4 5641/2/4
f 5641/2/4 5642/2/4 5643/2/4
f 5643/2/4 5642/2/4 5644/2/4
f 5644/2/4 5642/2/4 5645/2/4
f 5646/1/4 5647/1/4 5648/1/4
f 5648/1/4 5647/1/4 5649/1/4
f 5650/1/4 5651/1/4 5652/1/4
f 5652/1/4 5651/1/4 5653/1/4
f 5654/1/4 5655/1/4 5656/1/4
f 5656/1/4 5655/1/4 5657/1/4
f 5660/10/5 5659/10/5 5658/10/5
f 5661/10/5 5659/10/5 5660/10/5
f 5662/10/5 5659/10/5 5661/10/5
f 5663/10/5 5659/10/5 5662/10/5
f 5664/10/5 5662/10/5 5661/10/5
f 5665/10/5 5662/10/5 5664/10/5
f 5670/10/5 5667/10/5 5666/10/5
f 5671/10/5 5667/10/5 5670/10/5
f 5672/10/5 5667/10/5 5671/10/5
f 5675/10/5 5669/10/5 5668/10/5
f 5676/10/5 5669/10/5 5675/10/5
f 5677/10/5 5669/10/5 5676/10/5
f 5678/10/5 5673/10/5 5672/10/5
f 5678/10/5 5672/10/5 5671/10/5
f 5679/10/5 5673/10/5 5678/10/5
f 5680/10/5 5673/10/5 5679/10/5
f 5681/10/5 5676/10/5 5675/10/5
f 5681/10/5 5675/10/5 5674/10/5
f 5682/10/5 5676/10/5 5681/10/5
f 5683/10/5 5676/10/5 5682/10/5
f 5684/6/5 5680/6/5 5679/6/5
f 5684/6/5 5682/6/5 5681/6/5
f 5684/6/5 5681/6/5 5680/6/5
f 5685/6/5 5682/6/5 5684/6/5
f 5686/9/5 5685/9/5 5684/9/5
f 5686/6/5 5682/6/5 5685/6/5
f 5687/6/5 5682/6/5 5686/6/5
f 5688/6/5 5682/6/5 5687/6/5
f 5689/9/5 5686/9/5 5684/9/5
f 5689/9/5 5687/9/5 5686/9/5
f 5690/9/5 5687/9/5 5689/9/5
f 5691/8/5 5690/8/5 5689/8/5
f 5692/9/5 5687/9/5 5690/9/5
f 5692/8/5 5690/8/5 5691/8/5
f 5693/9/5 5687/9/5 5692/9/5
f 5694/8/5 5693/8/5 5692/8/5
f 5697/8/5 5694/8/5 5692/8/5
f 5697/8/5 5695/8/5 5694/8/5
f 5698/8/5 5697/8/5 5696/8/5
f 5699/8/5 5695/8/5 5697/8/5
f 5699/8/5 5697/8/5 5698/8/5
f 5700/8/5 5695/8/5 5699/8/5
f 5702/8/5 5700/8/5 5699/8/5
f 5702/8/5 5701/8/5 5700/8/5
f 5703/8/5 5701/8/5 5702/8/5
f 5704/8/5 5701/8/5 5703/8/5
f 5706/8/5 5704/8/5 5703/8/5
f 5707/2/5 5705/2/5 5704/2/5
f 5707/8/5 5704/8/5 5706/8/5
f 5708/2/5 5705/2/5 5707/2/5
f 5712/2/5 5707/2/5 5706/2/5
f 5712/2/5 5708/2/5 5707/2/5
f 5712/2/5 5709/2/5 5708/2/5
f 5713/2/5 5709/2/5 5712/2/5
f 5714/2/5 5709/2/5 5713/2/5
f 5715/1/5 5711/1/5 5710/1/5
f 5716/1/5 5711/1/5 5715/1/5
f 5717/1/5 5714/1/5 5713/1/5
f 5718/1/5 5714/1/5 5717/1/5
f 5719/1/5 5711/1/5 5716/1/5
f 5720/1/5 5711/1/5 5719/1/5
f 5726/10/5 5722/10/5 5721/10/5
f 5727/10/5 5722/10/5 5726/10/5
f 5728/10/5 5724/10/5 5723/10/5
f 5729/10/5 5724/10/5 5728/10/5
f 5732/10/5 5726/10/5 5725/10/5
f 5733/10/5 5726/10/5 5732/10/5
f 5734/6/5 5730/6/5 5729/6/5
f 5735/6/5 5730/6/5 5734/6/5
f 5736/6/5 5732/6/5 5731/6/5
f 5737/6/5 5732/6/5 5736/6/5
f 5740/9/5 5739/9/5 5738/9/5
f 5741/9/5 5739/9/5 5740/9/5
f 5742/8/5 5741/8/5 5740/8/5
f 5746/8/5 5742/8/5 5740/8/5
f 5746/8/5 5743/8/5 5742/8/5
f 5747/8/5 5745/8/5 5744/8/5
f 5748/8/5 5745/8/5 5747/8/5
f 5749/8/5 5743/8/5 5746/8/5
f 5750/8/5 5743/8/5 5749/8/5
f 5751/8/5 5743/8/5 5750/8/5
f 5753/8/5 5751/8/5 5750/8/5
f 5753/8/5 5752/8/5 5751/8/5
f 5754/8/5 5752/8/5 5753/8/5
f 5758/2/5 5755/2/5 5754/2/5
f 5759/2/5 5755/2/5 5758/2/5
f 5763/8/5 5757/8/5 5756/8/5
f 5764/8/5 5757/8/5 5763/8/5
f 5765/2/5 5760/2/5 5759/2/5
f 5766/2/5 5760/2/5 5765/2/5
f 5768/2/5 5762/2/5 5761/2/5
f 5769/2/5 5762/2/5 5768/2/5
f 5772/1/5 5767/1/5 5766/1/5
f 5775/1/5 5771/1/5 5770/1/5
f 5776/1/5 5771/1/5 5775/1/5
f 5778/1/5 5767/1/5 5772/1/5
f 5779/1/5 5767/1/5 5778/1/5
f 5781/1/5 5774/1/5 5773/1/5
f 5782/1/5 5774/1/5 5781/1/5
f 5783/1/5 5780/1/5 5779/1/5
f 5783/1/5 5779/1/5 5778/1/5
f 5783/1/5 5778/1/5 5777/1/5
f 5784/1/5 5780/1/5 5783/1/5
f 5787/2/5 5786/2/5 5785/2/5
f 5788/2/5 5786/2/5 5787/2/5
f 5789/2/5 5786/2/5 5788/2/5
f 5790/2/5 5786/2/5 5789/2/5
f 5794/1/5 5792/1/5 5791/1/5
f 5794/1/5 5793/1/5 5792/1/5
f 5795/1/5 5793/1/5 5794/1/5
f 5796/1/5 5794/1/5 5791/1/5
f 5797/1/5 5794/1/5 5796/1/5
f 5802/10/5 5799/10/5 5798/10/5
f 5803/10/5 5799/10/5 5802/10/5
f 5806/10/5 5801/10/5 5800/10/5
f 5807/10/5 5801/10/5 5806/10/5
f 5808/6/5 5805/6/5 5804/6/5
f 5809/6/5 5808/6/5 5804/6/5
f 5810/6/5 5808/6/5 5809/6/5
f 5814/2/5 5812/2/5 5811/2/5
f 5815/8/5 5813/8/5 5812/8/5
f 5815/2/5 5812/2/5 5814/2/5
f 5816/8/5 5813/8/5 5815/8/5
f 5817/8/5 5813/8/5 5816/8/5
f 5821/1/5 5819/1/5 5818/1/5
f 5821/1/5 5820/1/5 5819/1/5
f 5822/1/5 5820/1/5 5821/1/5
f 5823/1/5 5820/1/5 5822/1/5
f 5824/1/5 5822/1/5 5821/1/5
f 5825/1/5 5822/1/5 5824/1/5
f 5830/10/5 5827/10/5 5826/10/5
f 5831/10/5 5827/10/5 5830/10/5
f 5832/10/5 5829/10/5 5828/10/5
f 5833/10/5 5829/10/5 5832/10/5
f 5837/9/5 5832/9/5 5831/9/5
f 5838/9/5 5832/9/5 5837/9/5
f 5839/6/5 5836/6/5 5835/6/5
f 5842/9/5 5835/9/5 5834/9/5
f 5843/6/5 5840/6/5 5839/6/5
f 5843/6/5 5839/6/5 5835/6/5
f 5843/9/5 5835/9/5 5842/9/5
f 5844/6/5 5840/6/5 5843/6/5
f 5845/6/5 5840/6/5 5844/6/5
f 5846/9/5 5842/9/5 5841/9/5
f 5846/9/5 5843/9/5 5842/9/5
f 5846/9/5 5844/9/5 5843/9/5
f 5847/9/5 5844/9/5 5846/9/5
f 5850/8/5 5849/8/5 5848/8/5
f 5851/8/5 5849/8/5 5850/8/5
f 5852/8/5 5849/8/5 5851/8/5
f 5853/8/5 5849/8/5 5852/8/5
f 5864/10/5 5855/10/5 5854/10/5
f 5865/10/5 5855/10/5 5864/10/5
f 5866/10/5 5857/10/5 5856/10/5
f 5867/10/5 5857/10/5 5866/10/5
f 5868/10/5 5859/10/5 5858/10/5
f 5869/10/5 5859/10/5 5868/10/5
f 5870/10/5 5861/10/5 5860/10/5
f 5871/10/5 5861/10/5 5870/10/5
f 5873/10/5 5863/10/5 5862/10/5
f 5874/10/5 5863/10/5 5873/10/5
f 5875/9/5 5873/9/5 5872/9/5
f 5876/9/5 5873/9/5 5875/9/5
f 5880/9/5 5878/9/5 5877/9/5
f 5880/9/5 5879/9/5 5878/9/5
f 5881/9/5 5879/9/5 5880/9/5
f 5883/9/5 5880/9/5 5877/9/5
f 5885/9/5 5883/9/5 5882/9/5
f 5886/9/5 5880/9/5 5883/9/5
f 5886/9/5 5883/9/5 5885/9/5
f 5887/9/5 5880/9/5 5886/9/5
f 5888/8/5 5885/8/5 5884/8/5
f 5889/9/5 5886/9/5 5885/9/5
f 5889/8/5 5885/8/5 5888/8/5
f 5890/9/5 5886/9/5 5889/9/5
f 5891/8/5 5889/8/5 5888/8/5
f 5891/8/5 5890/8/5 5889/8/5
f 5892/8/5 5890/8/5 5891/8/5
f 5893/8/5 5891/8/5 5888/8/5
f 5894/8/5 5891/8/5 5893/8/5
f 5901/10/5 5896/10/5 5895/10/5
f 5902/10/5 5896/10/5 5901/10/5
f 5909/10/5 5898/10/5 5897/10/5
f 5910/10/5 5898/10/5 5909/10/5
f 5911/10/5 5900/10/5 5899/10/5
f 5912/10/5 5900/10/5 5911/10/5
f 5913/10/5 5904/10/5 5903/10/5
f 5914/10/5 5904/10/5 5913/10/5
f 5915/10/5 5906/10/5 5905/10/5
f 5916/10/5 5906/10/5 5915/10/5
f 5917/9/5 5908/9/5 5907/9/5
f 5918/9/5 5908/9/5 5917/9/5
f 5920/9/5 5919/9/5 5918/9/5
f 5921/9/5 5919/9/5 5920/9/5
f 5924/9/5 5923/9/5 5922/9/5
f 5925/9/5 5923/9/5 5924/9/5
f 5928/1/5 5927/1/5 5926/1/5
f 5929/1/5 5927/1/5 5928/1/5
f 5939/10/5 5931/10/5 5930/10/5
f 5940/10/5 5931/10/5 5939/10/5
f 5946/10/5 5933/10/5 5932/10/5
f 5947/10/5 5933/10/5 5946/10/5
f 5948/6/5 5935/6/5 5934/6/5
f 5949/6/5 5935/6/5 5948/6/5
f 5950/10/5 5937/10/5 5936/10/5
f 5951/10/5 5937/10/5 5950/10/5
f 5952/10/5 5939/10/5 5938/10/5
f 5953/10/5 5939/10/5 5952/10/5
f 5954/10/5 5942/10/5 5941/10/5
f 5955/10/5 5942/10/5 5954/10/5
f 5957/10/5 5945/10/5 5944/10/5
f 5957/6/5 5944/6/5 5943/6/5
f 5958/9/5 5946/9/5 5945/9/5
f 5958/10/5 5945/10/5 5957/10/5
f 5959/9/5 5946/9/5 5958/9/5
f 5960/9/5 5956/9/5 5955/9/5
f 5960/9/5 5955/9/5 5954/9/5
f 5961/9/5 5956/9/5 5960/9/5
f 5962/6/5 5957/6/5 5943/6/5
f 5963/6/5 5957/6/5 5962/6/5
f 5968/2/5 5965/2/5 5964/2/5
f 5969/2/5 5965/2/5 5968/2/5
f 5970/1/5 5967/1/5 5966/1/5
f 5971/1/5 5967/1/5 5970/1/5
f 5972/1/5 5969/1/5 5968/1/5
f 5973/1/5 5969/1/5 5972/1/5
f 5974/1/5 5969/1/5 5973/1/5
f 5975/1/5 5972/1/5 5971/1/5
f 5975/1/5 5973/1/5 5972/1/5
f 5976/1/5 5973/1/5 5975/1/5
f 5986/10/5 5978/10/5 5977/10/5
f 5987/10/5 5978/10/5 5986/10/5
f 5990/3/5 5980/3/5 5979/3/5
f 5991/3/5 5980/3/5 5990/3/5
f 5994/10/5 5982/10/5 5981/10/5
f 5995/10/5 5982/10/5 5994/10/5
f 5996/6/5 5984/6/5 5983/6/5
f 5997/6/5 5984/6/5 5996/6/5
f 5998/6/5 5984/6/5 5997/6/5
f 6000/9/5 5986/9/5 5985/9/5
f 6000/9/5 5987/9/5 5986/9/5
f 6001/9/5 5987/9/5 6000/9/5
f 6002/6/5 5989/6/5 5988/6/5
f 6003/6/5 5989/6/5 6002/6/5
f 6004/3/5 5991/3/5 5990/3/5
f 6004/3/5 5992/3/5 5991/3/5
f 6005/9/5 5993/9/5 5992/9/5
f 6005/3/5 5992/3/5 6004/3/5
f 6006/9/5 5993/9/5 6005/9/5
f 6007/3/5 5998/3/5 5997/3/5
f 6008/3/5 5998/3/5 6007/3/5
f 6010/9/5 6000/9/5 5999/9/5
f 6011/9/5 6000/9/5 6010/9/5
f 6012/9/5 6009/9/5 6008/9/5
f 6013/9/5 6009/9/5 6012/9/5
f 6017/2/5 6015/2/5 6014/2/5
f 6018/2/5 6015/2/5 6017/2/5
f 6021/2/5 6017/2/5 6016/2/5
f 6021/2/5 6019/2/5 6018/2/5
f 6021/2/5 6018/2/5 6017/2/5
f 6022/2/5 6019/2/5 6021/2/5
f 6023/2/5 6021/2/5 6020/2/5
f 6024/2/5 6021/2/5 6023/2/5
f 6025/2/5 6019/2/5 6022/2/5
f 6026/2/5 6019/2/5 6025/2/5
f 6033/10/5 6028/10/5 6027/10/5
f 6034/10/5 6028/10/5 6033/10/5
f 6039/6/5 6030/6/5 6029/6/5
f 6040/6/5 6030/6/5 6039/6/5
f 6043/6/5 6032/6/5 6031/6/5
f 6044/6/5 6032/6/5 6043/6/5
f 6045/3/5 6036/3/5 6035/3/5
f 6046/3/5 6036/3/5 6045/3/5
f 6048/7/5 6038/7/5 6037/7/5
f 6049/7/5 6038/7/5 6048/7/5
f 6050/3/5 6042/3/5 6041/3/5
f 6051/3/5 6042/3/5 6050/3/5
f 6052/3/5 6047/3/5 6046/3/5
f 6053/3/5 6047/3/5 6052/3/5
f 6054/9/5 6049/9/5 6048/9/5
f 6055/9/5 6049/9/5 6054/9/5
f 6058/3/5 6057/3/5 6056/3/5
f 6059/3/5 6057/3/5 6058/3/5
f 6064/2/5 6061/2/5 6060/2/5
f 6065/6/5 6062/6/5 6061/6/5
f 6065/2/5 6061/2/5 6064/2/5
f 6066/2/5 6064/2/5 6063/2/5
f 6067/2/5 6064/2/5 6066/2/5
f 6068/6/5 6062/6/5 6065/6/5
f 6069/6/5 6062/6/5 6068/6/5
f 6074/6/5 6071/6/5 6070/6/5
f 6075/10/5 6073/10/5 6072/10/5
f 6076/10/5 6073/10/5 6075/10/5
f 6077/10/5 6073/10/5 6076/10/5
f 6078/6/5 6074/6/5 6070/6/5
f 6090/9/5 6076/9/5 6075/9/5
f 6091/9/5 6076/9/5 6090/9/5
f 6092/6/5 6078/6/5 6070/6/5
f 6092/6/5 6079/6/5 6078/6/5
f 6093/6/5 6079/6/5 6092/6/5
f 6095/3/5 6081/3/5 6080/3/5
f 6096/3/5 6081/3/5 6095/3/5
f 6098/10/5 6083/10/5 6082/10/5
f 6099/10/5 6083/10/5 6098/10/5
f 6100/10/5 6085/10/5 6084/10/5
f 6101/10/5 6085/10/5 6100/10/5
f 6102/3/5 6087/3/5 6086/3/5
f 6103/3/5 6087/3/5 6102/3/5
f 6106/7/5 6089/7/5 6088/7/5
f 6107/7/5 6089/7/5 6106/7/5
f 6109/3/5 6095/3/5 6094/3/5
f 6109/3/5 6096/3/5 6095/3/5
f 6110/6/5 6097/6/5 6096/6/5
f 6110/3/5 6096/3/5 6109/3/5
f 6111/6/5 6097/6/5 6110/6/5
f 6112/3/5 6105/3/5 6104/3/5
f 6113/3/5 6105/3/5 6112/3/5
f 6115/9/5 6108/9/5 6107/9/5
f 6115/9/5 6107/9/5 6106/9/5
f 6116/9/5 6108/9/5 6115/9/5
f 6117/9/5 6108/9/5 6116/9/5
f 6118/9/5 6116/9/5 6115/9/5
f 6118/9/5 6115/9/5 6114/9/5
f 6119/9/5 6116/9/5 6118/9/5
f 6120/9/5 6116/9/5 6119/9/5
f 6123/10/5 6119/10/5 6118/10/5
f 6124/10/5 6119/10/5 6123/10/5
f 6125/7/5 6122/7/5 6121/7/5
f 6125/3/5 6123/3/5 6122/3/5
f 6126/7/5 6124/7/5 6123/7/5
f 6126/3/5 6123/3/5 6125/3/5
f 6127/7/5 6124/7/5 6126/7/5
f 6129/7/5 6125/7/5 6121/7/5
f 6130/7/5 6125/7/5 6129/7/5
f 6131/7/5 6127/7/5 6126/7/5
f 6131/7/5 6128/7/5 6127/7/5
f 6132/7/5 6128/7/5 6131/7/5
f 6133/9/5 6131/9/5 6130/9/5
f 6134/9/5 6131/9/5 6133/9/5
f 6137/6/5 6136/6/5 6135/6/5
f 6138/6/5 6136/6/5 6137/6/5
f 6139/6/5 6136/6/5 6138/6/5
f 6140/6/5 6136/6/5 6139/6/5
f 6141/8/5 6140/8/5 6139/8/5
f 6142/8/5 6140/8/5 6141/8/5
f 6145/10/5 6144/10/5 6143/10/5
f 6146/10/5 6144/10/5 6145/10/5
f 6155/10/5 6149/10/5 6148/10/5
f 6155/10/5 6148/10/5 6147/10/5
f 6156/10/5 6149/10/5 6155/10/5
f 6162/10/5 6151/10/5 6150/10/5
f 6163/10/5 6151/10/5 6162/10/5
f 6169/7/5 6153/7/5 6152/7/5
f 6170/9/5 6154/9/5 6153/9/5
f 6170/7/5 6153/7/5 6169/7/5
f 6171/9/5 6154/9/5 6170/9/5
f 6172/10/5 6157/10/5 6156/10/5
f 6173/10/5 6157/10/5 6172/10/5
f 6175/10/5 6159/10/5 6158/10/5
f 6180/6/5 6161/6/5 6160/6/5
f 6181/9/5 6162/9/5 6161/9/5
f 6181/6/5 6161/6/5 6180/6/5
f 6182/9/5 6162/9/5 6181/9/5
f 6183/3/5 6166/3/5 6165/3/5
f 6184/3/5 6166/3/5 6183/3/5
f 6185/3/5 6168/3/5 6167/3/5
f 6186/3/5 6168/3/5 6185/3/5
f 6189/9/5 6177/9/5 6176/9/5
f 6190/9/5 6177/9/5 6189/9/5
f 6191/3/5 6179/3/5 6178/3/5
f 6192/3/5 6179/3/5 6191/3/5
f 6193/11/5 6164/11/5 6163/11/5
f 6194/11/5 6164/11/5 6193/11/5
f 6196/3/5 6188/3/5 6187/3/5
f 6197/3/5 6188/3/5 6196/3/5
f 6203/11/5 6195/11/5 6194/11/5
f 6204/11/5 6195/11/5 6203/11/5
f 6208/3/5 6198/3/5 6197/3/5
f 6209/3/5 6198/3/5 6208/3/5
f 6210/10/5 6200/10/5 6199/10/5
f 6211/10/5 6200/10/5 6210/10/5
f 6212/10/5 6175/10/5 6174/10/5
f 6213/10/5 6159/10/5 6175/10/5
f 6213/10/5 6175/10/5 6212/10/5
f 6214/8/5 6202/8/5 6201/8/5
f 6215/8/5 6202/8/5 6214/8/5
f 6216/10/5 6200/10/5 6211/10/5
f 6217/10/5 6200/10/5 6216/10/5
f 6218/11/5 6205/11/5 6204/11/5
f 6219/11/5 6205/11/5 6218/11/5
f 6220/7/5 6207/7/5 6206/7/5
f 6221/7/5 6207/7/5 6220/7/5
f 6225/9/5 6221/9/5 6220/9/5
f 6225/9/5 6222/9/5 6221/9/5
f 6226/9/5 6222/9/5 6225/9/5
f 6227/9/5 6222/9/5 6226/9/5
f 6228/9/5 6224/9/5 6223/9/5
f 6231/9/5 6227/9/5 6226/9/5
f 6231/9/5 6228/9/5 6227/9/5
f 6232/9/5 6224/9/5 6228/9/5
f 6232/9/5 6228/9/5 6231/9/5
f 6233/9/5 6230/9/5 6229/9/5
f 6234/9/5 6230/9/5 6233/9/5
f 6237/6/5 6236/6/5 6235/6/5
f 6238/6/5 6236/6/5 6237/6/5
f 6239/6/5 6236/6/5 6238/6/5
f 6240/6/5 6236/6/5 6239/6/5
f 6241/8/5 6240/8/5 6239/8/5
f 6242/8/5 6240/8/5 6241/8/5
f 6250/10/5 6244/10/5 6243/10/5
f 6251/10/5 6244/10/5 6250/10/5
f 6259/10/5 6246/10/5 6245/10/5
f 6260/10/5 6246/10/5 6259/10/5
f 6261/10/5 6248/10/5 6247/10/5
f 6262/10/5 6248/10/5 6261/10/5
f 6265/10/5 6250/10/5 6249/10/5
f 6265/10/5 6251/10/5 6250/10/5
f 6266/10/5 6251/10/5 6265/10/5
f 6267/6/5 6252/6/5 6251/6/5
f 6267/10/5 6251/10/5 6266/10/5
f 6268/6/5 6252/6/5 6267/6/5
f 6269/7/5 6254/7/5 6253/7/5
f 6270/10/5 6255/10/5 6254/10/5
f 6270/7/5 6254/7/5 6269/7/5
f 6271/9/5 6256/9/5 6255/9/5
f 6271/10/5 6255/10/5 6270/10/5
f 6272/9/5 6256/9/5 6271/9/5
f 6275/10/5 6258/10/5 6257/10/5
f 6276/10/5 6258/10/5 6275/10/5
f 6282/10/5 6263/10/5 6262/10/5
f 6282/10/5 6262/10/5 6261/10/5
f 6283/10/5 6263/10/5 6282/10/5
f 6284/10/5 6263/10/5 6283/10/5
f 6285/10/5 6263/10/5 6284/10/5
f 6287/10/5 6266/10/5 6265/10/5
f 6287/10/5 6265/10/5 6264/10/5
f 6288/10/5 6266/10/5 6287/10/5
f 6289/6/5 6268/6/5 6267/6/5
f 6289/7/5 6269/7/5 6268/7/5
f 6290/10/5 6270/10/5 6269/10/5
f 6290/7/5 6269/7/5 6289/7/5
f 6291/4/5 6271/4/5 6270/4/5
f 6291/10/5 6270/10/5 6290/10/5
f 6291/4/5 6272/4/5 6271/4/5
f 6292/4/5 6272/4/5 6291/4/5
f 6297/11/5 6274/11/5 6273/11/5
f 6299/7/5 6278/7/5 6277/7/5
f 6300/7/5 6278/7/5 6299/7/5
f 6302/10/5 6280/10/5 6279/10/5
f 6303/10/5 6280/10/5 6302/10/5
f 6304/6/5 6282/6/5 6281/6/5
f 6305/10/5 6283/10/5 6282/10/5
f 6305/6/5 6282/6/5 6304/6/5
f 6306/10/5 6286/10/5 6285/10/5
f 6306/10/5 6285/10/5 6284/10/5
f 6307/10/5 6286/10/5 6306/10/5
f 6308/6/5 6289/6/5 6267/6/5
f 6309/10/5 6290/10/5 6289/10/5
f 6309/6/5 6289/6/5 6308/6/5
f 6310/4/5 6291/4/5 6290/4/5
f 6310/10/5 6290/10/5 6309/10/5
f 6310/4/5 6292/4/5 6291/4/5
f 6311/4/5 6292/4/5 6310/4/5
f 6312/4/5 6292/4/5 6311/4/5
f 6313/4/5 6292/4/5 6312/4/5
f 6314/10/5 6294/10/5 6293/10/5
f 6315/10/5 6294/10/5 6314/10/5
f 6316/9/5 6296/9/5 6295/9/5
f 6316/9/5 6297/9/5 6296/9/5
f 6317/9/5 6297/9/5 6316/9/5
f 6318/11/5 6274/11/5 6297/11/5
f 6318/9/5 6297/9/5 6317/9/5
f 6319/11/5 6274/11/5 6318/11/5
f 6321/3/5 6299/3/5 6298/3/5
f 6322/3/5 6299/3/5 6321/3/5
f 6323/7/5 6301/7/5 6300/7/5
f 6324/7/5 6301/7/5 6323/7/5
f 6326/10/5 6305/10/5 6304/10/5
f 6327/10/5 6283/10/5 6305/10/5
f 6327/10/5 6305/10/5 6326/10/5
f 6328/10/5 6283/10/5 6327/10/5
f 6330/10/5 6309/10/5 6308/10/5
f 6331/4/5 6311/4/5 6310/4/5
f 6332/4/5 6311/4/5 6331/4/5
f 6333/9/5 6314/9/5 6313/9/5
f 6333/9/5 6313/9/5 6312/9/5
f 6334/10/5 6315/10/5 6314/10/5
f 6334/9/5 6314/9/5 6333/9/5
f 6335/9/5 6316/9/5 6315/9/5
f 6335/10/5 6315/10/5 6334/10/5
f 6336/9/5 6316/9/5 6335/9/5
f 6337/6/5 6318/6/5 6317/6/5
f 6338/6/5 6318/6/5 6337/6/5
f 6339/6/5 6318/6/5 6338/6/5
f 6340/11/5 6320/11/5 6319/11/5
f 6341/11/5 6320/11/5 6340/11/5
f 6343/7/5 6323/7/5 6300/7/5
f 6344/7/5 6323/7/5 6343/7/5
f 6345/7/5 6325/7/5 6324/7/5
f 6346/7/5 6325/7/5 6345/7/5
f 6349/10/5 6287/10/5 6264/10/5
f 6350/10/5 6330/10/5 6308/10/5
f 6351/5/5 6331/5/5 6330/5/5
f 6351/10/5 6330/10/5 6350/10/5
f 6352/10/5 6332/10/5 6331/10/5
f 6352/5/5 6331/5/5 6351/5/5
f 6353/4/5 6333/4/5 6332/4/5
f 6353/10/5 6332/10/5 6352/10/5
f 6354/4/5 6333/4/5 6353/4/5
f 6356/9/5 6335/9/5 6334/9/5
f 6357/9/5 6335/9/5 6356/9/5
f 6358/9/5 6340/9/5 6339/9/5
f 6359/10/5 6341/10/5 6340/10/5
f 6359/9/5 6340/9/5 6358/9/5
f 6360/11/5 6342/11/5 6341/11/5
f 6360/10/5 6341/10/5 6359/10/5
f 6361/11/5 6342/11/5 6360/11/5
f 6362/10/5 6348/10/5 6347/10/5
f 6363/10/5 6348/10/5 6362/10/5
f 6364/10/5 6327/10/5 6326/10/5
f 6365/6/5 6329/6/5 6328/6/5
f 6365/6/5 6328/6/5 6327/6/5
f 6365/10/5 6327/10/5 6364/10/5
f 6366/6/5 6329/6/5 6365/6/5
f 6367/6/5 6329/6/5 6366/6/5
f 6368/10/5 6350/10/5 6349/10/5
f 6368/10/5 6349/10/5 6264/10/5
f 6369/5/5 6352/5/5 6351/5/5
f 6369/10/5 6350/10/5 6368/10/5
f 6369/5/5 6351/5/5 6350/5/5
f 6370/5/5 6352/5/5 6369/5/5
f 6371/5/5 6352/5/5 6370/5/5
f 6372/10/5 6355/10/5 6354/10/5
f 6372/10/5 6354/10/5 6353/10/5
f 6373/10/5 6355/10/5 6372/10/5
f 6375/6/5 6360/6/5 6359/6/5
f 6376/10/5 6361/10/5 6360/10/5
f 6376/6/5 6360/6/5 6375/6/5
f 6377/11/5 6342/11/5 6361/11/5
f 6380/11/5 6363/11/5 6362/11/5
f 6381/10/5 6364/10/5 6363/10/5
f 6381/11/5 6363/11/5 6380/11/5
f 6382/10/5 6364/10/5 6381/10/5
f 6383/6/5 6366/6/5 6365/6/5
f 6384/6/5 6366/6/5 6383/6/5
f 6385/6/5 6366/6/5 6384/6/5
f 6387/5/5 6374/5/5 6373/5/5
f 6387/5/5 6373/5/5 6372/5/5
f 6388/5/5 6374/5/5 6387/5/5
f 6389/5/5 6374/5/5 6388/5/5
f 6392/9/5 6376/9/5 6375/9/5
f 6393/10/5 6361/10/5 6376/10/5
f 6393/9/5 6376/9/5 6392/9/5
f 6394/11/5 6377/11/5 6361/11/5
f 6394/10/5 6361/10/5 6393/10/5
f 6394/11/5 6378/11/5 6377/11/5
f 6395/11/5 6378/11/5 6394/11/5
f 6396/10/5 6379/10/5 6378/10/5
f 6396/11/5 6378/11/5 6395/11/5
f 6397/10/5 6379/10/5 6396/10/5
f 6399/5/5 6370/5/5 6369/5/5
f 6399/5/5 6369/5/5 6368/5/5
f 6400/5/5 6370/5/5 6399/5/5
f 6401/5/5 6370/5/5 6400/5/5
f 6402/5/5 6370/5/5 6401/5/5
f 6403/5/5 6390/5/5 6389/5/5
f 6403/5/5 6389/5/5 6388/5/5
f 6404/5/5 6390/5/5 6403/5/5
f 6405/10/5 6392/10/5 6391/10/5
f 6405/10/5 6393/10/5 6392/10/5
f 6406/11/5 6395/11/5 6394/11/5
f 6406/10/5 6393/10/5 6405/10/5
f 6406/11/5 6394/11/5 6393/11/5
f 6407/11/5 6395/11/5 6406/11/5
f 6408/9/5 6398/9/5 6397/9/5
f 6408/11/5 6395/11/5 6407/11/5
f 6408/9/5 6397/9/5 6396/9/5
f 6408/9/5 6396/9/5 6395/9/5
f 6409/9/5 6398/9/5 6408/9/5
f 6410/11/5 6381/11/5 6380/11/5
f 6411/11/5 6381/11/5 6410/11/5
f 6412/9/5 6386/9/5 6385/9/5
f 6412/9/5 6385/9/5 6384/9/5
f 6413/9/5 6386/9/5 6412/9/5
f 6414/9/5 6386/9/5 6413/9/5
f 6415/5/5 6401/5/5 6400/5/5
f 6416/5/5 6401/5/5 6415/5/5
f 6420/5/5 6390/5/5 6404/5/5
f 6421/5/5 6390/5/5 6420/5/5
f 6422/10/5 6405/10/5 6391/10/5
f 6423/10/5 6405/10/5 6422/10/5
f 6424/11/5 6407/11/5 6406/11/5
f 6425/11/5 6407/11/5 6424/11/5
f 6426/9/5 6410/9/5 6409/9/5
f 6426/9/5 6409/9/5 6408/9/5
f 6427/9/5 6410/9/5 6426/9/5
f 6428/6/5 6411/6/5 6410/6/5
f 6428/9/5 6410/9/5 6427/9/5
f 6429/9/5 6419/9/5 6418/9/5
f 6429/9/5 6418/9/5 6417/9/5
f 6429/9/5 6417/9/5 6416/9/5
f 6430/9/5 6419/9/5 6429/9/5
f 6431/9/5 6419/9/5 6430/9/5
f 6434/6/5 6411/6/5 6428/6/5
f 6434/6/5 6428/6/5 6427/6/5
f 6435/6/5 6411/6/5 6434/6/5
f 6436/9/5 6429/9/5 6416/9/5
f 6437/6/5 6430/6/5 6429/6/5
f 6437/9/5 6429/9/5 6436/9/5
f 6439/6/5 6433/6/5 6432/6/5
f 6440/6/5 6434/6/5 6427/6/5
f 6441/6/5 6434/6/5 6440/6/5
f 6442/6/5 6414/6/5 6413/6/5
f 6443/6/5 6414/6/5 6442/6/5
f 6444/6/5 6430/6/5 6437/6/5
f 6445/6/5 6430/6/5 6444/6/5
f 6446/6/5 6439/6/5 6438/6/5
f 6447/6/5 6433/6/5 6439/6/5
f 6447/6/5 6439/6/5 6446/6/5
f 6453/1/5 6449/1/5 6448/1/5
f 6454/1/5 6451/1/5 6450/1/5
f 6456/1/5 6453/1/5 6452/1/5
f 6457/1/5 6449/1/5 6453/1/5
f 6457/1/5 6453/1/5 6456/1/5
f 6458/1/5 6449/1/5 6457/1/5
f 6460/1/5 6455/1/5 6454/1/5
f 6460/1/5 6454/1/5 6450/1/5
f 6461/1/5 6455/1/5 6460/1/5
f 6462/1/5 6455/1/5 6461/1/5
f 6464/1/5 6459/1/5 6458/1/5
f 6464/1/5 6458/1/5 6457/1/5
f 6465/1/5 6459/1/5 6464/1/5
f 6466/1/5 6459/1/5 6465/1/5
f 6467/1/5 6459/1/5 6466/1/5
f 6468/1/5 6466/1/5 6465/1/5
f 6469/1/5 6466/1/5 6468/1/5
f 6470/1/5 6463/1/5 6462/1/5
f 6470/1/5 6462/1/5 6461/1/5
f 6471/1/5 6463/1/5 6470/1/5
f 6472/1/5 6470/1/5 6461/1/5
f 6473/1/5 6470/1/5 6472/1/5
f 6476/10/5 6475/10/5 6474/10/5
f 6477/10/5 6475/10/5 6476/10/5
f 6478/6/5 6477/6/5 6476/6/5
f 6479/6/5 6477/6/5 6478/6/5
f 6484/7/5 6479/7/5 6478/7/5
f 6485/7/5 6479/7/5 6484/7/5
f 6487/8/5 6481/8/5 6480/8/5
f 6488/8/5 6481/8/5 6487/8/5
f 6489/8/5 6483/8/5 6482/8/5
f 6490/8/5 6483/8/5 6489/8/5
f 6496/8/5 6491/8/5 6490/8/5
f 6497/8/5 6491/8/5 6496/8/5
f 6501/6/5 6493/6/5 6492/6/5
f 6510/8/5 6487/8/5 6486/8/5
f 6511/8/5 6487/8/5 6510/8/5
f 6512/8/5 6495/8/5 6494/8/5
f 6513/8/5 6498/8/5 6497/8/5
f 6514/8/5 6498/8/5 6513/8/5
f 6515/8/5 6500/8/5 6499/8/5
f 6516/8/5 6500/8/5 6515/8/5
f 6517/6/5 6501/6/5 6492/6/5
f 6517/6/5 6502/6/5 6501/6/5
f 6518/10/5 6503/10/5 6502/10/5
f 6518/6/5 6502/6/5 6517/6/5
f 6519/9/5 6505/9/5 6504/9/5
f 6520/9/5 6505/9/5 6519/9/5
f 6524/7/5 6507/7/5 6506/7/5
f 6525/7/5 6507/7/5 6524/7/5
f 6527/10/5 6509/10/5 6508/10/5
f 6528/10/5 6509/10/5 6527/10/5
f 6529/8/5 6495/8/5 6512/8/5
f 6530/8/5 6495/8/5 6529/8/5
f 6534/9/5 6522/9/5 6521/9/5
f 6535/9/5 6522/9/5 6534/9/5
f 6536/9/5 6522/9/5 6535/9/5
f 6537/7/5 6524/7/5 6523/7/5
f 6538/9/5 6526/9/5 6525/9/5
f 6538/9/5 6525/9/5 6524/9/5
f 6538/7/5 6524/7/5 6537/7/5
f 6539/9/5 6526/9/5 6538/9/5
f 6545/10/5 6503/10/5 6518/10/5
f 6546/10/5 6503/10/5 6545/10/5
f 6548/5/5 6533/5/5 6532/5/5
f 6549/5/5 6533/5/5 6548/5/5
f 6550/9/5 6536/9/5 6535/9/5
f 6551/7/5 6537/7/5 6536/7/5
f 6551/9/5 6536/9/5 6550/9/5
f 6552/4/5 6538/4/5 6537/4/5
f 6552/7/5 6537/7/5 6551/7/5
f 6553/4/5 6538/4/5 6552/4/5
f 6555/9/5 6540/9/5 6539/9/5
f 6555/9/5 6541/9/5 6540/9/5
f 6556/9/5 6541/9/5 6555/9/5
f 6557/8/5 6531/8/5 6530/8/5
f 6558/8/5 6531/8/5 6557/8/5
f 6560/9/5 6543/9/5 6542/9/5
f 6561/9/5 6543/9/5 6560/9/5
f 6563/9/5 6545/9/5 6544/9/5
f 6564/9/5 6545/9/5 6563/9/5
f 6567/7/5 6553/7/5 6552/7/5
f 6567/7/5 6552/7/5 6551/7/5
f 6568/7/5 6553/7/5 6567/7/5
f 6569/9/5 6556/9/5 6555/9/5
f 6569/9/5 6555/9/5 6554/9/5
f 6570/9/5 6556/9/5 6569/9/5
f 6571/9/5 6556/9/5 6570/9/5
f 6572/9/5 6560/9/5 6559/9/5
f 6573/8/5 6561/8/5 6560/8/5
f 6573/9/5 6560/9/5 6572/9/5
f 6573/8/5 6562/8/5 6561/8/5
f 6574/8/5 6562/8/5 6573/8/5
f 6575/8/5 6562/8/5 6574/8/5
f 6577/9/5 6548/9/5 6547/9/5
f 6578/9/5 6548/9/5 6577/9/5
f 6580/5/5 6566/5/5 6565/5/5
f 6581/5/5 6566/5/5 6580/5/5
f 6583/9/5 6570/9/5 6569/9/5
f 6583/7/5 6569/7/5 6568/7/5
f 6584/9/5 6570/9/5 6583/9/5
f 6589/8/5 6574/8/5 6573/8/5
f 6589/8/5 6573/8/5 6572/8/5
f 6590/8/5 6574/8/5 6589/8/5
f 6591/8/5 6574/8/5 6590/8/5
f 6595/9/5 6577/9/5 6576/9/5
f 6596/9/5 6577/9/5 6595/9/5
f 6597/9/5 6579/9/5 6578/9/5
f 6598/9/5 6579/9/5 6597/9/5
f 6600/9/5 6582/9/5 6581/9/5
f 6601/9/5 6582/9/5 6600/9/5
f 6602/7/5 6583/7/5 6568/7/5
f 6603/5/5 6584/5/5 6583/5/5
f 6603/7/5 6583/7/5 6602/7/5
f 6604/9/5 6570/9/5 6584/9/5
f 6604/5/5 6584/5/5 6603/5/5
f 6605/9/5 6570/9/5 6604/9/5
f 6606/9/5 6586/9/5 6585/9/5
f 6607/9/5 6586/9/5 6606/9/5
f 6608/9/5 6588/9/5 6587/9/5
f 6609/9/5 6588/9/5 6608/9/5
f 6612/9/5 6595/9/5 6594/9/5
f 6613/9/5 6595/9/5 6612/9/5
f 6616/9/5 6602/9/5 6601/9/5
f 6616/9/5 6603/9/5 6602/9/5
f 6616/9/5 6601/9/5 6600/9/5
f 6616/9/5 6600/9/5 6599/9/5
f 6617/9/5 6603/9/5 6616/9/5
f 6618/9/5 6603/9/5 6617/9/5
f 6619/9/5 6603/9/5 6618/9/5
f 6620/9/5 6609/9/5 6608/9/5
f 6620/9/5 6607/9/5 6606/9/5
f 6620/9/5 6605/9/5 6604/9/5
f 6620/9/5 6608/9/5 6607/9/5
f 6620/9/5 6606/9/5 6605/9/5
f 6621/9/5 6609/9/5 6620/9/5
f 6622/9/5 6609/9/5 6621/9/5
f 6623/8/5 6611/8/5 6610/8/5
f 6624/8/5 6611/8/5 6623/8/5
f 6626/8/5 6590/8/5 6589/8/5
f 6627/8/5 6590/8/5 6626/8/5
f 6632/9/5 6618/9/5 6617/9/5
f 6632/8/5 6617/8/5 6616/8/5
f 6633/9/5 6618/9/5 6632/9/5
f 6635/9/5 6620/9/5 6604/9/5
f 6636/9/5 6620/9/5 6635/9/5
f 6639/8/5 6626/8/5 6625/8/5
f 6640/8/5 6626/8/5 6639/8/5
f 6641/8/5 6593/8/5 6592/8/5
f 6642/8/5 6593/8/5 6641/8/5
f 6643/8/5 6634/8/5 6633/8/5
f 6643/8/5 6632/8/5 6616/8/5
f 6643/8/5 6633/8/5 6632/8/5
f 6644/8/5 6634/8/5 6643/8/5
f 6645/8/5 6636/8/5 6635/8/5
f 6646/9/5 6620/9/5 6636/9/5
f 6646/8/5 6636/8/5 6645/8/5
f 6647/9/5 6620/9/5 6646/9/5
f 6648/8/5 6611/8/5 6624/8/5
f 6650/8/5 6629/8/5 6628/8/5
f 6651/8/5 6629/8/5 6650/8/5
f 6653/8/5 6631/8/5 6630/8/5
f 6654/8/5 6631/8/5 6653/8/5
f 6655/8/5 6615/8/5 6614/8/5
f 6656/8/5 6615/8/5 6655/8/5
f 6658/8/5 6638/8/5 6637/8/5
f 6659/8/5 6638/8/5 6658/8/5
f 6662/8/5 6649/8/5 6648/8/5
f 6662/8/5 6648/8/5 6624/8/5
f 6663/8/5 6649/8/5 6662/8/5
f 6664/8/5 6649/8/5 6663/8/5
f 6666/2/5 6651/2/5 6650/2/5
f 6667/8/5 6652/8/5 6651/8/5
f 6668/8/5 6652/8/5 6667/8/5
f 6669/8/5 6657/8/5 6656/8/5
f 6669/8/5 6655/8/5 6654/8/5
f 6669/8/5 6656/8/5 6655/8/5
f 6670/8/5 6657/8/5 6669/8/5
f 6671/8/5 6634/8/5 6644/8/5
f 6672/8/5 6634/8/5 6671/8/5
f 6673/8/5 6663/8/5 6662/8/5
f 6673/8/5 6662/8/5 6661/8/5
f 6674/8/5 6663/8/5 6673/8/5
f 6675/2/5 6666/2/5 6665/2/5
f 6675/8/5 6667/8/5 6651/8/5
f 6675/2/5 6651/2/5 6666/2/5
f 6676/8/5 6667/8/5 6675/8/5
f 6678/8/5 6669/8/5 6654/8/5
f 6679/2/5 6670/2/5 6669/2/5
f 6679/8/5 6669/8/5 6678/8/5
f 6680/8/5 6657/8/5 6670/8/5
f 6680/2/5 6670/2/5 6679/2/5
f 6681/8/5 6657/8/5 6680/8/5
f 6682/8/5 6671/8/5 6644/8/5
f 6683/2/5 6672/2/5 6671/2/5
f 6683/8/5 6671/8/5 6682/8/5
f 6684/8/5 6634/8/5 6672/8/5
f 6684/2/5 6672/2/5 6683/2/5
f 6685/8/5 6634/8/5 6684/8/5
f 6687/8/5 6660/8/5 6659/8/5
f 6688/8/5 6660/8/5 6687/8/5
f 6689/8/5 6663/8/5 6674/8/5
f 6689/2/5 6674/2/5 6673/2/5
f 6690/8/5 6663/8/5 6689/8/5
f 6691/8/5 6678/8/5 6677/8/5
f 6692/2/5 6679/2/5 6678/2/5
f 6692/8/5 6678/8/5 6691/8/5
f 6692/2/5 6680/2/5 6679/2/5
f 6693/2/5 6686/2/5 6685/2/5
f 6693/2/5 6683/2/5 6682/2/5
f 6693/2/5 6685/2/5 6684/2/5
f 6693/2/5 6684/2/5 6683/2/5
f 6694/2/5 6686/2/5 6693/2/5
f 6696/2/5 6690/2/5 6689/2/5
f 6696/2/5 6689/2/5 6673/2/5
f 6697/2/5 6690/2/5 6696/2/5
f 6698/2/5 6690/2/5 6697/2/5
f 6700/2/5 6675/2/5 6665/2/5
f 6700/2/5 6676/2/5 6675/2/5
f 6701/2/5 6676/2/5 6700/2/5
f 6702/2/5 6676/2/5 6701/2/5
f 6704/2/5 6692/2/5 6691/2/5
f 6705/2/5 6680/2/5 6692/2/5
f 6705/2/5 6692/2/5 6704/2/5
f 6706/2/5 6680/2/5 6705/2/5
f 6708/2/5 6686/2/5 6694/2/5
f 6709/2/5 6697/2/5 6696/2/5
f 6709/2/5 6696/2/5 6695/2/5
f 6710/2/5 6697/2/5 6709/2/5
f 6711/2/5 6700/2/5 6699/2/5
f 6711/2/5 6701/2/5 6700/2/5
f 6712/2/5 6701/2/5 6711/2/5
f 6713/2/5 6709/2/5 6695/2/5
f 6714/2/5 6709/2/5 6713/2/5
f 6715/2/5 6709/2/5 6714/2/5
f 6718/2/5 6701/2/5 6712/2/5
f 6719/2/5 6701/2/5 6718/2/5
f 6720/2/5 6708/2/5 6707/2/5
f 6720/2/5 6686/2/5 6708/2/5
f 6721/2/5 6686/2/5 6720/2/5
f 6724/2/5 6717/2/5 6716/2/5
f 6725/2/5 6717/2/5 6724/2/5
f 6726/2/5 6701/2/5 6719/2/5
f 6727/2/5 6701/2/5 6726/2/5
f 6728/2/5 6704/2/5 6703/2/5
f 6728/2/5 6705/2/5 6704/2/5
f 6729/2/5 6705/2/5 6728/2/5
f 6730/2/5 6720/2/5 6707/2/5
f 6731/2/5 6720/2/5 6730/2/5
f 6732/2/5 6723/2/5 6722/2/5
f 6733/2/5 6723/2/5 6732/2/5
f 6737/2/5 6705/2/5 6729/2/5
f 6738/2/5 6705/2/5 6737/2/5
f 6741/2/5 6734/2/5 6733/2/5
f 6742/2/5 6734/2/5 6741/2/5
f 6743/1/5 6736/1/5 6735/1/5
f 6744/2/5 6737/2/5 6729/2/5
f 6745/1/5 6738/1/5 6737/1/5
f 6745/2/5 6737/2/5 6744/2/5
f 6746/1/5 6738/1/5 6745/1/5
f 6747/2/5 6730/2/5 6707/2/5
f 6748/1/5 6740/1/5 6739/1/5
f 6749/1/5 6743/1/5 6742/1/5
f 6749/1/5 6736/1/5 6743/1/5
f 6750/1/5 6736/1/5 6749/1/5
f 6751/1/5 6745/1/5 6744/1/5
f 6752/1/5 6745/1/5 6751/1/5
f 6753/2/5 6747/2/5 6707/2/5
f 6754/1/5 6748/1/5 6747/1/5
f 6754/2/5 6747/2/5 6753/2/5
f 6755/1/5 6740/1/5 6748/1/5
f 6755/1/5 6748/1/5 6754/1/5
f 6756/1/5 6749/1/5 6742/1/5
f 6757/1/5 6749/1/5 6756/1/5
f 6758/2/5 6755/2/5 6754/2/5
f 6759/1/5 6740/1/5 6755/1/5
f 6759/2/5 6755/2/5 6758/2/5
f 6760/1/5 6759/1/5 6758/1/5
f 6760/1/5 6740/1/5 6759/1/5
f 6761/1/5 6740/1/5 6760/1/5
f 6762/1/5 6760/1/5 6758/1/5
f 6763/1/5 6760/1/5 6762/1/5
f 6766/10/5 6765/10/5 6764/10/5
f 6767/10/5 6765/10/5 6766/10/5
f 6770/9/5 6769/9/5 6768/9/5
f 6771/9/5 6769/9/5 6770/9/5
f 6774/2/5 6773/2/5 6772/2/5
f 6775/2/5 6773/2/5 6774/2/5
f 6776/2/5 6774/2/5 6772/2/5
f 6777/2/5 6774/2/5 6776/2/5
f 6782/10/5 6779/10/5 6778/10/5
f 6783/10/5 6779/10/5 6782/10/5
f 6784/10/5 6781/10/5 6780/10/5
f 6785/10/5 6781/10/5 6784/10/5
f 6788/8/5 6787/8/5 6786/8/5
f 6789/8/5 6787/8/5 6788/8/5
f 6792/2/5 6791/2/5 6790/2/5
f 6795/2/5 6792/2/5 6790/2/5
f 6795/2/5 6793/2/5 6792/2/5
f 6796/2/5 6793/2/5 6795/2/5
f 6797/2/5 6793/2/5 6796/2/5
f 6798/1/5 6795/1/5 6794/1/5
f 6799/2/5 6796/2/5 6795/2/5
f 6799/1/5 6795/1/5 6798/1/5
f 6800/2/5 6796/2/5 6799/2/5
f 6805/10/5 6802/10/5 6801/10/5
f 6806/10/5 6802/10/5 6805/10/5
f 6811/10/5 6804/10/5 6803/10/5
f 6812/10/5 6804/10/5 6811/10/5
f 6813/10/5 6808/10/5 6807/10/5
f 6814/10/5 6808/10/5 6813/10/5
f 6815/6/5 6810/6/5 6809/6/5
f 6816/6/5 6810/6/5 6815/6/5
f 6819/3/5 6818/3/5 6817/3/5
f 6820/3/5 6818/3/5 6819/3/5
f 6823/8/5 6822/8/5 6821/8/5
f 6824/8/5 6822/8/5 6823/8/5
f 6827/1/5 6826/1/5 6825/1/5
f 6828/1/5 6826/1/5 6827/1/5
f 6831/1/5 6830/1/5 6829/1/5
f 6831/1/5 6829/1/5 6828/1/5
f 6832/1/5 6830/1/5 6831/1/5
f 6839/10/5 6834/10/5 6833/10/5
f 6840/10/5 6834/10/5 6839/10/5
f 6841/6/5 6836/6/5 6835/6/5
f 6842/6/5 6836/6/5 6841/6/5
f 6843/10/5 6838/10/5 6837/10/5
f 6844/10/5 6838/10/5 6843/10/5
f 6850/8/5 6846/8/5 6845/8/5
f 6851/1/5 6848/1/5 6847/1/5
f 6852/1/5 6848/1/5 6851/1/5
f 6853/1/5 6848/1/5 6852/1/5
f 6854/1/5 6848/1/5 6853/1/5
f 6855/2/5 6850/2/5 6849/2/5
f 6855/8/5 6846/8/5 6850/8/5
f 6856/8/5 6846/8/5 6855/8/5
f 6857/1/5 6853/1/5 6852/1/5
f 6858/1/5 6853/1/5 6857/1/5
f 6859/2/5 6856/2/5 6855/2/5
f 6859/2/5 6855/2/5 6849/2/5
f 6860/2/5 6856/2/5 6859/2/5
f 6863/7/5 6862/7/5 6861/7/5
f 6864/7/5 6862/7/5 6863/7/5
f 6868/1/5 6866/1/5 6865/1/5
f 6869/2/5 6867/2/5 6866/2/5
f 6869/1/5 6866/1/5 6868/1/5
f 6870/2/5 6867/2/5 6869/2/5
f 6873/1/5 6872/1/5 6871/1/5
f 6874/1/5 6872/1/5 6873/1/5
f 6877/10/5 6876/10/5 6875/10/5
f 6878/10/5 6876/10/5 6877/10/5
f 6882/2/5 6880/2/5 6879/2/5
f 6882/8/5 6881/8/5 6880/8/5
f 6883/8/5 6881/8/5 6882/8/5
f 6884/2/5 6882/2/5 6879/2/5
f 6884/2/5 6883/2/5 6882/2/5
f 6885/2/5 6883/2/5 6884/2/5
f 6886/2/5 6883/2/5 6885/2/5
f 6888/2/5 6885/2/5 6884/2/5
f 6889/2/5 6885/2/5 6888/2/5
f 6890/1/5 6888/1/5 6887/1/5
f 6891/1/5 6888/1/5 6890/1/5
f 6895/2/5 6894/2/5 6893/2/5
f 6897/1/5 6893/1/5 6892/1/5
f 6898/2/5 6896/2/5 6895/2/5
f 6898/1/5 6893/1/5 6897/1/5
f 6898/2/5 6895/2/5 6893/2/5
f 6899/2/5 6896/2/5 6898/2/5
f 6900/2/5 6896/2/5 6899/2/5
f 6901/1/5 6899/1/5 6898/1/5
f 6902/1/5 6899/1/5 6901/1/5
f 6905/10/5 6904/10/5 6903/10/5
f 6906/10/5 6904/10/5 6905/10/5
f 6907/10/5 6904/10/5 6906/10/5
f 6910/8/5 6909/8/5 6908/8/5
f 6911/8/5 6909/8/5 6910/8/5
f 6912/8/5 6909/8/5 6911/8/5
f 6913/8/5 6909/8/5 6912/8/5
f 6916/8/5 6915/8/5 6914/8/5
f 6917/8/5 6915/8/5 6916/8/5
f 6919/8/5 6915/8/5 6917/8/5
f 6920/8/5 6915/8/5 6919/8/5
f 6921/8/5 6919/8/5 6918/8/5
f 6922/8/5 6919/8/5 6921/8/5
f 6925/9/5 6924/9/5 6923/9/5
f 6926/9/5 6924/9/5 6925/9/5
f 6929/9/5 6928/9/5 6927/9/5
f 6930/9/5 6928/9/5 6929/9/5
f 6933/10/5 6932/10/5 6931/10/5
f 6934/10/5 6932/10/5 6933/10/5
f 6938/9/5 6936/9/5 6935/9/5
f 6939/9/5 6936/9/5 6938/9/5
f 6940/9/5 6936/9/5 6939/9/5
f 6943/9/5 6938/9/5 6937/9/5
f 6944/9/5 6941/9/5 6940/9/5
f 6944/9/5 6940/9/5 6939/9/5
f 6945/9/5 6941/9/5 6944/9/5
f 6946/8/5 6942/8/5 6941/8/5
f 6946/9/5 6941/9/5 6945/9/5
f 6947/8/5 6942/8/5 6946/8/5
f 6949/9/5 6938/9/5 6943/9/5
f 6950/9/5 6938/9/5 6949/9/5
f 6951/8/5 6948/8/5 6947/8/5
f 6951/8/5 6947/8/5 6946/8/5
f 6951/8/5 6946/8/5 6945/8/5
f 6953/8/5 6952/8/5 6951/8/5
f 6953/8/5 6951/8/5 6945/8/5
f 6954/8/5 6952/8/5 6953/8/5
f 6955/8/5 6952/8/5 6954/8/5
f 6957/8/5 6956/8/5 6955/8/5
f 6957/8/5 6955/8/5 6954/8/5
f 6958/8/5 6956/8/5 6957/8/5
f 6959/8/5 6956/8/5 6958/8/5
f 6960/8/5 6956/8/5 6959/8/5
f 6961/8/5 6959/8/5 6958/8/5
f 6962/8/5 6959/8/5 6961/8/5
f 6967/10/5 6964/10/5 6963/10/5
f 6968/10/5 6964/10/5 6967/10/5
f 6969/10/5 6964/10/5 6968/10/5
f 6971/10/5 6966/10/5 6965/10/5
f 6972/10/5 6966/10/5 6971/10/5
f 6973/9/5 6971/9/5 6970/9/5
f 6974/9/5 6971/9/5 6973/9/5
f 6978/9/5 6976/9/5 6975/9/5
f 6979/9/5 6976/9/5 6978/9/5
f 6981/9/5 6978/9/5 6977/9/5
f 6981/9/5 6980/9/5 6979/9/5
f 6981/9/5 6979/9/5 6978/9/5
f 6982/9/5 6980/9/5 6981/9/5
f 6984/9/5 6981/9/5 6977/9/5
f 6985/9/5 6981/9/5 6984/9/5
f 6987/9/5 6983/9/5 6982/9/5
f 6988/9/5 6983/9/5 6987/9/5
f 6989/9/5 6986/9/5 6985/9/5
f 6990/9/5 6986/9/5 6989/9/5
f 6994/8/5 6992/8/5 6991/8/5
f 6995/8/5 6992/8/5 6994/8/5
f 6997/8/5 6994/8/5 6993/8/5
f 6997/8/5 6995/8/5 6994/8/5
f 6998/2/5 6996/2/5 6995/2/5
f 6998/8/5 6995/8/5 6997/8/5
f 6999/2/5 6996/2/5 6998/2/5
f 7001/2/5 6998/2/5 6997/2/5
f 7001/2/5 7000/2/5 6999/2/5
f 7001/2/5 6999/2/5 6998/2/5
f 7002/2/5 7000/2/5 7001/2/5
f 7003/2/5 7000/2/5 7002/2/5
f 7005/2/5 7003/2/5 7002/2/5
f 7006/1/5 7004/1/5 7003/1/5
f 7006/2/5 7003/2/5 7005/2/5
f 7007/1/5 7004/1/5 7006/1/5
f 7009/1/5 7006/1/5 7005/1/5
f 7009/1/5 7008/1/5 7007/1/5
f 7009/1/5 7007/1/5 7006/1/5
f 7010/1/5 7008/1/5 7009/1/5
f 7011/1/5 7008/1/5 7010/1/5
f 7012/1/5 7008/1/5 7011/1/5
f 7013/1/5 7011/1/5 7010/1/5
f 7014/1/5 7011/1/5 7013/1/5
f 7020/10/5 7016/10/5 7015/10/5
f 7021/10/5 7016/10/5 7020/10/5
f 7022/9/5 7018/9/5 7017/9/5
f 7023/10/5 7019/10/5 7018/10/5
f 7023/9/5 7018/9/5 7022/9/5
f 7024/10/5 7019/10/5 7023/10/5
f 7025/10/5 7019/10/5 7024/10/5
f 7026/9/5 7024/9/5 7023/9/5
f 7027/9/5 7024/9/5 7026/9/5
f 7030/5/5 7029/5/5 7028/5/5
f 7034/5/5 7031/5/5 7030/5/5
f 7034/5/5 7030/5/5 7028/5/5
f 7035/5/5 7031/5/5 7034/5/5
f 7036/5/5 7031/5/5 7035/5/5
f 7037/9/5 7033/9/5 7032/9/5
f 7038/9/5 7033/9/5 7037/9/5
f 7042/10/5 7040/10/5 7039/10/5
f 7043/10/5 7040/10/5 7042/10/5
f 7048/10/5 7042/10/5 7041/10/5
f 7049/10/5 7042/10/5 7048/10/5
f 7050/9/5 7045/9/5 7044/9/5
f 7051/9/5 7045/9/5 7050/9/5
f 7052/10/5 7047/10/5 7046/10/5
f 7053/10/5 7047/10/5 7052/10/5
f 7054/10/5 7047/10/5 7053/10/5
f 7055/9/5 7053/9/5 7052/9/5
f 7056/9/5 7053/9/5 7055/9/5
f 7059/5/5 7058/5/5 7057/5/5
f 7060/5/5 7058/5/5 7059/5/5
f 7061/5/5 7058/5/5 7060/5/5
f 7062/5/5 7058/5/5 7061/5/5
f 7063/5/5 7058/5/5 7062/5/5
f 7066/10/5 7065/10/5 7064/10/5
f 7067/10/5 7065/10/5 7066/10/5
f 7070/9/5 7067/9/5 7066/9/5
f 7070/9/5 7068/9/5 7067/9/5
f 7071/9/5 7068/9/5 7070/9/5
f 7072/9/5 7068/9/5 7071/9/5
f 7073/9/5 7070/9/5 7069/9/5
f 7073/9/5 7071/9/5 7070/9/5
f 7074/9/5 7071/9/5 7073/9/5
f 7076/9/5 7074/9/5 7073/9/5
f 7077/5/5 7075/5/5 7074/5/5
f 7077/9/5 7074/9/5 7076/9/5
f 7078/5/5 7075/5/5 7077/5/5
f 7083/9/5 7080/9/5 7079/9/5
f 7084/9/5 7080/9/5 7083/9/5
f 7086/9/5 7082/9/5 7081/9/5
f 7087/9/5 7082/9/5 7086/9/5
f 7088/5/5 7085/5/5 7084/5/5
f 7089/5/5 7085/5/5 7088/5/5
f 7092/10/5 7091/10/5 7090/10/5
f 7093/10/5 7091/10/5 7092/10/5
f 7094/8/6 7095/8/6 7097/8/6
f 7095/8/6 7096/8/6 7097/8/6
f 7097/8/6 7096/8/6 7098/8/6
f 7098/8/6 7096/8/6 7099/8/6
f 7099/8/6 7096/8/6 7100/8/6
f 7101/10/6 7102/10/6 7106/10/6
f 7106/10/6 7102/10/6 7107/10/6
f 7103/10/6 7104/10/6 7108/10/6
f 7108/10/6 7104/10/6 7109/10/6
f 7105/10/6 7106/10/6 7111/10/6
f 7111/10/6 7106/10/6 7112/10/6
f 7110/6/6 7111/6/6 7113/6/6
f 7113/6/6 7111/6/6 7114/6/6
f 7115/9/6 7116/9/6 7119/9/6
f 7119/9/6 7116/9/6 7120/9/6
f 7117/9/6 7118/9/6 7121/9/6
f 7121/9/6 7118/9/6 7122/9/6
f 7119/8/6 7120/8/6 7123/8/6
f 7121/8/6 7122/8/6 7124/8/6
f 7124/8/6 7122/8/6 7125/8/6
f 7124/8/6 7125/8/6 7127/8/6
f 7125/8/6 7126/8/6 7127/8/6
f 7127/8/6 7126/8/6 7128/8/6
f 7119/8/6 7123/8/6 7129/8/6
f 7129/8/6 7123/8/6 7130/8/6
f 7128/8/6 7126/8/6 7132/8/6
f 7132/8/6 7126/8/6 7133/8/6
f 7130/8/6 7131/8/6 7135/8/6
f 7135/8/6 7131/8/6 7136/8/6
f 7133/8/6 7134/8/6 7138/8/6
f 7138/8/6 7134/8/6 7139/8/6
f 7136/8/6 7137/8/6 7140/8/6
f 7140/8/6 7137/8/6 7141/8/6
f 7141/8/6 7142/8/6 7143/8/6
f 7143/8/6 7142/8/6 7144/8/6
f 7144/2/6 7145/2/6 7149/2/6
f 7149/2/6 7145/2/6 7150/2/6
f 7147/1/6 7148/1/6 7151/1/6
f 7146/1/6 7147/1/6 7151/1/6
f 7151/1/6 7148/1/6 7152/1/6
f 7152/1/6 7148/1/6 7153/1/6
f 7151/1/6 7152/1/6 7156/1/6
f 7156/1/6 7152/1/6 7157/1/6
f 7154/1/6 7155/1/6 7158/1/6
f 7158/1/6 7155/1/6 7159/1/6
f 7160/10/6 7161/10/6 7163/10/6
f 7163/10/6 7161/10/6 7164/10/6
f 7162/10/6 7163/10/6 7166/10/6
f 7166/10/6 7163/10/6 7167/10/6
f 7165/6/6 7166/6/6 7169/6/6
f 7169/6/6 7166/6/6 7170/6/6
f 7168/6/6 7169/6/6 7171/6/6
f 7171/6/6 7169/6/6 7172/6/6
f 7169/9/6 7170/9/6 7173/9/6
f 7172/6/6 7169/6/6 7173/6/6
f 7173/9/6 7170/9/6 7174/9/6
f 7172/9/6 7173/9/6 7174/9/6
f 7174/9/6 7170/9/6 7175/9/6
f 7172/9/6 7174/9/6 7176/9/6
f 7176/9/6 7174/9/6 7177/9/6
f 7176/8/6 7177/8/6 7178/8/6
f 7176/8/6 7178/8/6 7180/8/6
f 7178/8/6 7179/8/6 7180/8/6
f 7180/8/6 7179/8/6 7181/8/6
f 7181/8/6 7179/8/6 7182/8/6
f 7181/8/6 7182/8/6 7184/8/6
f 7182/8/6 7183/8/6 7184/8/6
f 7184/8/6 7183/8/6 7185/8/6
f 7185/8/6 7183/8/6 7186/8/6
f 7186/8/6 7187/8/6 7189/8/6
f 7185/8/6 7186/8/6 7189/8/6
f 7189/8/6 7187/8/6 7190/8/6
f 7187/2/6 7188/2/6 7191/2/6
f 7190/8/6 7187/8/6 7191/8/6
f 7191/2/6 7188/2/6 7192/2/6
f 7192/2/6 7193/2/6 7196/2/6
f 7190/2/6 7191/2/6 7196/2/6
f 7191/2/6 7192/2/6 7196/2/6
f 7196/2/6 7193/2/6 7197/2/6
f 7197/2/6 7193/2/6 7198/2/6
f 7194/2/6 7195/2/6 7201/2/6
f 7201/2/6 7195/2/6 7202/2/6
f 7200/2/6 7201/2/6 7203/2/6
f 7203/2/6 7201/2/6 7204/2/6
f 7197/1/6 7198/1/6 7205/1/6
f 7198/1/6 7199/1/6 7205/1/6
f 7205/1/6 7199/1/6 7206/1/6
f 7206/1/6 7199/1/6 7207/1/6
f 7203/1/6 7204/1/6 7208/1/6
f 7208/1/6 7204/1/6 7209/1/6
f 7210/10/6 7211/10/6 7212/10/6
f 7212/10/6 7211/10/6 7213/10/6
f 7214/10/6 7215/10/6 7217/10/6
f 7217/10/6 7215/10/6 7218/10/6
f 7218/10/6 7215/10/6 7219/10/6
f 7216/6/6 7217/6/6 7220/6/6
f 7217/6/6 7218/6/6 7220/6/6
f 7220/6/6 7218/6/6 7221/6/6
f 7222/2/6 7223/2/6 7224/2/6
f 7224/2/6 7223/2/6 7225/2/6
f 7226/2/6 7227/2/6 7228/2/6
f 7228/2/6 7227/2/6 7229/2/6
f 7230/1/6 7231/1/6 7232/1/6
f 7232/1/6 7233/1/6 7234/1/6
f 7230/1/6 7232/1/6 7236/1/6
f 7234/1/6 7235/1/6 7236/1/6
f 7232/1/6 7234/1/6 7236/1/6
f 7236/1/6 7235/1/6 7237/1/6
f 7237/1/6 7235/1/6 7238/1/6
f 7238/1/6 7235/1/6 7239/1/6
f 7237/1/6 7238/1/6 7240/1/6
f 7240/1/6 7238/1/6 7241/1/6
f 7242/10/6 7243/10/6 7246/10/6
f 7246/10/6 7243/10/6 7247/10/6
f 7247/10/6 7243/10/6 7248/10/6
f 7244/6/6 7245/6/6 7251/6/6
f 7251/6/6 7245/6/6 7252/6/6
f 7246/6/6 7247/6/6 7253/6/6
f 7253/6/6 7247/6/6 7254/6/6
f 7249/9/6 7250/9/6 7255/9/6
f 7255/9/6 7250/9/6 7256/9/6
f 7251/6/6 7252/6/6 7259/6/6
f 7259/6/6 7252/6/6 7260/6/6
f 7257/9/6 7258/9/6 7261/9/6
f 7261/9/6 7258/9/6 7262/9/6
f 7263/8/6 7264/8/6 7268/8/6
f 7268/8/6 7264/8/6 7269/8/6
f 7265/8/6 7266/8/6 7270/8/6
f 7270/8/6 7266/8/6 7271/8/6
f 7267/2/6 7268/2/6 7272/2/6
f 7268/8/6 7269/8/6 7273/8/6
f 7272/2/6 7268/2/6 7273/2/6
f 7273/8/6 7269/8/6 7274/8/6
f 7275/9/6 7276/9/6 7281/9/6
f 7281/9/6 7276/9/6 7282/9/6
f 7277/9/6 7278/9/6 7283/9/6
f 7283/9/6 7278/9/6 7284/9/6
f 7279/9/6 7280/9/6 7286/9/6
f 7285/9/6 7286/9/6 7287/9/6
f 7286/9/6 7280/9/6 7288/9/6
f 7287/9/6 7286/9/6 7288/9/6
f 7289/9/6 7290/9/6 7291/9/6
f 7291/9/6 7290/9/6 7292/9/6
f 7293/8/6 7294/8/6 7295/8/6
f 7293/8/6 7295/8/6 7296/8/6
f 7296/8/6 7295/8/6 7297/8/6
f 7298/10/6 7299/10/6 7300/10/6
f 7300/10/6 7299/10/6 7301/10/6
f 7302/9/6 7303/9/6 7304/9/6
f 7304/9/6 7303/9/6 7305/9/6
f 7305/9/6 7303/9/6 7306/9/6
f 7306/9/6 7303/9/6 7307/9/6
f 7308/9/6 7309/9/6 7311/9/6
f 7310/9/6 7311/9/6 7313/9/6
f 7311/9/6 7309/9/6 7314/9/6
f 7313/9/6 7311/9/6 7314/9/6
f 7314/9/6 7309/9/6 7315/9/6
f 7312/9/6 7313/9/6 7317/9/6
f 7313/9/6 7314/9/6 7317/9/6
f 7317/9/6 7314/9/6 7318/9/6
f 7318/9/6 7314/9/6 7319/9/6
f 7316/9/6 7317/9/6 7320/9/6
f 7317/9/6 7318/9/6 7320/9/6
f 7320/9/6 7318/9/6 7321/9/6
f 7321/9/6 7318/9/6 7322/9/6
f 7323/8/6 7324/8/6 7325/8/6
f 7323/8/6 7325/8/6 7327/8/6
f 7325/8/6 7326/8/6 7327/8/6
f 7327/8/6 7326/8/6 7328/8/6
f 7329/8/6 7330/8/6 7331/8/6
f 7331/8/6 7330/8/6 7332/8/6
f 7333/1/6 7334/1/6 7337/1/6
f 7337/1/6 7334/1/6 7338/1/6
f 7335/1/6 7336/1/6 7340/1/6
f 7340/1/6 7336/1/6 7341/1/6
f 7338/1/6 7339/1/6 7342/1/6
f 7339/1/6 7340/1/6 7342/1/6
f 7342/1/6 7340/1/6 7343/1/6
f 7344/9/6 7345/9/6 7350/9/6
f 7350/9/6 7345/9/6 7351/9/6
f 7346/9/6 7347/9/6 7352/9/6
f 7352/9/6 7347/9/6 7353/9/6
f 7348/9/6 7349/9/6 7354/9/6
f 7354/9/6 7349/9/6 7355/9/6
f 7356/2/6 7357/2/6 7360/2/6
f 7360/2/6 7357/2/6 7361/2/6
f 7358/2/6 7359/2/6 7362/2/6
f 7362/2/6 7359/2/6 7363/2/6
f 7360/1/6 7361/1/6 7364/1/6
f 7364/1/6 7361/1/6 7365/1/6
f 7366/10/6 7367/10/6 7368/10/6
f 7368/10/6 7367/10/6 7369/10/6
f 7370/2/6 7371/2/6 7372/2/6
f 7370/2/6 7372/2/6 7373/2/6
f 7370/2/6 7373/2/6 7374/2/6
f 7374/2/6 7373/2/6 7375/2/6
f 7376/6/6 7377/6/6 7384/6/6
f 7384/6/6 7377/6/6 7385/6/6
f 7378/9/6 7379/9/6 7386/9/6
f 7386/9/6 7379/9/6 7387/9/6
f 7380/6/6 7381/6/6 7388/6/6
f 7388/6/6 7381/6/6 7389/6/6
f 7382/6/6 7383/6/6 7390/6/6
f 7390/6/6 7383/6/6 7391/6/6
f 7392/9/6 7393/9/6 7396/9/6
f 7396/9/6 7393/9/6 7397/9/6
f 7394/9/6 7395/9/6 7398/9/6
f 7398/9/6 7395/9/6 7399/9/6
f 7400/7/6 7401/7/6 7402/7/6
f 7402/7/6 7401/7/6 7403/7/6
f 7404/8/6 7405/8/6 7408/8/6
f 7408/8/6 7405/8/6 7409/8/6
f 7406/2/6 7407/2/6 7410/2/6
f 7407/8/6 7408/8/6 7410/8/6
f 7410/8/6 7408/8/6 7411/8/6
f 7406/2/6 7410/2/6 7412/2/6
f 7412/2/6 7410/2/6 7413/2/6
f 7414/10/6 7415/10/6 7418/10/6
f 7418/10/6 7415/10/6 7419/10/6
f 7416/10/6 7417/10/6 7420/10/6
f 7420/10/6 7417/10/6 7421/10/6
f 7420/10/6 7421/10/6 7426/10/6
f 7426/10/6 7421/10/6 7427/10/6
f 7422/3/6 7423/3/6 7428/3/6
f 7428/3/6 7423/3/6 7429/3/6
f 7424/3/6 7425/3/6 7430/3/6
f 7430/3/6 7425/3/6 7431/3/6
f 7431/3/6 7432/3/6 7433/3/6
f 7433/3/6 7432/3/6 7434/3/6
f 7435/9/6 7436/9/6 7437/9/6
f 7437/9/6 7436/9/6 7438/9/6
f 7439/8/6 7440/8/6 7442/8/6
f 7440/8/6 7441/8/6 7442/8/6
f 7439/8/6 7442/8/6 7443/8/6
f 7443/8/6 7442/8/6 7444/8/6
f 7445/10/6 7446/10/6 7447/10/6
f 7447/10/6 7446/10/6 7448/10/6
f 7449/4/6 7450/4/6 7453/4/6
f 7453/4/6 7450/4/6 7454/4/6
f 7451/7/6 7452/7/6 7455/7/6
f 7455/7/6 7452/7/6 7456/7/6
f 7457/8/6 7458/8/6 7459/8/6
f 7459/8/6 7458/8/6 7460/8/6
f 7461/1/6 7462/1/6 7465/1/6
f 7465/1/6 7462/1/6 7466/1/6
f 7463/1/6 7464/1/6 7468/1/6
f 7468/1/6 7464/1/6 7469/1/6
f 7466/1/6 7467/1/6 7470/1/6
f 7466/1/6 7470/1/6 7471/1/6
f 7466/1/6 7471/1/6 7472/1/6
f 7472/1/6 7471/1/6 7473/1/6
f 7474/10/6 7475/10/6 7476/10/6
f 7476/10/6 7475/10/6 7477/10/6
f 7478/6/6 7479/6/6 7480/6/6
f 7480/6/6 7479/6/6 7481/6/6
f 7482/6/6 7483/6/6 7492/6/6
f 7492/6/6 7483/6/6 7493/6/6
f 7484/6/6 7485/6/6 7494/6/6
f 7486/9/6 7487/9/6 7500/9/6
f 7487/10/6 7488/10/6 7501/10/6
f 7500/9/6 7487/9/6 7501/9/6
f 7501/10/6 7488/10/6 7502/10/6
f 7488/9/6 7489/9/6 7503/9/6
f 7502/10/6 7488/10/6 7503/10/6
f 7503/9/6 7489/9/6 7504/9/6
f 7490/8/6 7491/8/6 7507/8/6
f 7507/8/6 7491/8/6 7508/8/6
f 7484/6/6 7494/6/6 7511/6/6
f 7494/6/6 7495/6/6 7511/6/6
f 7511/6/6 7495/6/6 7512/6/6
f 7497/9/6 7498/9/6 7513/9/6
f 7513/9/6 7498/9/6 7514/9/6
f 7499/9/6 7500/9/6 7516/9/6
f 7516/9/6 7500/9/6 7517/9/6
f 7501/10/6 7502/10/6 7518/10/6
f 7502/9/6 7503/9/6 7519/9/6
f 7518/10/6 7502/10/6 7519/10/6
f 7519/9/6 7503/9/6 7520/9/6
f 7504/9/6 7505/9/6 7521/9/6
f 7521/9/6 7505/9/6 7522/9/6
f 7508/8/6 7509/8/6 7524/8/6
f 7507/8/6 7508/8/6 7524/8/6
f 7506/8/6 7507/8/6 7524/8/6
f 7524/8/6 7509/8/6 7525/8/6
f 7525/8/6 7509/8/6 7526/8/6
f 7512/6/6 7495/6/6 7527/6/6
f 7511/9/6 7512/9/6 7527/9/6
f 7510/9/6 7511/9/6 7527/9/6
f 7495/10/6 7496/10/6 7528/10/6
f 7527/6/6 7495/6/6 7528/6/6
f 7513/5/6 7514/5/6 7530/5/6
f 7514/10/6 7515/10/6 7531/10/6
f 7530/5/6 7514/5/6 7531/5/6
f 7531/10/6 7515/10/6 7532/10/6
f 7516/9/6 7517/9/6 7533/9/6
f 7517/9/6 7518/9/6 7533/9/6
f 7518/9/6 7519/9/6 7533/9/6
f 7533/9/6 7519/9/6 7534/9/6
f 7534/9/6 7519/9/6 7535/9/6
f 7519/7/6 7520/7/6 7536/7/6
f 7535/9/6 7519/9/6 7536/9/6
f 7522/9/6 7523/9/6 7537/9/6
f 7536/7/6 7520/7/6 7537/7/6
f 7521/9/6 7522/9/6 7537/9/6
f 7520/9/6 7521/9/6 7537/9/6
f 7537/9/6 7523/9/6 7538/9/6
f 7538/9/6 7523/9/6 7539/9/6
f 7525/8/6 7526/8/6 7541/8/6
f 7541/8/6 7526/8/6 7542/8/6
f 7542/8/6 7526/8/6 7543/8/6
f 7510/9/6 7527/9/6 7545/9/6
f 7527/9/6 7528/9/6 7545/9/6
f 7545/9/6 7528/9/6 7546/9/6
f 7528/10/6 7496/10/6 7547/10/6
f 7546/9/6 7528/9/6 7547/9/6
f 7547/10/6 7496/10/6 7548/10/6
f 7529/5/6 7530/5/6 7550/5/6
f 7531/5/6 7532/5/6 7550/5/6
f 7530/5/6 7531/5/6 7550/5/6
f 7550/5/6 7532/5/6 7551/5/6
f 7551/5/6 7532/5/6 7552/5/6
f 7533/10/6 7534/10/6 7553/10/6
f 7552/5/6 7532/5/6 7553/5/6
f 7532/10/6 7533/10/6 7553/10/6
f 7534/9/6 7535/9/6 7554/9/6
f 7553/10/6 7534/10/6 7554/10/6
f 7535/7/6 7536/7/6 7555/7/6
f 7554/9/6 7535/9/6 7555/9/6
f 7536/4/6 7537/4/6 7556/4/6
f 7555/7/6 7536/7/6 7556/7/6
f 7556/4/6 7537/4/6 7557/4/6
f 7539/9/6 7540/9/6 7559/9/6
f 7538/9/6 7539/9/6 7559/9/6
f 7543/8/6 7544/8/6 7561/8/6
f 7542/8/6 7543/8/6 7561/8/6
f 7561/8/6 7544/8/6 7562/8/6
f 7562/8/6 7544/8/6 7563/8/6
f 7545/8/6 7546/8/6 7568/8/6
f 7546/9/6 7547/9/6 7569/9/6
f 7568/8/6 7546/8/6 7569/8/6
f 7569/9/6 7547/9/6 7570/9/6
f 7553/5/6 7554/5/6 7571/5/6
f 7554/5/6 7555/5/6 7571/5/6
f 7571/5/6 7555/5/6 7572/5/6
f 7556/7/6 7557/7/6 7573/7/6
f 7572/5/6 7555/5/6 7573/5/6
f 7555/7/6 7556/7/6 7573/7/6
f 7573/7/6 7557/7/6 7574/7/6
f 7558/9/6 7559/9/6 7575/9/6
f 7559/9/6 7540/9/6 7576/9/6
f 7575/9/6 7559/9/6 7576/9/6
f 7576/9/6 7540/9/6 7577/9/6
f 7577/9/6 7540/9/6 7578/9/6
f 7560/9/6 7561/9/6 7579/9/6
f 7562/8/6 7563/8/6 7580/8/6
f 7580/8/6 7563/8/6 7581/8/6
f 7564/9/6 7565/9/6 7583/9/6
f 7566/9/6 7567/9/6 7584/9/6
f 7567/8/6 7568/8/6 7585/8/6
f 7584/9/6 7567/9/6 7585/9/6
f 7569/8/6 7570/8/6 7585/8/6
f 7568/8/6 7569/8/6 7585/8/6
f 7585/8/6 7570/8/6 7586/8/6
f 7586/8/6 7570/8/6 7587/8/6
f 7570/9/6 7547/9/6 7588/9/6
f 7587/8/6 7570/8/6 7588/8/6
f 7588/9/6 7547/9/6 7589/9/6
f 7550/5/6 7551/5/6 7590/5/6
f 7549/5/6 7550/5/6 7590/5/6
f 7590/5/6 7551/5/6 7591/5/6
f 7591/5/6 7551/5/6 7592/5/6
f 7551/9/6 7552/9/6 7593/9/6
f 7592/5/6 7551/5/6 7593/5/6
f 7593/9/6 7552/9/6 7594/9/6
f 7573/5/6 7574/5/6 7596/5/6
f 7572/5/6 7573/5/6 7596/5/6
f 7596/5/6 7574/5/6 7597/5/6
f 7597/5/6 7574/5/6 7598/5/6
f 7574/7/6 7575/7/6 7599/7/6
f 7575/9/6 7576/9/6 7599/9/6
f 7599/9/6 7576/9/6 7600/9/6
f 7560/9/6 7579/9/6 7604/9/6
f 7579/9/6 7580/9/6 7604/9/6
f 7604/9/6 7580/9/6 7605/9/6
f 7582/9/6 7583/9/6 7606/9/6
f 7583/9/6 7565/9/6 7607/9/6
f 7606/9/6 7583/9/6 7607/9/6
f 7585/8/6 7586/8/6 7608/8/6
f 7584/8/6 7585/8/6 7608/8/6
f 7608/8/6 7586/8/6 7609/8/6
f 7609/8/6 7586/8/6 7610/8/6
f 7588/8/6 7589/8/6 7611/8/6
f 7587/8/6 7588/8/6 7611/8/6
f 7611/8/6 7589/8/6 7612/8/6
f 7612/8/6 7589/8/6 7613/8/6
f 7591/5/6 7592/5/6 7615/5/6
f 7594/9/6 7595/9/6 7616/9/6
f 7615/5/6 7592/5/6 7616/5/6
f 7593/9/6 7594/9/6 7616/9/6
f 7592/9/6 7593/9/6 7616/9/6
f 7597/9/6 7598/9/6 7618/9/6
f 7598/5/6 7574/5/6 7619/5/6
f 7618/9/6 7598/9/6 7619/9/6
f 7574/7/6 7599/7/6 7620/7/6
f 7619/5/6 7574/5/6 7620/5/6
f 7599/5/6 7600/5/6 7621/5/6
f 7620/7/6 7599/7/6 7621/7/6
f 7621/5/6 7600/5/6 7622/5/6
f 7601/9/6 7602/9/6 7623/9/6
f 7623/9/6 7602/9/6 7624/9/6
f 7605/9/6 7606/9/6 7625/9/6
f 7604/9/6 7605/9/6 7625/9/6
f 7606/9/6 7607/9/6 7625/9/6
f 7603/9/6 7604/9/6 7625/9/6
f 7625/9/6 7607/9/6 7626/9/6
f 7626/9/6 7607/9/6 7627/9/6
f 7608/8/6 7609/8/6 7628/8/6
f 7627/9/6 7607/9/6 7628/9/6
f 7607/8/6 7608/8/6 7628/8/6
f 7615/9/6 7616/9/6 7629/9/6
f 7616/9/6 7595/9/6 7630/9/6
f 7629/9/6 7616/9/6 7630/9/6
f 7630/9/6 7595/9/6 7631/9/6
f 7631/9/6 7595/9/6 7632/9/6
f 7617/9/6 7618/9/6 7633/9/6
f 7620/9/6 7621/9/6 7633/9/6
f 7619/9/6 7620/9/6 7633/9/6
f 7618/9/6 7619/9/6 7633/9/6
f 7633/9/6 7621/9/6 7634/9/6
f 7634/9/6 7621/9/6 7635/9/6
f 7635/9/6 7621/9/6 7636/9/6
f 7623/9/6 7624/9/6 7637/9/6
f 7625/9/6 7626/9/6 7637/9/6
f 7624/9/6 7625/9/6 7637/9/6
f 7637/9/6 7626/9/6 7638/9/6
f 7638/9/6 7626/9/6 7639/9/6
f 7627/8/6 7628/8/6 7640/8/6
f 7640/8/6 7628/8/6 7641/8/6
f 7641/8/6 7628/8/6 7642/8/6
f 7628/8/6 7609/8/6 7643/8/6
f 7642/8/6 7628/8/6 7643/8/6
f 7643/8/6 7609/8/6 7644/8/6
f 7644/8/6 7609/8/6 7645/8/6
f 7612/8/6 7613/8/6 7647/8/6
f 7613/8/6 7614/8/6 7647/8/6
f 7630/9/6 7631/9/6 7648/9/6
f 7631/8/6 7632/8/6 7649/8/6
f 7648/9/6 7631/9/6 7649/9/6
f 7634/9/6 7635/9/6 7650/9/6
f 7633/8/6 7634/8/6 7650/8/6
f 7650/9/6 7635/9/6 7651/9/6
f 7637/8/6 7638/8/6 7653/8/6
f 7653/8/6 7638/8/6 7654/8/6
f 7641/8/6 7642/8/6 7656/8/6
f 7656/8/6 7642/8/6 7657/8/6
f 7643/8/6 7644/8/6 7659/8/6
f 7659/8/6 7644/8/6 7660/8/6
f 7646/8/6 7647/8/6 7661/8/6
f 7647/8/6 7614/8/6 7661/8/6
f 7661/8/6 7614/8/6 7662/8/6
f 7651/8/6 7652/8/6 7663/8/6
f 7633/8/6 7650/8/6 7663/8/6
f 7650/8/6 7651/8/6 7663/8/6
f 7663/8/6 7652/8/6 7664/8/6
f 7654/8/6 7655/8/6 7665/8/6
f 7653/8/6 7654/8/6 7665/8/6
f 7665/8/6 7655/8/6 7666/8/6
f 7646/8/6 7661/8/6 7667/8/6
f 7667/8/6 7661/8/6 7668/8/6
f 7648/8/6 7649/8/6 7669/8/6
f 7649/8/6 7632/8/6 7670/8/6
f 7669/8/6 7649/8/6 7670/8/6
f 7670/8/6 7632/8/6 7671/8/6
f 7658/8/6 7659/8/6 7677/8/6
f 7677/8/6 7659/8/6 7678/8/6
f 7667/2/6 7668/2/6 7680/2/6
f 7668/8/6 7661/8/6 7681/8/6
f 7681/8/6 7661/8/6 7682/8/6
f 7670/8/6 7671/8/6 7683/8/6
f 7671/8/6 7672/8/6 7683/8/6
f 7683/8/6 7672/8/6 7684/8/6
f 7664/8/6 7652/8/6 7685/8/6
f 7685/8/6 7652/8/6 7686/8/6
f 7673/8/6 7674/8/6 7688/8/6
f 7675/8/6 7676/8/6 7689/8/6
f 7676/8/6 7677/8/6 7689/8/6
f 7689/8/6 7677/8/6 7690/8/6
f 7679/2/6 7680/2/6 7691/2/6
f 7668/8/6 7681/8/6 7691/8/6
f 7680/2/6 7668/2/6 7691/2/6
f 7691/8/6 7681/8/6 7692/8/6
f 7670/8/6 7683/8/6 7694/8/6
f 7683/2/6 7684/2/6 7695/2/6
f 7694/8/6 7683/8/6 7695/8/6
f 7684/8/6 7672/8/6 7696/8/6
f 7695/2/6 7684/2/6 7696/2/6
f 7696/8/6 7672/8/6 7697/8/6
f 7664/8/6 7685/8/6 7698/8/6
f 7685/2/6 7686/2/6 7699/2/6
f 7698/8/6 7685/8/6 7699/8/6
f 7686/8/6 7652/8/6 7700/8/6
f 7699/2/6 7686/2/6 7700/2/6
f 7700/8/6 7652/8/6 7701/8/6
f 7687/8/6 7688/8/6 7703/8/6
f 7688/8/6 7674/8/6 7703/8/6
f 7703/8/6 7674/8/6 7704/8/6
f 7689/2/6 7690/2/6 7705/2/6
f 7690/8/6 7677/8/6 7706/8/6
f 7705/2/6 7690/2/6 7706/2/6
f 7706/8/6 7677/8/6 7707/8/6
f 7679/2/6 7691/2/6 7708/2/6
f 7691/2/6 7692/2/6 7708/2/6
f 7708/2/6 7692/2/6 7709/2/6
f 7693/8/6 7694/8/6 7710/8/6
f 7694/2/6 7695/2/6 7711/2/6
f 7710/8/6 7694/8/6 7711/8/6
f 7695/2/6 7696/2/6 7711/2/6
f 7701/2/6 7702/2/6 7712/2/6
f 7698/2/6 7699/2/6 7712/2/6
f 7700/2/6 7701/2/6 7712/2/6
f 7699/2/6 7700/2/6 7712/2/6
f 7712/2/6 7702/2/6 7713/2/6
f 7687/8/6 7703/8/6 7714/8/6
f 7714/8/6 7703/8/6 7715/8/6
f 7706/2/6 7707/2/6 7718/2/6
f 7718/2/6 7707/2/6 7719/2/6
f 7679/2/6 7708/2/6 7721/2/6
f 7721/2/6 7708/2/6 7722/2/6
f 7709/2/6 7692/2/6 7723/2/6
f 7723/2/6 7692/2/6 7724/2/6
f 7710/2/6 7711/2/6 7726/2/6
f 7711/2/6 7696/2/6 7727/2/6
f 7726/2/6 7711/2/6 7727/2/6
f 7727/2/6 7696/2/6 7728/2/6
f 7728/2/6 7696/2/6 7729/2/6
f 7713/2/6 7702/2/6 7730/2/6
f 7730/2/6 7702/2/6 7731/2/6
f 7706/2/6 7718/2/6 7732/2/6
f 7732/2/6 7718/2/6 7733/2/6
f 7720/2/6 7721/2/6 7734/2/6
f 7725/2/6 7726/2/6 7736/2/6
f 7726/2/6 7727/2/6 7736/2/6
f 7736/2/6 7727/2/6 7737/2/6
f 7731/2/6 7702/2/6 7739/2/6
f 7716/2/6 7717/2/6 7740/2/6
f 7740/2/6 7717/2/6 7741/2/6
f 7734/2/6 7735/2/6 7744/2/6
f 7720/2/6 7734/2/6 7744/2/6
f 7744/2/6 7735/2/6 7745/2/6
f 7745/2/6 7735/2/6 7746/2/6
f 7725/2/6 7736/2/6 7748/2/6
f 7738/2/6 7739/2/6 7750/2/6
f 7739/2/6 7702/2/6 7751/2/6
f 7750/2/6 7739/2/6 7751/2/6
f 7751/2/6 7702/2/6 7752/2/6
f 7746/2/6 7747/2/6 7755/2/6
f 7745/2/6 7746/2/6 7755/2/6
f 7755/2/6 7747/2/6 7756/2/6
f 7748/2/6 7749/2/6 7757/2/6
f 7725/2/6 7748/2/6 7757/2/6
f 7757/2/6 7749/2/6 7758/2/6
f 7758/2/6 7749/2/6 7759/2/6
f 7753/2/6 7754/2/6 7763/2/6
f 7763/2/6 7754/2/6 7764/2/6
f 7742/2/6 7743/2/6 7765/2/6
f 7765/2/6 7743/2/6 7766/2/6
f 7756/2/6 7747/2/6 7768/2/6
f 7768/2/6 7747/2/6 7769/2/6
f 7758/2/6 7759/2/6 7770/2/6
f 7759/2/6 7760/2/6 7770/2/6
f 7770/2/6 7760/2/6 7771/2/6
f 7765/2/6 7766/2/6 7772/2/6
f 7764/2/6 7765/2/6 7772/2/6
f 7772/2/6 7766/2/6 7773/2/6
f 7766/1/6 7767/1/6 7774/1/6
f 7773/2/6 7766/2/6 7774/2/6
f 7768/1/6 7769/1/6 7775/1/6
f 7775/1/6 7769/1/6 7776/1/6
f 7758/2/6 7770/2/6 7777/2/6
f 7770/1/6 7771/1/6 7778/1/6
f 7777/2/6 7770/2/6 7778/2/6
f 7778/1/6 7771/1/6 7779/1/6
f 7774/1/6 7767/1/6 7780/1/6
f 7773/1/6 7774/1/6 7780/1/6
f 7780/1/6 7767/1/6 7781/1/6
f 7777/1/6 7778/1/6 7782/1/6
f 7782/1/6 7778/1/6 7783/1/6
f 7761/2/6 7762/2/6 7784/2/6
f 7784/2/6 7762/2/6 7785/2/6
f 7773/1/6 7780/1/6 7788/1/6
f 7788/1/6 7780/1/6 7789/1/6
f 7785/2/6 7786/2/6 7790/2/6
f 7786/1/6 7787/1/6 7791/1/6
f 7790/2/6 7786/2/6 7791/2/6
f 7790/1/6 7791/1/6 7792/1/6
f 7791/1/6 7787/1/6 7792/1/6
f 7792/1/6 7787/1/6 7793/1/6
f 7790/1/6 7792/1/6 7794/1/6
f 7794/1/6 7792/1/6 7795/1/6
f 7796/10/6 7797/10/6 7802/10/6
f 7802/10/6 7797/10/6 7803/10/6
f 7798/10/6 7799/10/6 7806/10/6
f 7806/10/6 7799/10/6 7807/10/6
f 7800/10/6 7801/10/6 7808/10/6
f 7808/10/6 7801/10/6 7809/10/6
f 7804/6/6 7805/6/6 7816/6/6
f 7816/6/6 7805/6/6 7817/6/6
f 7809/10/6 7810/10/6 7822/10/6
f 7822/10/6 7810/10/6 7823/10/6
f 7811/10/6 7812/10/6 7826/10/6
f 7812/10/6 7813/10/6 7826/10/6
f 7826/10/6 7813/10/6 7827/10/6
f 7814/6/6 7815/6/6 7829/6/6
f 7829/6/6 7815/6/6 7830/6/6
f 7818/6/6 7819/6/6 7840/6/6
f 7840/6/6 7819/6/6 7841/6/6
f 7820/11/6 7821/11/6 7842/11/6
f 7821/10/6 7822/10/6 7843/10/6
f 7842/11/6 7821/11/6 7843/11/6
f 7843/10/6 7822/10/6 7844/10/6
f 7844/10/6 7822/10/6 7845/10/6
f 7823/10/6 7824/10/6 7846/10/6
f 7828/6/6 7829/6/6 7848/6/6
f 7829/10/6 7830/10/6 7849/10/6
f 7848/6/6 7829/6/6 7849/6/6
f 7849/10/6 7830/10/6 7850/10/6
f 7831/7/6 7832/7/6 7851/7/6
f 7851/7/6 7832/7/6 7852/7/6
f 7833/10/6 7834/10/6 7853/10/6
f 7834/10/6 7835/10/6 7853/10/6
f 7853/10/6 7835/10/6 7854/10/6
f 7836/10/6 7837/10/6 7855/10/6
f 7838/8/6 7839/8/6 7858/8/6
f 7839/7/6 7840/7/6 7859/7/6
f 7858/8/6 7839/8/6 7859/8/6
f 7859/7/6 7840/7/6 7860/7/6
f 7843/10/6 7844/10/6 7867/10/6
f 7845/10/6 7846/10/6 7868/10/6
f 7846/10/6 7824/10/6 7869/10/6
f 7868/10/6 7846/10/6 7869/10/6
f 7847/6/6 7848/6/6 7870/6/6
f 7870/6/6 7848/6/6 7871/6/6
f 7850/7/6 7851/7/6 7873/7/6
f 7873/7/6 7851/7/6 7874/7/6
f 7855/10/6 7837/10/6 7878/10/6
f 7878/10/6 7837/10/6 7879/10/6
f 7856/11/6 7857/11/6 7881/11/6
f 7857/3/6 7858/3/6 7882/3/6
f 7881/11/6 7857/11/6 7882/11/6
f 7882/3/6 7858/3/6 7883/3/6
f 7860/7/6 7861/7/6 7884/7/6
f 7884/7/6 7861/7/6 7885/7/6
f 7862/6/6 7863/6/6 7886/6/6
f 7886/6/6 7863/6/6 7887/6/6
f 7864/6/6 7865/6/6 7888/6/6
f 7888/6/6 7865/6/6 7889/6/6
f 7866/10/6 7867/10/6 7890/10/6
f 7867/10/6 7844/10/6 7891/10/6
f 7890/10/6 7867/10/6 7891/10/6
f 7891/10/6 7844/10/6 7892/10/6
f 7872/7/6 7873/7/6 7893/7/6
f 7893/7/6 7873/7/6 7894/7/6
f 7875/10/6 7876/10/6 7896/10/6
f 7896/10/6 7876/10/6 7897/10/6
f 7877/7/6 7878/7/6 7898/7/6
f 7898/7/6 7878/7/6 7899/7/6
f 7880/11/6 7881/11/6 7900/11/6
f 7881/11/6 7882/11/6 7900/11/6
f 7900/11/6 7882/11/6 7901/11/6
f 7901/11/6 7882/11/6 7902/11/6
f 7885/7/6 7886/7/6 7905/7/6
f 7905/7/6 7886/7/6 7906/7/6
f 7887/6/6 7888/6/6 7907/6/6
f 7888/10/6 7889/10/6 7908/10/6
f 7907/6/6 7888/6/6 7908/6/6
f 7890/10/6 7891/10/6 7908/10/6
f 7889/10/6 7890/10/6 7908/10/6
f 7825/10/6 7826/10/6 7909/10/6
f 7870/10/6 7871/10/6 7910/10/6
f 7910/10/6 7871/10/6 7911/10/6
f 7894/7/6 7895/7/6 7912/7/6
f 7912/7/6 7895/7/6 7913/7/6
f 7900/10/6 7901/10/6 7914/10/6
f 7901/11/6 7902/11/6 7915/11/6
f 7914/10/6 7901/10/6 7915/10/6
f 7902/11/6 7903/11/6 7915/11/6
f 7915/11/6 7903/11/6 7916/11/6
f 7916/11/6 7903/11/6 7917/11/6
f 7904/8/6 7905/8/6 7919/8/6
f 7919/8/6 7905/8/6 7920/8/6
f 7908/10/6 7891/10/6 7923/10/6
f 7923/10/6 7891/10/6 7924/10/6
f 7825/10/6 7909/10/6 7925/10/6
f 7909/10/6 7910/10/6 7925/10/6
f 7925/10/6 7910/10/6 7926/10/6
f 7917/10/6 7918/10/6 7927/10/6
f 7916/11/6 7917/11/6 7927/11/6
f 7927/10/6 7918/10/6 7928/10/6
f 7921/8/6 7922/8/6 7931/8/6
f 7922/10/6 7923/10/6 7932/10/6
f 7931/8/6 7922/8/6 7932/8/6
f 7932/10/6 7923/10/6 7933/10/6
f 7924/10/6 7891/10/6 7934/10/6
f 7934/10/6 7891/10/6 7935/10/6
f 7915/10/6 7916/10/6 7938/10/6
f 7916/11/6 7927/11/6 7939/11/6
f 7938/10/6 7916/10/6 7939/10/6
f 7928/10/6 7929/10/6 7940/10/6
f 7940/10/6 7929/10/6 7941/10/6
f 7930/8/6 7931/8/6 7942/8/6
f 7931/10/6 7932/10/6 7943/10/6
f 7942/8/6 7931/8/6 7943/8/6
f 7943/10/6 7932/10/6 7944/10/6
f 7933/11/6 7934/11/6 7945/11/6
f 7945/11/6 7934/11/6 7946/11/6
f 7937/10/6 7938/10/6 7947/10/6
f 7938/11/6 7939/11/6 7948/11/6
f 7947/10/6 7938/10/6 7948/10/6
f 7939/11/6 7927/11/6 7949/11/6
f 7948/11/6 7939/11/6 7949/11/6
f 7949/11/6 7927/11/6 7950/11/6
f 7942/10/6 7943/10/6 7951/10/6
f 7941/10/6 7942/10/6 7951/10/6
f 7951/10/6 7943/10/6 7952/10/6
f 7936/9/6 7937/9/6 7953/9/6
f 7937/10/6 7947/10/6 7953/10/6
f 7953/10/6 7947/10/6 7954/10/6
f 7948/11/6 7949/11/6 7955/11/6
f 7955/11/6 7949/11/6 7956/11/6
f 7953/9/6 7954/9/6 7958/9/6
f 7936/9/6 7953/9/6 7958/9/6
f 7957/9/6 7958/9/6 7961/9/6
f 7958/9/6 7954/9/6 7962/9/6
f 7961/9/6 7958/9/6 7962/9/6
f 7962/9/6 7954/9/6 7963/9/6
f 7959/8/6 7960/8/6 7965/8/6
f 7965/8/6 7960/8/6 7966/8/6
f 7966/8/6 7960/8/6 7967/8/6
f 7965/8/6 7966/8/6 7971/8/6
f 7964/8/6 7965/8/6 7971/8/6
f 7971/8/6 7966/8/6 7972/8/6
f 7969/8/6 7970/8/6 7973/8/6
f 7968/8/6 7969/8/6 7973/8/6
f 7973/8/6 7970/8/6 7974/8/6
f 7977/2/6 7978/2/6 7980/2/6
f 7975/2/6 7976/2/6 7985/2/6
f 7979/2/6 7980/2/6 7987/2/6
f 7980/2/6 7978/2/6 7988/2/6
f 7987/2/6 7980/2/6 7988/2/6
f 7981/2/6 7982/2/6 7990/2/6
f 7983/2/6 7984/2/6 7991/2/6
f 7991/2/6 7984/2/6 7992/2/6
f 7988/2/6 7978/2/6 7993/2/6
f 7993/2/6 7978/2/6 7994/2/6
f 7989/2/6 7990/2/6 7995/2/6
f 7990/2/6 7982/2/6 7996/2/6
f 7995/2/6 7990/2/6 7996/2/6
f 7983/2/6 7991/2/6 7997/2/6
f 7997/2/6 7991/2/6 7998/2/6
f 7985/2/6 7986/2/6 8000/2/6
f 7975/2/6 7985/2/6 8000/2/6
f 8000/2/6 7986/2/6 8001/2/6
f 7996/2/6 7982/2/6 8002/2/6
f 8002/2/6 7982/2/6 8003/2/6
f 7998/2/6 7999/2/6 8005/2/6
f 8001/2/6 7986/2/6 8006/2/6
f 8006/2/6 7986/2/6 8007/2/6
f 8004/2/6 8005/2/6 8008/2/6
f 8008/2/6 8005/2/6 8009/2/6
f 8005/2/6 7999/2/6 8010/2/6
f 8009/2/6 8005/2/6 8010/2/6
f 8011/10/6 8012/10/6 8019/10/6
f 8019/10/6 8012/10/6 8020/10/6
f 8020/10/6 8012/10/6 8021/10/6
f 8013/7/6 8014/7/6 8029/7/6
f 8014/10/6 8015/10/6 8030/10/6
f 8029/7/6 8014/7/6 8030/7/6
f 8030/10/6 8015/10/6 8031/10/6
f 8017/10/6 8018/10/6 8033/10/6
f 8016/10/6 8017/10/6 8033/10/6
f 8033/10/6 8018/10/6 8034/10/6
f 8020/6/6 8021/6/6 8037/6/6
f 8021/6/6 8022/6/6 8037/6/6
f 8037/6/6 8022/6/6 8038/6/6
f 8038/6/6 8022/6/6 8039/6/6
f 8023/10/6 8024/10/6 8040/10/6
f 8040/10/6 8024/10/6 8041/10/6
f 8025/10/6 8026/10/6 8042/10/6
f 8042/10/6 8026/10/6 8043/10/6
f 8027/10/6 8028/10/6 8044/10/6
f 8044/10/6 8028/10/6 8045/10/6
f 8029/3/6 8030/3/6 8050/3/6
f 8050/3/6 8030/3/6 8051/3/6
f 8031/10/6 8032/10/6 8052/10/6
f 8052/10/6 8032/10/6 8053/10/6
f 8034/10/6 8035/10/6 8056/10/6
f 8056/10/6 8035/10/6 8057/10/6
f 8036/10/6 8037/10/6 8058/10/6
f 8037/6/6 8038/6/6 8059/6/6
f 8058/10/6 8037/10/6 8059/10/6
f 8059/6/6 8038/6/6 8060/6/6
f 8040/10/6 8041/10/6 8062/10/6
f 8062/10/6 8041/10/6 8063/10/6
f 8042/10/6 8043/10/6 8064/10/6
f 8064/10/6 8043/10/6 8065/10/6
f 8045/3/6 8046/3/6 8066/3/6
f 8066/3/6 8046/3/6 8067/3/6
f 8047/7/6 8048/7/6 8069/7/6
f 8048/3/6 8049/3/6 8070/3/6
f 8069/7/6 8048/7/6 8070/7/6
f 8070/3/6 8049/3/6 8071/3/6
f 8054/7/6 8055/7/6 8074/7/6
f 8074/7/6 8055/7/6 8075/7/6
f 8060/6/6 8061/6/6 8076/6/6
f 8061/10/6 8062/10/6 8077/10/6
f 8076/6/6 8061/6/6 8077/6/6
f 8077/10/6 8062/10/6 8078/10/6
f 8068/10/6 8069/10/6 8080/10/6
f 8080/10/6 8069/10/6 8081/10/6
f 8072/10/6 8073/10/6 8082/10/6
f 8082/10/6 8073/10/6 8083/10/6
f 8036/10/6 8058/10/6 8084/10/6
f 8079/10/6 8080/10/6 8086/10/6
f 8086/10/6 8080/10/6 8087/10/6
f 8084/10/6 8085/10/6 8092/10/6
f 8036/10/6 8084/10/6 8092/10/6
f 8092/10/6 8085/10/6 8093/10/6
f 8088/3/6 8089/3/6 8094/3/6
f 8090/3/6 8091/3/6 8095/3/6
f 8095/3/6 8091/3/6 8096/3/6
f 8088/3/6 8094/3/6 8098/3/6
f 8098/3/6 8094/3/6 8099/3/6
f 8096/11/6 8097/11/6 8100/11/6
f 8100/11/6 8097/11/6 8101/11/6
f 8102/11/6 8103/11/6 8104/11/6
f 8104/11/6 8103/11/6 8105/11/6
f 8106/8/6 8107/8/6 8108/8/6
f 8108/8/6 8107/8/6 8109/8/6
f 8110/2/6 8111/2/6 8114/2/6
f 8114/2/6 8111/2/6 8115/2/6
f 8112/2/6 8113/2/6 8116/2/6
f 8116/2/6 8113/2/6 8117/2/6
f 8118/10/6 8119/10/6 8120/10/6
f 8120/10/6 8119/10/6 8121/10/6
f 8122/9/6 8123/9/6 8132/9/6
f 8132/9/6 8123/9/6 8133/9/6
f 8124/10/6 8125/10/6 8134/10/6
f 8134/10/6 8125/10/6 8135/10/6
f 8126/7/6 8127/7/6 8137/7/6
f 8137/7/6 8127/7/6 8138/7/6
f 8128/3/6 8129/3/6 8140/3/6
f 8140/3/6 8129/3/6 8141/3/6
f 8130/7/6 8131/7/6 8144/7/6
f 8144/7/6 8131/7/6 8145/7/6
f 8136/10/6 8137/10/6 8148/10/6
f 8138/10/6 8139/10/6 8149/10/6
f 8149/10/6 8139/10/6 8150/10/6
f 8142/3/6 8143/3/6 8151/3/6
f 8151/3/6 8143/3/6 8152/3/6
f 8143/7/6 8144/7/6 8153/7/6
f 8152/3/6 8143/3/6 8153/3/6
f 8153/7/6 8144/7/6 8154/7/6
f 8136/10/6 8148/10/6 8156/10/6
f 8148/10/6 8149/10/6 8156/10/6
f 8156/10/6 8149/10/6 8157/10/6
f 8152/3/6 8153/3/6 8158/3/6
f 8154/11/6 8155/11/6 8160/11/6
f 8160/11/6 8155/11/6 8161/11/6
f 8146/10/6 8147/10/6 8162/10/6
f 8162/10/6 8147/10/6 8163/10/6
f 8158/3/6 8159/3/6 8164/3/6
f 8152/3/6 8158/3/6 8164/3/6
f 8164/3/6 8159/3/6 8165/3/6
f 8165/3/6 8159/3/6 8166/3/6
f 8166/3/6 8159/3/6 8167/3/6
f 8168/8/6 8169/8/6 8170/8/6
f 8170/8/6 8169/8/6 8171/8/6
f 8171/8/6 8169/8/6 8172/8/6
f 8172/8/6 8169/8/6 8173/8/6
f 8174/1/6 8175/1/6 8177/1/6
f 8176/2/6 8177/2/6 8180/2/6
f 8177/1/6 8175/1/6 8181/1/6
f 8180/2/6 8177/2/6 8181/2/6
f 8181/1/6 8175/1/6 8182/1/6
f 8178/1/6 8179/1/6 8183/1/6
f 8183/1/6 8179/1/6 8184/1/6
f 8185/10/6 8186/10/6 8195/10/6
f 8195/10/6 8186/10/6 8196/10/6
f 8187/10/6 8188/10/6 8197/10/6
f 8197/10/6 8188/10/6 8198/10/6
f 8189/10/6 8190/10/6 8199/10/6
f 8199/10/6 8190/10/6 8200/10/6
f 8191/10/6 8192/10/6 8204/10/6
f 8204/10/6 8192/10/6 8205/10/6
f 8193/10/6 8194/10/6 8208/10/6
f 8208/10/6 8194/10/6 8209/10/6
f 8201/6/6 8202/6/6 8210/6/6
f 8210/6/6 8202/6/6 8211/6/6
f 8203/10/6 8204/10/6 8212/10/6
f 8212/10/6 8204/10/6 8213/10/6
f 8206/10/6 8207/10/6 8214/10/6
f 8214/10/6 8207/10/6 8215/10/6
f 8218/1/6 8219/1/6 8222/1/6
f 8222/1/6 8219/1/6 8223/1/6
f 8220/2/6 8221/2/6 8224/2/6
f 8224/2/6 8221/2/6 8225/2/6
f 8216/8/6 8217/8/6 8226/8/6
f 8226/8/6 8217/8/6 8227/8/6
f 8228/1/6 8229/1/6 8230/1/6
f 8230/1/6 8229/1/6 8231/1/6
f 8232/10/6 8233/10/6 8243/10/6
f 8243/10/6 8233/10/6 8244/10/6
f 8236/6/6 8237/6/6 8245/6/6
f 8245/6/6 8237/6/6 8246/6/6
f 8238/10/6 8239/10/6 8247/10/6
f 8239/3/6 8240/3/6 8248/3/6
f 8247/10/6 8239/10/6 8248/10/6
f 8248/3/6 8240/3/6 8249/3/6
f 8241/10/6 8242/10/6 8251/10/6
f 8251/10/6 8242/10/6 8252/10/6
f 8234/10/6 8235/10/6 8254/10/6
f 8254/10/6 8235/10/6 8255/10/6
f 8250/10/6 8251/10/6 8256/10/6
f 8256/10/6 8251/10/6 8257/10/6
f 8252/7/6 8253/7/6 8258/7/6
f 8258/7/6 8253/7/6 8259/7/6
f 8259/7/6 8253/7/6 8260/7/6
f 8258/10/6 8259/10/6 8261/10/6
f 8261/10/6 8259/10/6 8262/10/6
f 8263/2/6 8264/2/6 8267/2/6
f 8265/1/6 8266/1/6 8268/1/6
f 8268/1/6 8266/1/6 8269/1/6
f 8267/2/6 8264/2/6 8270/2/6
f 8270/2/6 8264/2/6 8271/2/6
f 8272/6/6 8273/6/6 8278/6/6
f 8278/6/6 8273/6/6 8279/6/6
f 8274/10/6 8275/10/6 8280/10/6
f 8280/10/6 8275/10/6 8281/10/6
f 8276/10/6 8277/10/6 8282/10/6
f 8282/10/6 8277/10/6 8283/10/6
f 8284/7/6 8285/7/6 8289/7/6
f 8289/7/6 8285/7/6 8290/7/6
f 8287/7/6 8288/7/6 8291/7/6
f 8286/7/6 8287/7/6 8291/7/6
f 8291/7/6 8288/7/6 8292/7/6
f 8293/1/6 8294/1/6 8296/1/6
f 8296/1/6 8294/1/6 8297/1/6
f 8295/1/6 8296/1/6 8299/1/6
f 8297/1/6 8298/1/6 8299/1/6
f 8296/1/6 8297/1/6 8299/1/6
f 8299/1/6 8298/1/6 8300/1/6
f 8301/1/6 8302/1/6 8304/1/6
f 8302/2/6 8303/2/6 8305/2/6
f 8304/1/6 8302/1/6 8305/1/6
f 8305/2/6 8303/2/6 8306/2/6
f 8307/1/6 8308/1/6 8309/1/6
f 8309/1/6 8308/1/6 8310/1/6
f 8311/10/6 8312/10/6 8319/10/6
f 8319/10/6 8312/10/6 8320/10/6
f 8313/10/6 8314/10/6 8322/10/6
f 8322/10/6 8314/10/6 8323/10/6
f 8317/10/6 8318/10/6 8327/10/6
f 8327/10/6 8318/10/6 8328/10/6
f 8323/10/6 8324/10/6 8329/10/6
f 8321/10/6 8322/10/6 8329/10/6
f 8322/10/6 8323/10/6 8329/10/6
f 8329/10/6 8324/10/6 8330/10/6
f 8325/7/6 8326/7/6 8331/7/6
f 8331/7/6 8326/7/6 8332/7/6
f 8315/10/6 8316/10/6 8333/10/6
f 8333/10/6 8316/10/6 8334/10/6
f 8325/7/6 8331/7/6 8335/7/6
f 8335/7/6 8331/7/6 8336/7/6
f 8337/8/6 8338/8/6 8339/8/6
f 8339/8/6 8338/8/6 8340/8/6
f 8341/2/6 8342/2/6 8344/2/6
f 8342/2/6 8343/2/6 8344/2/6
f 8344/2/6 8343/2/6 8345/2/6
f 8346/1/6 8347/1/6 8350/1/6
f 8348/1/6 8349/1/6 8351/1/6
f 8351/1/6 8349/1/6 8352/1/6
f 8350/1/6 8347/1/6 8353/1/6
f 8353/1/6 8347/1/6 8354/1/6
f 8352/1/6 8353/1/6 8355/1/6
f 8355/1/6 8353/1/6 8356/1/6
f 8357/10/6 8358/10/6 8363/10/6
f 8363/10/6 8358/10/6 8364/10/6
f 8359/10/6 8360/10/6 8365/10/6
f 8365/10/6 8360/10/6 8366/10/6
f 8361/10/6 8362/10/6 8367/10/6
f 8367/10/6 8362/10/6 8368/10/6
f 8368/10/6 8369/10/6 8374/10/6
f 8374/10/6 8369/10/6 8375/10/6
f 8370/10/6 8371/10/6 8376/10/6
f 8376/10/6 8371/10/6 8377/10/6
f 8372/10/6 8373/10/6 8378/10/6
f 8378/10/6 8373/10/6 8379/10/6
f 8380/8/6 8381/8/6 8382/8/6
f 8380/8/6 8382/8/6 8385/8/6
f 8382/8/6 8383/8/6 8385/8/6
f 8385/8/6 8383/8/6 8386/8/6
f 8386/8/6 8383/8/6 8387/8/6
f 8387/8/6 8383/8/6 8388/8/6
f 8384/2/6 8385/2/6 8389/2/6
f 8385/2/6 8386/2/6 8389/2/6
f 8386/8/6 8387/8/6 8390/8/6
f 8389/2/6 8386/2/6 8390/2/6
f 8390/8/6 8387/8/6 8391/8/6
f 8392/1/6 8393/1/6 8394/1/6
f 8394/1/6 8393/1/6 8395/1/6
f 8396/10/6 8397/10/6 8404/10/6
f 8404/10/6 8397/10/6 8405/10/6
f 8398/10/6 8399/10/6 8407/10/6
f 8407/10/6 8399/10/6 8408/10/6
f 8400/10/6 8401/10/6 8409/10/6
f 8409/10/6 8401/10/6 8410/10/6
f 8402/10/6 8403/10/6 8411/10/6
f 8411/10/6 8403/10/6 8412/10/6
f 8405/9/6 8406/9/6 8413/9/6
f 8413/9/6 8406/9/6 8414/9/6
f 8415/8/6 8416/8/6 8418/8/6
f 8416/8/6 8417/8/6 8418/8/6
f 8415/8/6 8418/8/6 8419/8/6
f 8419/8/6 8418/8/6 8420/8/6
f 8421/10/6 8422/10/6 8425/10/6
f 8425/10/6 8422/10/6 8426/10/6
f 8423/9/6 8424/9/6 8427/9/6
f 8427/9/6 8424/9/6 8428/9/6
f 8429/8/6 8430/8/6 8433/8/6
f 8433/8/6 8430/8/6 8434/8/6
f 8431/9/6 8432/9/6 8436/9/6
f 8436/9/6 8432/9/6 8437/9/6
f 8434/8/6 8435/8/6 8438/8/6
f 8438/8/6 8435/8/6 8439/8/6
f 8439/8/6 8440/8/6 8441/8/6
f 8441/8/6 8440/8/6 8442/8/6
f 8443/9/6 8444/9/6 8445/9/6
f 8445/9/6 8444/9/6 8446/9/6
f 8447/9/6 8448/9/6 8449/9/6
f 8449/9/6 8448/9/6 8450/9/6
f 8450/9/6 8451/9/6 8454/9/6
f 8454/9/6 8451/9/6 8455/9/6
f 8452/9/6 8453/9/6 8456/9/6
f 8456/9/6 8453/9/6 8457/9/6
f 8458/8/6 8459/8/6 8460/8/6
f 8460/8/6 8459/8/6 8461/8/6
f 8461/8/6 8462/8/6 8463/8/6
f 8463/8/6 8462/8/6 8464/8/6
f 8464/8/6 8465/8/6 8466/8/6
f 8466/8/6 8465/8/6 8467/8/6
f 8468/1/6 8469/1/6 8472/1/6
f 8472/1/6 8469/1/6 8473/1/6
f 8470/1/6 8471/1/6 8475/1/6
f 8475/1/6 8471/1/6 8476/1/6
f 8474/1/6 8475/1/6 8477/1/6
f 8477/1/6 8475/1/6 8478/1/6
f 8479/9/6 8480/9/6 8482/9/6
f 8482/9/6 8480/9/6 8483/9/6
f 8481/9/6 8482/9/6 8483/9/6
f 8481/9/6 8483/9/6 8485/9/6
f 8483/9/6 8484/9/6 8485/9/6
f 8485/9/6 8484/9/6 8486/9/6
f 8486/9/6 8484/9/6 8487/9/6
f 8487/9/6 8488/9/6 8489/9/6
f 8486/9/6 8487/9/6 8489/9/6
f 8489/9/6 8488/9/6 8490/9/6
f 8490/9/6 8488/9/6 8491/9/6
f 8491/9/6 8488/9/6 8492/9/6
f 8491/8/6 8492/8/6 8494/8/6
f 8492/8/6 8493/8/6 8494/8/6
f 8494/8/6 8493/8/6 8495/8/6
f 8495/8/6 8496/8/6 8497/8/6
f 8497/8/6 8496/8/6 8498/8/6
f 8498/8/6 8499/8/6 8501/8/6
f 8501/8/6 8499/8/6 8502/8/6
f 8499/2/6 8500/2/6 8503/2/6
f 8502/8/6 8499/8/6 8503/8/6
f 8503/2/6 8500/2/6 8504/2/6
f 8504/2/6 8505/2/6 8506/2/6
f 8503/2/6 8504/2/6 8506/2/6
f 8502/2/6 8503/2/6 8506/2/6
f 8506/2/6 8505/2/6 8507/2/6
f 8507/2/6 8505/2/6 8508/2/6
f 8508/2/6 8505/2/6 8509/2/6
f 8507/2/6 8508/2/6 8510/2/6
f 8510/2/6 8508/2/6 8511/2/6
f 8511/1/6 8512/1/6 8513/1/6
f 8513/1/6 8512/1/6 8514/1/6
f 8515/10/6 8516/10/6 8517/10/6
f 8517/10/6 8516/10/6 8518/10/6
f 8519/5/6 8520/5/6 8521/5/6
f 8521/5/6 8520/5/6 8522/5/6
f 8522/5/6 8523/5/6 8526/5/6
f 8524/5/6 8525/5/6 8527/5/6
f 8522/5/6 8526/5/6 8528/5/6
f 8526/5/6 8527/5/6 8528/5/6
f 8527/5/6 8525/5/6 8529/5/6
f 8528/5/6 8527/5/6 8529/5/6
f 8530/1/6 8531/1/6 8532/1/6
f 8532/1/6 8531/1/6 8533/1/6
f 8534/9/6 8535/9/6 8537/9/6
f 8535/10/6 8536/10/6 8537/10/6
f 8537/10/6 8536/10/6 8538/10/6
f 8534/9/6 8537/9/6 8541/9/6
f 8537/9/6 8538/9/6 8541/9/6
f 8541/9/6 8538/9/6 8542/9/6
f 8539/9/6 8540/9/6 8543/9/6
f 8543/9/6 8540/9/6 8544/9/6
f 8545/5/6 8546/5/6 8547/5/6
f 8547/5/6 8546/5/6 8548/5/6
f 8548/5/6 8549/5/6 8550/5/6
f 8550/5/6 8549/5/6 8551/5/6
f 8552/10/6 8553/10/6 8556/10/6
f 8556/10/6 8553/10/6 8557/10/6
f 8554/10/6 8555/10/6 8560/10/6
f 8560/10/6 8555/10/6 8561/10/6
f 8558/10/6 8559/10/6 8562/10/6
f 8562/10/6 8559/10/6 8563/10/6
f 8562/9/6 8563/9/6 8564/9/6
f 8562/9/6 8564/9/6 8566/9/6
f 8564/9/6 8565/9/6 8566/9/6
f 8566/9/6 8565/9/6 8567/9/6
f 8568/5/6 8569/5/6 8570/5/6
f 8570/5/6 8569/5/6 8571/5/6
f 8572/10/6 8573/10/6 8576/10/6
f 8576/10/6 8573/10/6 8577/10/6
f 8574/10/6 8575/10/6 8580/10/6
f 8580/10/6 8575/10/6 8581/10/6
f 8578/10/6 8579/10/6 8582/10/6
f 8579/9/6 8580/9/6 8583/9/6
f 8582/10/6 8579/10/6 8583/10/6
f 8583/9/6 8580/9/6 8584/9/6
f 8582/9/6 8583/9/6 8585/9/6
f 8585/9/6 8583/9/6 8586/9/6
f 8586/9/6 8583/9/6 8587/9/6
f 8586/9/6 8587/9/6 8589/9/6
f 8587/5/6 8588/5/6 8590/5/6
f 8589/9/6 8587/9/6 8590/9/6
f 8590/5/6 8588/5/6 8591/5/6
f 8591/5/6 8588/5/6 8592/5/6
f 8593/10/6 8594/10/6 8595/10/6
f 8595/10/6 8594/10/6 8596/10/6
